[2026-03-02 15:37:06,642] torch.distributed.run: [WARNING] 
[2026-03-02 15:37:06,642] torch.distributed.run: [WARNING] *****************************************
[2026-03-02 15:37:06,642] torch.distributed.run: [WARNING] Setting OMP_NUM_THREADS environment variable for each process to be 1 in default, to avoid your system being overloaded, please further tune the variable for optimal performance in your application as needed. 
[2026-03-02 15:37:06,642] torch.distributed.run: [WARNING] *****************************************
/ceph/sagnihot/miniconda3/envs/internimage/lib/python3.9/site-packages/torch/utils/cpp_extension.py:28: UserWarning: pkg_resources is deprecated as an API. See https://setuptools.pypa.io/en/latest/pkg_resources.html. The pkg_resources package is slated for removal as early as 2025-11-30. Refrain from using this package or pin to Setuptools<81.
  from pkg_resources import packaging  # type: ignore[attr-defined]
/ceph/sagnihot/miniconda3/envs/internimage/lib/python3.9/site-packages/torch/utils/cpp_extension.py:28: UserWarning: pkg_resources is deprecated as an API. See https://setuptools.pypa.io/en/latest/pkg_resources.html. The pkg_resources package is slated for removal as early as 2025-11-30. Refrain from using this package or pin to Setuptools<81.
  from pkg_resources import packaging  # type: ignore[attr-defined]
/ceph/sagnihot/projects/InternImage/segmentation/ops_dcnv3/modules/dcnv3.py:21: UserWarning: Now, we support DCNv4 in InternImage.
  warnings.warn('Now, we support DCNv4 in InternImage.')
/ceph/sagnihot/projects/InternImage/segmentation/ops_dcnv3/modules/dcnv3.py:21: UserWarning: Now, we support DCNv4 in InternImage.
  warnings.warn('Now, we support DCNv4 in InternImage.')
2026-03-02 15:37:13,996 - mmseg - INFO - Multi-processing start method is `None`
2026-03-02 15:37:13,997 - mmseg - INFO - OpenCV num_threads is `32
2026-03-02 15:37:13,997 - mmseg - INFO - OMP num threads is 1
2026-03-02 15:37:14,053 - mmseg - INFO - Environment info:
------------------------------------------------------------
sys.platform: linux
Python: 3.9.25 (main, Nov  3 2025, 22:33:05) [GCC 11.2.0]
CUDA available: True
GPU 0,1: NVIDIA H100 NVL
CUDA_HOME: /usr/local/cuda
NVCC: Cuda compilation tools, release 12.9, V12.9.86
GCC: x86_64-conda-linux-gnu-gcc (GCC) 15.2.0
PyTorch: 2.1.2+cu121
PyTorch compiling details: PyTorch built with:
  - GCC 9.3
  - C++ Version: 201703
  - Intel(R) oneAPI Math Kernel Library Version 2022.2-Product Build 20220804 for Intel(R) 64 architecture applications
  - Intel(R) MKL-DNN v3.1.1 (Git Hash 64f6bcbcbab628e96f33a62c3e975f8535a7bde4)
  - OpenMP 201511 (a.k.a. OpenMP 4.5)
  - LAPACK is enabled (usually provided by MKL)
  - NNPACK is enabled
  - CPU capability usage: AVX512
  - CUDA Runtime 12.1
  - NVCC architecture flags: -gencode;arch=compute_50,code=sm_50;-gencode;arch=compute_60,code=sm_60;-gencode;arch=compute_70,code=sm_70;-gencode;arch=compute_75,code=sm_75;-gencode;arch=compute_80,code=sm_80;-gencode;arch=compute_86,code=sm_86;-gencode;arch=compute_90,code=sm_90
  - CuDNN 8.9.2
  - Magma 2.6.1
  - Build settings: BLAS_INFO=mkl, BUILD_TYPE=Release, CUDA_VERSION=12.1, CUDNN_VERSION=8.9.2, CXX_COMPILER=/opt/rh/devtoolset-9/root/usr/bin/c++, CXX_FLAGS= -D_GLIBCXX_USE_CXX11_ABI=0 -fabi-version=11 -fvisibility-inlines-hidden -DUSE_PTHREADPOOL -DNDEBUG -DUSE_KINETO -DLIBKINETO_NOROCTRACER -DUSE_FBGEMM -DUSE_QNNPACK -DUSE_PYTORCH_QNNPACK -DUSE_XNNPACK -DSYMBOLICATE_MOBILE_DEBUG_HANDLE -O2 -fPIC -Wall -Wextra -Werror=return-type -Werror=non-virtual-dtor -Werror=bool-operation -Wnarrowing -Wno-missing-field-initializers -Wno-type-limits -Wno-array-bounds -Wno-unknown-pragmas -Wno-unused-parameter -Wno-unused-function -Wno-unused-result -Wno-strict-overflow -Wno-strict-aliasing -Wno-stringop-overflow -Wno-psabi -Wno-error=pedantic -Wno-error=old-style-cast -Wno-invalid-partial-specialization -Wno-unused-private-field -Wno-aligned-allocation-unavailable -Wno-missing-braces -fdiagnostics-color=always -faligned-new -Wno-unused-but-set-variable -Wno-maybe-uninitialized -fno-math-errno -fno-trapping-math -Werror=format -Werror=cast-function-type -Wno-stringop-overflow, LAPACK_INFO=mkl, PERF_WITH_AVX=1, PERF_WITH_AVX2=1, PERF_WITH_AVX512=1, TORCH_DISABLE_GPU_ASSERTS=ON, TORCH_VERSION=2.1.2, USE_CUDA=ON, USE_CUDNN=ON, USE_EXCEPTION_PTR=1, USE_GFLAGS=OFF, USE_GLOG=OFF, USE_MKL=ON, USE_MKLDNN=ON, USE_MPI=OFF, USE_NCCL=1, USE_NNPACK=ON, USE_OPENMP=ON, USE_ROCM=OFF, 

TorchVision: 0.16.2+cu121
OpenCV: 4.13.0
MMCV: 1.6.2
MMCV Compiler: GCC 11.5
MMCV CUDA Compiler: 12.9
MMSegmentation: 0.27.0+31c962d
------------------------------------------------------------

2026-03-02 15:37:14,054 - mmseg - INFO - Distributed training: True
2026-03-02 15:37:14,055 - mmseg - INFO - Config:
/ceph/sagnihot/projects/InternImage/segmentation/configs/_base_/models/mask2former_beit.py
# model_cfg
num_things_classes = 100
num_stuff_classes = 50
num_classes = num_things_classes + num_stuff_classes
norm_cfg = dict(type='SyncBN', requires_grad=True)
model = dict(
    type='EncoderDecoderMask2Former',
    pretrained=None,
    backbone=dict(
        type='XCiT',
        patch_size=16,
        embed_dim=384,
        depth=12,
        num_heads=8,
        mlp_ratio=4,
        qkv_bias=True,
        use_abs_pos_emb=True,
        use_rel_pos_bias=False,
    ),
    decode_head=dict(
        type='Mask2FormerHead',
        in_channels=[256, 512, 1024, 2048],  # pass to pixel_decoder inside
        # strides=[4, 8, 16, 32],
        feat_channels=256,
        out_channels=256,
        in_index=[0, 1, 2, 3],
        num_things_classes=num_things_classes,
        num_stuff_classes=num_stuff_classes,
        num_queries=100,
        num_transformer_feat_level=3,
        pixel_decoder=dict(
            type='MSDeformAttnPixelDecoder',
            num_outs=3,
            norm_cfg=dict(type='GN', num_groups=32),
            act_cfg=dict(type='ReLU'),
            encoder=dict(
                type='DetrTransformerEncoder',
                num_layers=6,
                transformerlayers=dict(
                    type='BaseTransformerLayer',
                    attn_cfgs=dict(
                        type='MultiScaleDeformableAttention',
                        embed_dims=256,
                        num_heads=8,
                        num_levels=3,
                        num_points=4,
                        im2col_step=64,
                        dropout=0.0,
                        batch_first=False,
                        norm_cfg=None,
                        init_cfg=None),
                    ffn_cfgs=dict(
                        type='FFN',
                        embed_dims=256,
                        feedforward_channels=1024,
                        num_fcs=2,
                        ffn_drop=0.0,
                        act_cfg=dict(type='ReLU', inplace=True)),
                    operation_order=('self_attn', 'norm', 'ffn', 'norm')),
                init_cfg=None),
            positional_encoding=dict(
                type='SinePositionalEncoding', num_feats=128, normalize=True),
            init_cfg=None),
        enforce_decoder_input_project=False,
        positional_encoding=dict(
            type='SinePositionalEncoding', num_feats=128, normalize=True),
        transformer_decoder=dict(
            type='DetrTransformerDecoder',
            return_intermediate=True,
            num_layers=9,
            transformerlayers=dict(
                type='DetrTransformerDecoderLayer',
                attn_cfgs=dict(
                    type='MultiheadAttention',
                    embed_dims=256,
                    num_heads=8,
                    attn_drop=0.0,
                    proj_drop=0.0,
                    dropout_layer=None,
                    batch_first=False),
                ffn_cfgs=dict(
                    embed_dims=256,
                    feedforward_channels=2048,
                    num_fcs=2,
                    act_cfg=dict(type='ReLU', inplace=True),
                    ffn_drop=0.0,
                    dropout_layer=None,
                    add_identity=True),
                feedforward_channels=2048,
                operation_order=('cross_attn', 'norm', 'self_attn', 'norm',
                                 'ffn', 'norm')),
            init_cfg=None),
        loss_cls=dict(
            type='CrossEntropyLoss',
            use_sigmoid=False,
            loss_weight=2.0,
            reduction='mean',
            class_weight=[1.0] * num_classes + [0.1]),
        loss_mask=dict(
            type='CrossEntropyLoss',
            use_sigmoid=True,
            reduction='mean',
            loss_weight=5.0),
        loss_dice=dict(
            type='DiceLoss',
            use_sigmoid=True,
            activate=True,
            reduction='mean',
            naive_dice=True,
            eps=1.0,
            loss_weight=5.0)),
    train_cfg=dict(
        num_points=12544,
        oversample_ratio=3.0,
        importance_sample_ratio=0.75,
        assigner=dict(
            type='MaskHungarianAssigner',
            cls_cost=dict(type='ClassificationCost', weight=2.0),
            mask_cost=dict(
                type='CrossEntropyLossCost', weight=5.0, use_sigmoid=True),
            dice_cost=dict(
                type='DiceCost', weight=5.0, pred_act=True, eps=1.0)),
        sampler=dict(type='MaskPseudoSampler')),
    test_cfg=dict(
        panoptic_on=True,
        # For now, the dataset does not support
        # evaluating semantic segmentation metric.
        semantic_on=False,
        instance_on=True,
        # max_per_image is for instance segmentation.
        max_per_image=100,
        iou_thr=0.8,
        # In Mask2Former's panoptic postprocessing,
        # it will filter mask area where score is less than 0.5 .
        filter_low_score=True),
    init_cfg=None)

# find_unused_parameters = True

/ceph/sagnihot/projects/InternImage/segmentation/configs/_base_/datasets/cityscapes_extra.py
# dataset settings
dataset_type = 'CityscapesDataset'
data_root = '/ceph/sagnihot/datasets/cityscapes'
img_norm_cfg = dict(
    mean=[123.675, 116.28, 103.53], std=[58.395, 57.12, 57.375], to_rgb=True)
crop_size = (512, 1024)
train_pipeline = [
    dict(type='LoadImageFromFile'),
    dict(type='LoadAnnotations'),
    dict(type='Resize', img_scale=(2048, 1024), ratio_range=(0.5, 2.0)),
    dict(type='RandomCrop', crop_size=crop_size, cat_max_ratio=0.75),
    dict(type='RandomFlip', prob=0.5),
    dict(type='PhotoMetricDistortion'),
    dict(type='Normalize', **img_norm_cfg),
    dict(type='Pad', size=crop_size, pad_val=0, seg_pad_val=255),
    dict(type='DefaultFormatBundle'),
    dict(type='Collect', keys=['img', 'gt_semantic_seg']),
]
test_pipeline = [
    dict(type='LoadImageFromFile'),
    dict(
        type='MultiScaleFlipAug',
        img_scale=(2048, 1024),
        # img_ratios=[0.5, 0.75, 1.0, 1.25, 1.5, 1.75],
        flip=False,
        transforms=[
            dict(type='Resize', keep_ratio=True),
            dict(type='RandomFlip'),
            dict(type='Normalize', **img_norm_cfg),
            dict(type='ImageToTensor', keys=['img']),
            dict(type='Collect', keys=['img']),
        ])
]
data = dict(
    samples_per_gpu=2,
    workers_per_gpu=2,
    train=dict(
        type='ConcatDataset',
        datasets=[
            dict(
                type=dataset_type,
                data_root=data_root,
                img_dir='leftImg8bit/train',
                ann_dir='gtFine/train',
                pipeline=train_pipeline),
            dict(
                type=dataset_type,
                data_root=data_root,
                img_dir='leftImg8bit/train_extra',
                ann_dir='refinement_final_trainIds/train_extra',
                img_suffix='_leftImg8bit.png',
                seg_map_suffix='_leftImg8bit.png',
                pipeline=train_pipeline),
        ],
        separate_eval=False),
    val=dict(
        type=dataset_type,
        data_root=data_root,
        img_dir='leftImg8bit/val',
        ann_dir='gtFine/val',
        pipeline=test_pipeline),
    test=dict(
        type=dataset_type,
        data_root=data_root,
        img_dir='leftImg8bit/val',
        ann_dir='gtFine/val',
        pipeline=test_pipeline))

/ceph/sagnihot/projects/InternImage/segmentation/configs/_base_/datasets/cityscapes_extra_1024x1024.py
_base_ = './cityscapes_extra.py'
img_norm_cfg = dict(
    mean=[123.675, 116.28, 103.53], std=[58.395, 57.12, 57.375], to_rgb=True)
crop_size = (1024, 1024)
train_pipeline = [
    dict(type='LoadImageFromFile'),
    dict(type='LoadAnnotations'),
    dict(type='Resize', img_scale=(2048, 1024), ratio_range=(0.5, 2.0)),
    dict(type='RandomCrop', crop_size=crop_size, cat_max_ratio=0.75),
    dict(type='RandomFlip', prob=0.5),
    dict(type='PhotoMetricDistortion'),
    dict(type='Normalize', **img_norm_cfg),
    dict(type='Pad', size=crop_size, pad_val=0, seg_pad_val=255),
    dict(type='DefaultFormatBundle'),
    dict(type='Collect', keys=['img', 'gt_semantic_seg']),
]
test_pipeline = [
    dict(type='LoadImageFromFile'),
    dict(
        type='MultiScaleFlipAug',
        img_scale=(2048, 1024),
        # img_ratios=[0.5, 0.75, 1.0, 1.25, 1.5, 1.75],
        flip=False,
        transforms=[
            dict(type='Resize', keep_ratio=True),
            dict(type='RandomFlip'),
            dict(type='Normalize', **img_norm_cfg),
            dict(type='ImageToTensor', keys=['img']),
            dict(type='Collect', keys=['img']),
        ])
]
data = dict(
    train=dict(pipeline=train_pipeline),
    val=dict(pipeline=test_pipeline),
    test=dict(pipeline=test_pipeline))

/ceph/sagnihot/projects/InternImage/segmentation/configs/_base_/default_runtime.py
# yapf:disable
log_config = dict(
    interval=50,
    hooks=[
        dict(type='TextLoggerHook', by_epoch=False),
        dict(type='TensorboardLoggerHook', by_epoch=False)
    ])
# yapf:enable
dist_params = dict(backend='nccl')
log_level = 'INFO'
load_from = None
resume_from = None
workflow = [('train', 1)]
cudnn_benchmark = True

/ceph/sagnihot/projects/InternImage/segmentation/configs/_base_/schedules/schedule_80k.py
# optimizer
optimizer = dict(type='SGD', lr=0.01, momentum=0.9, weight_decay=0.0005)
optimizer_config = dict()
# learning policy
lr_config = dict(policy='poly', power=0.9, min_lr=1e-4, by_epoch=False)
# runtime settings
runner = dict(type='IterBasedRunner', max_iters=80000)
checkpoint_config = dict(by_epoch=False, interval=8000)
evaluation = dict(interval=8000, metric='mIoU', pre_eval=True)

/ceph/sagnihot/projects/InternImage/segmentation/configs/cityscapes/mask2former_internimage_h_1024x1024_80k_mapillary2cityscapes.py
# --------------------------------------------------------
# InternImage
# Copyright (c) 2022 OpenGVLab
# Licensed under The MIT License [see LICENSE for details]
# --------------------------------------------------------
_base_ = [
    '../_base_/models/mask2former_beit.py', '../_base_/datasets/cityscapes_extra_1024x1024.py',
    '../_base_/default_runtime.py', '../_base_/schedules/schedule_80k.py'
]
num_classes = 19
crop_size = (1024, 1024)
load_from = 'https://huggingface.co/OpenGVLab/InternImage/resolve/main/mask2former_internimage_h_896x896_80k_mapillary.pth'
model = dict(
    type='EncoderDecoderMask2Former',
    backbone=dict(
        _delete_=True,
        type='InternImage',
        core_op='DCNv3',
        channels=320,
        depths=[6, 6, 32, 6],
        groups=[10, 20, 40, 80],
        mlp_ratio=4.,
        drop_path_rate=0.5,
        norm_layer='LN',
        layer_scale=None,
        offset_scale=1.0,
        post_norm=False,
        dw_kernel_size=5, # for InternImage-H/G
        res_post_norm=True, # for InternImage-H/G
        level2_post_norm=True, # for InternImage-H/G
        level2_post_norm_block_ids=[5, 11, 17, 23, 29], # for InternImage-H/G
        center_feature_scale=True, # for InternImage-H/G
        with_cp=True,
        out_indices=(0, 1, 2, 3),
        init_cfg=None),
    decode_head=dict(
        in_channels=[320, 640, 1280, 2560],
        feat_channels=256,
        out_channels=256,
        num_classes=num_classes,
        num_queries=100,
        pixel_decoder=dict(
            type='MSDeformAttnPixelDecoder',
            num_outs=3,
            norm_cfg=dict(type='GN', num_groups=32),
            act_cfg=dict(type='ReLU'),
            encoder=dict(
                type='DetrTransformerEncoder',
                num_layers=6,
                transformerlayers=dict(
                    type='BaseTransformerLayer',
                    attn_cfgs=dict(
                        type='MultiScaleDeformableAttention',
                        embed_dims=256,
                        num_heads=8,
                        num_levels=3,
                        num_points=4,
                        im2col_step=64,
                        dropout=0.0,
                        batch_first=False,
                        norm_cfg=None,
                        init_cfg=None),
                    ffn_cfgs=dict(
                        type='FFN',
                        embed_dims=256,
                        feedforward_channels=1024,
                        num_fcs=2,
                        ffn_drop=0.0,
                        with_cp=True,  # set with_cp=True to save memory
                        act_cfg=dict(type='ReLU', inplace=True)),
                    operation_order=('self_attn', 'norm', 'ffn', 'norm')),
                init_cfg=None),
            positional_encoding=dict(
                type='SinePositionalEncoding', num_feats=128, normalize=True),
            init_cfg=None),
        positional_encoding=dict(
            type='SinePositionalEncoding', num_feats=128, normalize=True),
        transformer_decoder=dict(
            type='DetrTransformerDecoder',
            return_intermediate=True,
            num_layers=9,
            transformerlayers=dict(
                type='DetrTransformerDecoderLayer',
                attn_cfgs=dict(
                    type='MultiheadAttention',
                    embed_dims=256,
                    num_heads=8,
                    attn_drop=0.0,
                    proj_drop=0.0,
                    dropout_layer=None,
                    batch_first=False),
                ffn_cfgs=dict(
                    embed_dims=256,
                    feedforward_channels=2048,
                    num_fcs=2,
                    act_cfg=dict(type='ReLU', inplace=True),
                    ffn_drop=0.0,
                    dropout_layer=None,
                    with_cp=True,  # set with_cp=True to save memory
                    add_identity=True),
                feedforward_channels=2048,
                operation_order=('cross_attn', 'norm', 'self_attn', 'norm',
                                 'ffn', 'norm')),
            init_cfg=None),
        loss_cls=dict(
            type='CrossEntropyLoss',
            use_sigmoid=False,
            loss_weight=2.0,
            reduction='mean',
            class_weight=[1.0] * num_classes + [0.1])
    ),
    test_cfg=dict(mode='slide', crop_size=crop_size, stride=(512, 512)))
img_norm_cfg = dict(
    mean=[123.675, 116.28, 103.53], std=[58.395, 57.12, 57.375], to_rgb=True)
train_pipeline = [
    dict(type='LoadImageFromFile'),
    dict(type='LoadAnnotations'),
    dict(type='Resize', img_scale=(2048, 1024), ratio_range=(0.5, 2.0)),
    dict(type='RandomCrop', crop_size=crop_size, cat_max_ratio=0.75),
    dict(type='RandomFlip', prob=0.5),
    dict(type='PhotoMetricDistortion'),
    dict(type='Normalize', **img_norm_cfg),
    dict(type='Pad', size=crop_size, pad_val=0, seg_pad_val=255),
    dict(type='ToMask'),
    dict(type='DefaultFormatBundle'),
    dict(type='Collect', keys=['img', 'gt_semantic_seg', 'gt_masks', 'gt_labels'])
]
test_pipeline = [
    dict(type='LoadImageFromFile'),
    dict(
        type='MultiScaleFlipAug',
        img_scale=(2048, 1024),
        # img_ratios=[0.5, 0.75, 1.0, 1.25, 1.5, 1.75],
        flip=False,
        transforms=[
            dict(type='Resize', keep_ratio=True),
            dict(type='ResizeToMultiple', size_divisor=32),
            dict(type='RandomFlip'),
            dict(type='Normalize', **img_norm_cfg),
            dict(type='ImageToTensor', keys=['img']),
            dict(type='Collect', keys=['img']),
        ])
]
optimizer = dict(
    _delete_=True, type='AdamW', lr=1e-5, betas=(0.9, 0.999), weight_decay=0.05,
    constructor='CustomLayerDecayOptimizerConstructor',
    paramwise_cfg=dict(num_layers=50, layer_decay_rate=0.95,
                       depths=[6, 6, 32, 6], offset_lr_scale=1.0))
lr_config = dict(_delete_=True, policy='poly',
                 warmup='linear',
                 warmup_iters=1500,
                 warmup_ratio=1e-6,
                 power=1.0, min_lr=0.0, by_epoch=False)
# By default, models are trained on 8 GPUs with 2 images per GPU
data = dict(
    samples_per_gpu=1,
    train=dict(
        _delete_=True,
        type='ConcatDataset',
        datasets=[
            dict(
                type='CityscapesDataset',
                data_root='/ceph/sagnihot/datasets/cityscapes',
                img_dir='leftImg8bit/train',
                ann_dir='gtFine/train',
                pipeline=train_pipeline),
            dict(
                type='CityscapesDataset',
                data_root='/ceph/sagnihot/datasets/cityscapes',
                img_dir='leftImg8bit/train_extra',
                ann_dir='refinement_final_trainIds/train_extra',
                img_suffix='_leftImg8bit.png',
                seg_map_suffix='_leftImg8bit.png',
                pipeline=train_pipeline),
        ],
        separate_eval=False),
    val=dict(pipeline=test_pipeline),
    test=dict(pipeline=test_pipeline))
runner = dict(type='IterBasedRunner')
optimizer_config = dict(_delete_=True, grad_clip=dict(max_norm=0.1, norm_type=2))
checkpoint_config = dict(by_epoch=False, interval=1000, max_keep_ckpts=1)
evaluation = dict(interval=2000, metric='mIoU', save_best='mIoU')
post_validation = dict(
    metric='mIoU',
    acdc_subsets=[
        'acdc_rain_val', 'acdc_fog_val', 'acdc_night_val', 'acdc_snow_val'
    ],
    datasets=[
        dict(
            name='cityscapes_val',
            type='CityscapesDataset',
            data_root='/ceph/sagnihot/datasets/cityscapes',
            img_dir='leftImg8bit/val',
            ann_dir='gtFine/val',
            pipeline=test_pipeline),
        dict(
            name='acdc_rain_val',
            type='CityscapesDataset',
            data_root='/ceph/sagnihot/datasets/ACDC',
            img_dir='rgb_anon/rain/val',
            ann_dir='gt/rain/val',
            img_suffix='_rgb_anon.png',
            seg_map_suffix='_gt_labelTrainIds.png',
            pipeline=test_pipeline),
        dict(
            name='acdc_fog_val',
            type='CityscapesDataset',
            data_root='/ceph/sagnihot/datasets/ACDC',
            img_dir='rgb_anon/fog/val',
            ann_dir='gt/fog/val',
            img_suffix='_rgb_anon.png',
            seg_map_suffix='_gt_labelTrainIds.png',
            pipeline=test_pipeline),
        dict(
            name='acdc_night_val',
            type='CityscapesDataset',
            data_root='/ceph/sagnihot/datasets/ACDC',
            img_dir='rgb_anon/night/val',
            ann_dir='gt/night/val',
            img_suffix='_rgb_anon.png',
            seg_map_suffix='_gt_labelTrainIds.png',
            pipeline=test_pipeline),
        dict(
            name='acdc_snow_val',
            type='CityscapesDataset',
            data_root='/ceph/sagnihot/datasets/ACDC',
            img_dir='rgb_anon/snow/val',
            ann_dir='gt/snow/val',
            img_suffix='_rgb_anon.png',
            seg_map_suffix='_gt_labelTrainIds.png',
            pipeline=test_pipeline),
        dict(
            name='darkzurich_val',
            type='CityscapesDataset',
            data_root='/ceph/sagnihot/datasets/DarkZurich',
            img_dir='rgb_anon/val/night',
            ann_dir='gt/val/night',
            img_suffix='_rgb_anon.png',
            seg_map_suffix='_gt_labelTrainIds.png',
            pipeline=test_pipeline),
    ])
# fp16 = dict(loss_scale=dict(init_scale=512))

2026-03-02 15:37:14,057 - mmseg - WARNING - TensorBoard backend is unavailable; removed TensorboardLoggerHook from log_config.
2026-03-02 15:37:14,057 - mmseg - INFO - Set random seed to 0, deterministic: True
2026-03-02 15:37:14,057 - mmseg - INFO - using core type: DCNv3
2026-03-02 15:37:14,057 - mmseg - INFO - using activation layer: GELU
2026-03-02 15:37:14,057 - mmseg - INFO - using main norm layer: LN
2026-03-02 15:37:14,057 - mmseg - INFO - using dpr: linear, 0.5
2026-03-02 15:37:14,057 - mmseg - INFO - level2_post_norm: True
2026-03-02 15:37:14,057 - mmseg - INFO - level2_post_norm_block_ids: [5, 11, 17, 23, 29]
2026-03-02 15:37:14,057 - mmseg - INFO - res_post_norm: True
2026-03-02 15:37:14,057 - mmseg - INFO - use_dcn_v4_op: False
/ceph/sagnihot/projects/InternImage/segmentation/mmseg_custom/models/losses/cross_entropy_loss.py:230: UserWarning: Default ``avg_non_ignore`` is False, if you would like to ignore the certain label and average loss over non-ignore labels, which is the same with PyTorch official cross_entropy, set ``avg_non_ignore=True``.
  warnings.warn(
/ceph/sagnihot/projects/InternImage/segmentation/mmseg_custom/models/losses/cross_entropy_loss.py:230: UserWarning: Default ``avg_non_ignore`` is False, if you would like to ignore the certain label and average loss over non-ignore labels, which is the same with PyTorch official cross_entropy, set ``avg_non_ignore=True``.
  warnings.warn(
2026-03-02 15:37:24,824 - mmseg - WARNING - No pre-trained weights for InternImage, training start from scratch
2026-03-02 15:37:30,401 - mmseg - INFO - Loaded 2975 images
2026-03-02 15:37:30,537 - mmseg - INFO - Loaded 19998 images
2026-03-02 15:37:31,472 - mmseg - INFO - {'num_layers': 50, 'layer_decay_rate': 0.95, 'depths': [6, 6, 32, 6], 'offset_lr_scale': 1.0}
2026-03-02 15:37:31,472 - mmseg - INFO - Build CustomLayerDecayOptimizerConstructor 0.950000 - 52
2026-03-02 15:37:31,478 - mmseg - INFO - Param groups = {
  "layer_0_decay": {
    "param_names": [
      "backbone.patch_embed.conv1.weight",
      "backbone.patch_embed.conv2.weight",
      "decode_head.query_embed.weight",
      "decode_head.query_feat.weight",
      "decode_head.level_embed.weight",
      "decode_head.cls_embed.weight",
      "decode_head.mask_embed.0.weight",
      "decode_head.mask_embed.2.weight",
      "decode_head.mask_embed.4.weight"
    ],
    "lr_scale": 0.07309772651287749,
    "lr": 7.30977265128775e-07,
    "weight_decay": 0.05
  },
  "layer_0_no_decay": {
    "param_names": [
      "backbone.patch_embed.conv1.bias",
      "backbone.patch_embed.norm1.1.weight",
      "backbone.patch_embed.norm1.1.bias",
      "backbone.patch_embed.conv2.bias",
      "backbone.patch_embed.norm2.1.weight",
      "backbone.patch_embed.norm2.1.bias",
      "decode_head.cls_embed.bias",
      "decode_head.mask_embed.0.bias",
      "decode_head.mask_embed.2.bias",
      "decode_head.mask_embed.4.bias"
    ],
    "lr_scale": 0.07309772651287749,
    "lr": 7.30977265128775e-07,
    "weight_decay": 0.0
  },
  "layer_1_no_decay": {
    "param_names": [
      "backbone.levels.0.blocks.0.norm1.0.weight",
      "backbone.levels.0.blocks.0.norm1.0.bias",
      "backbone.levels.0.blocks.0.dcn.center_feature_scale_proj_bias",
      "backbone.levels.0.blocks.0.dcn.dw_conv.0.bias",
      "backbone.levels.0.blocks.0.dcn.dw_conv.1.1.weight",
      "backbone.levels.0.blocks.0.dcn.dw_conv.1.1.bias",
      "backbone.levels.0.blocks.0.dcn.offset.bias",
      "backbone.levels.0.blocks.0.dcn.mask.bias",
      "backbone.levels.0.blocks.0.dcn.input_proj.bias",
      "backbone.levels.0.blocks.0.dcn.output_proj.bias",
      "backbone.levels.0.blocks.0.norm2.0.weight",
      "backbone.levels.0.blocks.0.norm2.0.bias",
      "backbone.levels.0.blocks.0.mlp.fc1.bias",
      "backbone.levels.0.blocks.0.mlp.fc2.bias",
      "backbone.levels.0.blocks.0.res_post_norm1.0.weight",
      "backbone.levels.0.blocks.0.res_post_norm1.0.bias",
      "backbone.levels.0.blocks.0.res_post_norm2.0.weight",
      "backbone.levels.0.blocks.0.res_post_norm2.0.bias"
    ],
    "lr_scale": 0.07694497527671315,
    "lr": 7.694497527671315e-07,
    "weight_decay": 0.0
  },
  "layer_1_decay": {
    "param_names": [
      "backbone.levels.0.blocks.0.dcn.center_feature_scale_proj_weight",
      "backbone.levels.0.blocks.0.dcn.dw_conv.0.weight",
      "backbone.levels.0.blocks.0.dcn.offset.weight",
      "backbone.levels.0.blocks.0.dcn.mask.weight",
      "backbone.levels.0.blocks.0.dcn.input_proj.weight",
      "backbone.levels.0.blocks.0.dcn.output_proj.weight",
      "backbone.levels.0.blocks.0.mlp.fc1.weight",
      "backbone.levels.0.blocks.0.mlp.fc2.weight"
    ],
    "lr_scale": 0.07694497527671315,
    "lr": 7.694497527671315e-07,
    "weight_decay": 0.05
  },
  "layer_2_no_decay": {
    "param_names": [
      "backbone.levels.0.blocks.1.norm1.0.weight",
      "backbone.levels.0.blocks.1.norm1.0.bias",
      "backbone.levels.0.blocks.1.dcn.center_feature_scale_proj_bias",
      "backbone.levels.0.blocks.1.dcn.dw_conv.0.bias",
      "backbone.levels.0.blocks.1.dcn.dw_conv.1.1.weight",
      "backbone.levels.0.blocks.1.dcn.dw_conv.1.1.bias",
      "backbone.levels.0.blocks.1.dcn.offset.bias",
      "backbone.levels.0.blocks.1.dcn.mask.bias",
      "backbone.levels.0.blocks.1.dcn.input_proj.bias",
      "backbone.levels.0.blocks.1.dcn.output_proj.bias",
      "backbone.levels.0.blocks.1.norm2.0.weight",
      "backbone.levels.0.blocks.1.norm2.0.bias",
      "backbone.levels.0.blocks.1.mlp.fc1.bias",
      "backbone.levels.0.blocks.1.mlp.fc2.bias",
      "backbone.levels.0.blocks.1.res_post_norm1.0.weight",
      "backbone.levels.0.blocks.1.res_post_norm1.0.bias",
      "backbone.levels.0.blocks.1.res_post_norm2.0.weight",
      "backbone.levels.0.blocks.1.res_post_norm2.0.bias"
    ],
    "lr_scale": 0.0809947108175928,
    "lr": 8.099471081759281e-07,
    "weight_decay": 0.0
  },
  "layer_2_decay": {
    "param_names": [
      "backbone.levels.0.blocks.1.dcn.center_feature_scale_proj_weight",
      "backbone.levels.0.blocks.1.dcn.dw_conv.0.weight",
      "backbone.levels.0.blocks.1.dcn.offset.weight",
      "backbone.levels.0.blocks.1.dcn.mask.weight",
      "backbone.levels.0.blocks.1.dcn.input_proj.weight",
      "backbone.levels.0.blocks.1.dcn.output_proj.weight",
      "backbone.levels.0.blocks.1.mlp.fc1.weight",
      "backbone.levels.0.blocks.1.mlp.fc2.weight"
    ],
    "lr_scale": 0.0809947108175928,
    "lr": 8.099471081759281e-07,
    "weight_decay": 0.05
  },
  "layer_3_no_decay": {
    "param_names": [
      "backbone.levels.0.blocks.2.norm1.0.weight",
      "backbone.levels.0.blocks.2.norm1.0.bias",
      "backbone.levels.0.blocks.2.dcn.center_feature_scale_proj_bias",
      "backbone.levels.0.blocks.2.dcn.dw_conv.0.bias",
      "backbone.levels.0.blocks.2.dcn.dw_conv.1.1.weight",
      "backbone.levels.0.blocks.2.dcn.dw_conv.1.1.bias",
      "backbone.levels.0.blocks.2.dcn.offset.bias",
      "backbone.levels.0.blocks.2.dcn.mask.bias",
      "backbone.levels.0.blocks.2.dcn.input_proj.bias",
      "backbone.levels.0.blocks.2.dcn.output_proj.bias",
      "backbone.levels.0.blocks.2.norm2.0.weight",
      "backbone.levels.0.blocks.2.norm2.0.bias",
      "backbone.levels.0.blocks.2.mlp.fc1.bias",
      "backbone.levels.0.blocks.2.mlp.fc2.bias",
      "backbone.levels.0.blocks.2.res_post_norm1.0.weight",
      "backbone.levels.0.blocks.2.res_post_norm1.0.bias",
      "backbone.levels.0.blocks.2.res_post_norm2.0.weight",
      "backbone.levels.0.blocks.2.res_post_norm2.0.bias"
    ],
    "lr_scale": 0.0852575903343082,
    "lr": 8.525759033430821e-07,
    "weight_decay": 0.0
  },
  "layer_3_decay": {
    "param_names": [
      "backbone.levels.0.blocks.2.dcn.center_feature_scale_proj_weight",
      "backbone.levels.0.blocks.2.dcn.dw_conv.0.weight",
      "backbone.levels.0.blocks.2.dcn.offset.weight",
      "backbone.levels.0.blocks.2.dcn.mask.weight",
      "backbone.levels.0.blocks.2.dcn.input_proj.weight",
      "backbone.levels.0.blocks.2.dcn.output_proj.weight",
      "backbone.levels.0.blocks.2.mlp.fc1.weight",
      "backbone.levels.0.blocks.2.mlp.fc2.weight"
    ],
    "lr_scale": 0.0852575903343082,
    "lr": 8.525759033430821e-07,
    "weight_decay": 0.05
  },
  "layer_4_no_decay": {
    "param_names": [
      "backbone.levels.0.blocks.3.norm1.0.weight",
      "backbone.levels.0.blocks.3.norm1.0.bias",
      "backbone.levels.0.blocks.3.dcn.center_feature_scale_proj_bias",
      "backbone.levels.0.blocks.3.dcn.dw_conv.0.bias",
      "backbone.levels.0.blocks.3.dcn.dw_conv.1.1.weight",
      "backbone.levels.0.blocks.3.dcn.dw_conv.1.1.bias",
      "backbone.levels.0.blocks.3.dcn.offset.bias",
      "backbone.levels.0.blocks.3.dcn.mask.bias",
      "backbone.levels.0.blocks.3.dcn.input_proj.bias",
      "backbone.levels.0.blocks.3.dcn.output_proj.bias",
      "backbone.levels.0.blocks.3.norm2.0.weight",
      "backbone.levels.0.blocks.3.norm2.0.bias",
      "backbone.levels.0.blocks.3.mlp.fc1.bias",
      "backbone.levels.0.blocks.3.mlp.fc2.bias",
      "backbone.levels.0.blocks.3.res_post_norm1.0.weight",
      "backbone.levels.0.blocks.3.res_post_norm1.0.bias",
      "backbone.levels.0.blocks.3.res_post_norm2.0.weight",
      "backbone.levels.0.blocks.3.res_post_norm2.0.bias"
    ],
    "lr_scale": 0.08974483193085075,
    "lr": 8.974483193085076e-07,
    "weight_decay": 0.0
  },
  "layer_4_decay": {
    "param_names": [
      "backbone.levels.0.blocks.3.dcn.center_feature_scale_proj_weight",
      "backbone.levels.0.blocks.3.dcn.dw_conv.0.weight",
      "backbone.levels.0.blocks.3.dcn.offset.weight",
      "backbone.levels.0.blocks.3.dcn.mask.weight",
      "backbone.levels.0.blocks.3.dcn.input_proj.weight",
      "backbone.levels.0.blocks.3.dcn.output_proj.weight",
      "backbone.levels.0.blocks.3.mlp.fc1.weight",
      "backbone.levels.0.blocks.3.mlp.fc2.weight"
    ],
    "lr_scale": 0.08974483193085075,
    "lr": 8.974483193085076e-07,
    "weight_decay": 0.05
  },
  "layer_5_no_decay": {
    "param_names": [
      "backbone.levels.0.blocks.4.norm1.0.weight",
      "backbone.levels.0.blocks.4.norm1.0.bias",
      "backbone.levels.0.blocks.4.dcn.center_feature_scale_proj_bias",
      "backbone.levels.0.blocks.4.dcn.dw_conv.0.bias",
      "backbone.levels.0.blocks.4.dcn.dw_conv.1.1.weight",
      "backbone.levels.0.blocks.4.dcn.dw_conv.1.1.bias",
      "backbone.levels.0.blocks.4.dcn.offset.bias",
      "backbone.levels.0.blocks.4.dcn.mask.bias",
      "backbone.levels.0.blocks.4.dcn.input_proj.bias",
      "backbone.levels.0.blocks.4.dcn.output_proj.bias",
      "backbone.levels.0.blocks.4.norm2.0.weight",
      "backbone.levels.0.blocks.4.norm2.0.bias",
      "backbone.levels.0.blocks.4.mlp.fc1.bias",
      "backbone.levels.0.blocks.4.mlp.fc2.bias",
      "backbone.levels.0.blocks.4.res_post_norm1.0.weight",
      "backbone.levels.0.blocks.4.res_post_norm1.0.bias",
      "backbone.levels.0.blocks.4.res_post_norm2.0.weight",
      "backbone.levels.0.blocks.4.res_post_norm2.0.bias"
    ],
    "lr_scale": 0.09446824413773763,
    "lr": 9.446824413773764e-07,
    "weight_decay": 0.0
  },
  "layer_5_decay": {
    "param_names": [
      "backbone.levels.0.blocks.4.dcn.center_feature_scale_proj_weight",
      "backbone.levels.0.blocks.4.dcn.dw_conv.0.weight",
      "backbone.levels.0.blocks.4.dcn.offset.weight",
      "backbone.levels.0.blocks.4.dcn.mask.weight",
      "backbone.levels.0.blocks.4.dcn.input_proj.weight",
      "backbone.levels.0.blocks.4.dcn.output_proj.weight",
      "backbone.levels.0.blocks.4.mlp.fc1.weight",
      "backbone.levels.0.blocks.4.mlp.fc2.weight"
    ],
    "lr_scale": 0.09446824413773763,
    "lr": 9.446824413773764e-07,
    "weight_decay": 0.05
  },
  "layer_6_no_decay": {
    "param_names": [
      "backbone.levels.0.blocks.5.norm1.0.weight",
      "backbone.levels.0.blocks.5.norm1.0.bias",
      "backbone.levels.0.blocks.5.dcn.center_feature_scale_proj_bias",
      "backbone.levels.0.blocks.5.dcn.dw_conv.0.bias",
      "backbone.levels.0.blocks.5.dcn.dw_conv.1.1.weight",
      "backbone.levels.0.blocks.5.dcn.dw_conv.1.1.bias",
      "backbone.levels.0.blocks.5.dcn.offset.bias",
      "backbone.levels.0.blocks.5.dcn.mask.bias",
      "backbone.levels.0.blocks.5.dcn.input_proj.bias",
      "backbone.levels.0.blocks.5.dcn.output_proj.bias",
      "backbone.levels.0.blocks.5.norm2.0.weight",
      "backbone.levels.0.blocks.5.norm2.0.bias",
      "backbone.levels.0.blocks.5.mlp.fc1.bias",
      "backbone.levels.0.blocks.5.mlp.fc2.bias",
      "backbone.levels.0.blocks.5.res_post_norm1.0.weight",
      "backbone.levels.0.blocks.5.res_post_norm1.0.bias",
      "backbone.levels.0.blocks.5.res_post_norm2.0.weight",
      "backbone.levels.0.blocks.5.res_post_norm2.0.bias"
    ],
    "lr_scale": 0.09944025698709225,
    "lr": 9.944025698709225e-07,
    "weight_decay": 0.0
  },
  "layer_6_decay": {
    "param_names": [
      "backbone.levels.0.blocks.5.dcn.center_feature_scale_proj_weight",
      "backbone.levels.0.blocks.5.dcn.dw_conv.0.weight",
      "backbone.levels.0.blocks.5.dcn.offset.weight",
      "backbone.levels.0.blocks.5.dcn.mask.weight",
      "backbone.levels.0.blocks.5.dcn.input_proj.weight",
      "backbone.levels.0.blocks.5.dcn.output_proj.weight",
      "backbone.levels.0.blocks.5.mlp.fc1.weight",
      "backbone.levels.0.blocks.5.mlp.fc2.weight"
    ],
    "lr_scale": 0.09944025698709225,
    "lr": 9.944025698709225e-07,
    "weight_decay": 0.05
  },
  "layer_7_no_decay": {
    "param_names": [
      "backbone.levels.0.norm.0.weight",
      "backbone.levels.0.norm.0.bias",
      "backbone.levels.0.downsample.norm.1.weight",
      "backbone.levels.0.downsample.norm.1.bias",
      "backbone.levels.1.blocks.0.norm1.0.weight",
      "backbone.levels.1.blocks.0.norm1.0.bias",
      "backbone.levels.1.blocks.0.dcn.center_feature_scale_proj_bias",
      "backbone.levels.1.blocks.0.dcn.dw_conv.0.bias",
      "backbone.levels.1.blocks.0.dcn.dw_conv.1.1.weight",
      "backbone.levels.1.blocks.0.dcn.dw_conv.1.1.bias",
      "backbone.levels.1.blocks.0.dcn.offset.bias",
      "backbone.levels.1.blocks.0.dcn.mask.bias",
      "backbone.levels.1.blocks.0.dcn.input_proj.bias",
      "backbone.levels.1.blocks.0.dcn.output_proj.bias",
      "backbone.levels.1.blocks.0.norm2.0.weight",
      "backbone.levels.1.blocks.0.norm2.0.bias",
      "backbone.levels.1.blocks.0.mlp.fc1.bias",
      "backbone.levels.1.blocks.0.mlp.fc2.bias",
      "backbone.levels.1.blocks.0.res_post_norm1.0.weight",
      "backbone.levels.1.blocks.0.res_post_norm1.0.bias",
      "backbone.levels.1.blocks.0.res_post_norm2.0.weight",
      "backbone.levels.1.blocks.0.res_post_norm2.0.bias"
    ],
    "lr_scale": 0.10467395472325501,
    "lr": 1.0467395472325502e-06,
    "weight_decay": 0.0
  },
  "layer_7_decay": {
    "param_names": [
      "backbone.levels.0.downsample.conv.weight",
      "backbone.levels.1.blocks.0.dcn.center_feature_scale_proj_weight",
      "backbone.levels.1.blocks.0.dcn.dw_conv.0.weight",
      "backbone.levels.1.blocks.0.dcn.offset.weight",
      "backbone.levels.1.blocks.0.dcn.mask.weight",
      "backbone.levels.1.blocks.0.dcn.input_proj.weight",
      "backbone.levels.1.blocks.0.dcn.output_proj.weight",
      "backbone.levels.1.blocks.0.mlp.fc1.weight",
      "backbone.levels.1.blocks.0.mlp.fc2.weight"
    ],
    "lr_scale": 0.10467395472325501,
    "lr": 1.0467395472325502e-06,
    "weight_decay": 0.05
  },
  "layer_8_no_decay": {
    "param_names": [
      "backbone.levels.1.blocks.1.norm1.0.weight",
      "backbone.levels.1.blocks.1.norm1.0.bias",
      "backbone.levels.1.blocks.1.dcn.center_feature_scale_proj_bias",
      "backbone.levels.1.blocks.1.dcn.dw_conv.0.bias",
      "backbone.levels.1.blocks.1.dcn.dw_conv.1.1.weight",
      "backbone.levels.1.blocks.1.dcn.dw_conv.1.1.bias",
      "backbone.levels.1.blocks.1.dcn.offset.bias",
      "backbone.levels.1.blocks.1.dcn.mask.bias",
      "backbone.levels.1.blocks.1.dcn.input_proj.bias",
      "backbone.levels.1.blocks.1.dcn.output_proj.bias",
      "backbone.levels.1.blocks.1.norm2.0.weight",
      "backbone.levels.1.blocks.1.norm2.0.bias",
      "backbone.levels.1.blocks.1.mlp.fc1.bias",
      "backbone.levels.1.blocks.1.mlp.fc2.bias",
      "backbone.levels.1.blocks.1.res_post_norm1.0.weight",
      "backbone.levels.1.blocks.1.res_post_norm1.0.bias",
      "backbone.levels.1.blocks.1.res_post_norm2.0.weight",
      "backbone.levels.1.blocks.1.res_post_norm2.0.bias"
    ],
    "lr_scale": 0.11018311023500528,
    "lr": 1.1018311023500528e-06,
    "weight_decay": 0.0
  },
  "layer_8_decay": {
    "param_names": [
      "backbone.levels.1.blocks.1.dcn.center_feature_scale_proj_weight",
      "backbone.levels.1.blocks.1.dcn.dw_conv.0.weight",
      "backbone.levels.1.blocks.1.dcn.offset.weight",
      "backbone.levels.1.blocks.1.dcn.mask.weight",
      "backbone.levels.1.blocks.1.dcn.input_proj.weight",
      "backbone.levels.1.blocks.1.dcn.output_proj.weight",
      "backbone.levels.1.blocks.1.mlp.fc1.weight",
      "backbone.levels.1.blocks.1.mlp.fc2.weight"
    ],
    "lr_scale": 0.11018311023500528,
    "lr": 1.1018311023500528e-06,
    "weight_decay": 0.05
  },
  "layer_9_no_decay": {
    "param_names": [
      "backbone.levels.1.blocks.2.norm1.0.weight",
      "backbone.levels.1.blocks.2.norm1.0.bias",
      "backbone.levels.1.blocks.2.dcn.center_feature_scale_proj_bias",
      "backbone.levels.1.blocks.2.dcn.dw_conv.0.bias",
      "backbone.levels.1.blocks.2.dcn.dw_conv.1.1.weight",
      "backbone.levels.1.blocks.2.dcn.dw_conv.1.1.bias",
      "backbone.levels.1.blocks.2.dcn.offset.bias",
      "backbone.levels.1.blocks.2.dcn.mask.bias",
      "backbone.levels.1.blocks.2.dcn.input_proj.bias",
      "backbone.levels.1.blocks.2.dcn.output_proj.bias",
      "backbone.levels.1.blocks.2.norm2.0.weight",
      "backbone.levels.1.blocks.2.norm2.0.bias",
      "backbone.levels.1.blocks.2.mlp.fc1.bias",
      "backbone.levels.1.blocks.2.mlp.fc2.bias",
      "backbone.levels.1.blocks.2.res_post_norm1.0.weight",
      "backbone.levels.1.blocks.2.res_post_norm1.0.bias",
      "backbone.levels.1.blocks.2.res_post_norm2.0.weight",
      "backbone.levels.1.blocks.2.res_post_norm2.0.bias"
    ],
    "lr_scale": 0.11598222130000556,
    "lr": 1.1598222130000556e-06,
    "weight_decay": 0.0
  },
  "layer_9_decay": {
    "param_names": [
      "backbone.levels.1.blocks.2.dcn.center_feature_scale_proj_weight",
      "backbone.levels.1.blocks.2.dcn.dw_conv.0.weight",
      "backbone.levels.1.blocks.2.dcn.offset.weight",
      "backbone.levels.1.blocks.2.dcn.mask.weight",
      "backbone.levels.1.blocks.2.dcn.input_proj.weight",
      "backbone.levels.1.blocks.2.dcn.output_proj.weight",
      "backbone.levels.1.blocks.2.mlp.fc1.weight",
      "backbone.levels.1.blocks.2.mlp.fc2.weight"
    ],
    "lr_scale": 0.11598222130000556,
    "lr": 1.1598222130000556e-06,
    "weight_decay": 0.05
  },
  "layer_10_no_decay": {
    "param_names": [
      "backbone.levels.1.blocks.3.norm1.0.weight",
      "backbone.levels.1.blocks.3.norm1.0.bias",
      "backbone.levels.1.blocks.3.dcn.center_feature_scale_proj_bias",
      "backbone.levels.1.blocks.3.dcn.dw_conv.0.bias",
      "backbone.levels.1.blocks.3.dcn.dw_conv.1.1.weight",
      "backbone.levels.1.blocks.3.dcn.dw_conv.1.1.bias",
      "backbone.levels.1.blocks.3.dcn.offset.bias",
      "backbone.levels.1.blocks.3.dcn.mask.bias",
      "backbone.levels.1.blocks.3.dcn.input_proj.bias",
      "backbone.levels.1.blocks.3.dcn.output_proj.bias",
      "backbone.levels.1.blocks.3.norm2.0.weight",
      "backbone.levels.1.blocks.3.norm2.0.bias",
      "backbone.levels.1.blocks.3.mlp.fc1.bias",
      "backbone.levels.1.blocks.3.mlp.fc2.bias",
      "backbone.levels.1.blocks.3.res_post_norm1.0.weight",
      "backbone.levels.1.blocks.3.res_post_norm1.0.bias",
      "backbone.levels.1.blocks.3.res_post_norm2.0.weight",
      "backbone.levels.1.blocks.3.res_post_norm2.0.bias"
    ],
    "lr_scale": 0.12208654873684796,
    "lr": 1.2208654873684798e-06,
    "weight_decay": 0.0
  },
  "layer_10_decay": {
    "param_names": [
      "backbone.levels.1.blocks.3.dcn.center_feature_scale_proj_weight",
      "backbone.levels.1.blocks.3.dcn.dw_conv.0.weight",
      "backbone.levels.1.blocks.3.dcn.offset.weight",
      "backbone.levels.1.blocks.3.dcn.mask.weight",
      "backbone.levels.1.blocks.3.dcn.input_proj.weight",
      "backbone.levels.1.blocks.3.dcn.output_proj.weight",
      "backbone.levels.1.blocks.3.mlp.fc1.weight",
      "backbone.levels.1.blocks.3.mlp.fc2.weight"
    ],
    "lr_scale": 0.12208654873684796,
    "lr": 1.2208654873684798e-06,
    "weight_decay": 0.05
  },
  "layer_11_no_decay": {
    "param_names": [
      "backbone.levels.1.blocks.4.norm1.0.weight",
      "backbone.levels.1.blocks.4.norm1.0.bias",
      "backbone.levels.1.blocks.4.dcn.center_feature_scale_proj_bias",
      "backbone.levels.1.blocks.4.dcn.dw_conv.0.bias",
      "backbone.levels.1.blocks.4.dcn.dw_conv.1.1.weight",
      "backbone.levels.1.blocks.4.dcn.dw_conv.1.1.bias",
      "backbone.levels.1.blocks.4.dcn.offset.bias",
      "backbone.levels.1.blocks.4.dcn.mask.bias",
      "backbone.levels.1.blocks.4.dcn.input_proj.bias",
      "backbone.levels.1.blocks.4.dcn.output_proj.bias",
      "backbone.levels.1.blocks.4.norm2.0.weight",
      "backbone.levels.1.blocks.4.norm2.0.bias",
      "backbone.levels.1.blocks.4.mlp.fc1.bias",
      "backbone.levels.1.blocks.4.mlp.fc2.bias",
      "backbone.levels.1.blocks.4.res_post_norm1.0.weight",
      "backbone.levels.1.blocks.4.res_post_norm1.0.bias",
      "backbone.levels.1.blocks.4.res_post_norm2.0.weight",
      "backbone.levels.1.blocks.4.res_post_norm2.0.bias"
    ],
    "lr_scale": 0.12851215656510312,
    "lr": 1.2851215656510314e-06,
    "weight_decay": 0.0
  },
  "layer_11_decay": {
    "param_names": [
      "backbone.levels.1.blocks.4.dcn.center_feature_scale_proj_weight",
      "backbone.levels.1.blocks.4.dcn.dw_conv.0.weight",
      "backbone.levels.1.blocks.4.dcn.offset.weight",
      "backbone.levels.1.blocks.4.dcn.mask.weight",
      "backbone.levels.1.blocks.4.dcn.input_proj.weight",
      "backbone.levels.1.blocks.4.dcn.output_proj.weight",
      "backbone.levels.1.blocks.4.mlp.fc1.weight",
      "backbone.levels.1.blocks.4.mlp.fc2.weight"
    ],
    "lr_scale": 0.12851215656510312,
    "lr": 1.2851215656510314e-06,
    "weight_decay": 0.05
  },
  "layer_12_no_decay": {
    "param_names": [
      "backbone.levels.1.blocks.5.norm1.0.weight",
      "backbone.levels.1.blocks.5.norm1.0.bias",
      "backbone.levels.1.blocks.5.dcn.center_feature_scale_proj_bias",
      "backbone.levels.1.blocks.5.dcn.dw_conv.0.bias",
      "backbone.levels.1.blocks.5.dcn.dw_conv.1.1.weight",
      "backbone.levels.1.blocks.5.dcn.dw_conv.1.1.bias",
      "backbone.levels.1.blocks.5.dcn.offset.bias",
      "backbone.levels.1.blocks.5.dcn.mask.bias",
      "backbone.levels.1.blocks.5.dcn.input_proj.bias",
      "backbone.levels.1.blocks.5.dcn.output_proj.bias",
      "backbone.levels.1.blocks.5.norm2.0.weight",
      "backbone.levels.1.blocks.5.norm2.0.bias",
      "backbone.levels.1.blocks.5.mlp.fc1.bias",
      "backbone.levels.1.blocks.5.mlp.fc2.bias",
      "backbone.levels.1.blocks.5.res_post_norm1.0.weight",
      "backbone.levels.1.blocks.5.res_post_norm1.0.bias",
      "backbone.levels.1.blocks.5.res_post_norm2.0.weight",
      "backbone.levels.1.blocks.5.res_post_norm2.0.bias"
    ],
    "lr_scale": 0.13527595427905592,
    "lr": 1.3527595427905593e-06,
    "weight_decay": 0.0
  },
  "layer_12_decay": {
    "param_names": [
      "backbone.levels.1.blocks.5.dcn.center_feature_scale_proj_weight",
      "backbone.levels.1.blocks.5.dcn.dw_conv.0.weight",
      "backbone.levels.1.blocks.5.dcn.offset.weight",
      "backbone.levels.1.blocks.5.dcn.mask.weight",
      "backbone.levels.1.blocks.5.dcn.input_proj.weight",
      "backbone.levels.1.blocks.5.dcn.output_proj.weight",
      "backbone.levels.1.blocks.5.mlp.fc1.weight",
      "backbone.levels.1.blocks.5.mlp.fc2.weight"
    ],
    "lr_scale": 0.13527595427905592,
    "lr": 1.3527595427905593e-06,
    "weight_decay": 0.05
  },
  "layer_13_no_decay": {
    "param_names": [
      "backbone.levels.1.norm.0.weight",
      "backbone.levels.1.norm.0.bias",
      "backbone.levels.1.downsample.norm.1.weight",
      "backbone.levels.1.downsample.norm.1.bias",
      "backbone.levels.2.blocks.0.norm1.0.weight",
      "backbone.levels.2.blocks.0.norm1.0.bias",
      "backbone.levels.2.blocks.0.dcn.center_feature_scale_proj_bias",
      "backbone.levels.2.blocks.0.dcn.dw_conv.0.bias",
      "backbone.levels.2.blocks.0.dcn.dw_conv.1.1.weight",
      "backbone.levels.2.blocks.0.dcn.dw_conv.1.1.bias",
      "backbone.levels.2.blocks.0.dcn.offset.bias",
      "backbone.levels.2.blocks.0.dcn.mask.bias",
      "backbone.levels.2.blocks.0.dcn.input_proj.bias",
      "backbone.levels.2.blocks.0.dcn.output_proj.bias",
      "backbone.levels.2.blocks.0.norm2.0.weight",
      "backbone.levels.2.blocks.0.norm2.0.bias",
      "backbone.levels.2.blocks.0.mlp.fc1.bias",
      "backbone.levels.2.blocks.0.mlp.fc2.bias",
      "backbone.levels.2.blocks.0.res_post_norm1.0.weight",
      "backbone.levels.2.blocks.0.res_post_norm1.0.bias",
      "backbone.levels.2.blocks.0.res_post_norm2.0.weight",
      "backbone.levels.2.blocks.0.res_post_norm2.0.bias",
      "backbone.levels.2.post_norms.0.0.weight",
      "backbone.levels.2.post_norms.0.0.bias"
    ],
    "lr_scale": 0.14239574134637467,
    "lr": 1.4239574134637468e-06,
    "weight_decay": 0.0
  },
  "layer_13_decay": {
    "param_names": [
      "backbone.levels.1.downsample.conv.weight",
      "backbone.levels.2.blocks.0.dcn.center_feature_scale_proj_weight",
      "backbone.levels.2.blocks.0.dcn.dw_conv.0.weight",
      "backbone.levels.2.blocks.0.dcn.offset.weight",
      "backbone.levels.2.blocks.0.dcn.mask.weight",
      "backbone.levels.2.blocks.0.dcn.input_proj.weight",
      "backbone.levels.2.blocks.0.dcn.output_proj.weight",
      "backbone.levels.2.blocks.0.mlp.fc1.weight",
      "backbone.levels.2.blocks.0.mlp.fc2.weight"
    ],
    "lr_scale": 0.14239574134637467,
    "lr": 1.4239574134637468e-06,
    "weight_decay": 0.05
  },
  "layer_14_no_decay": {
    "param_names": [
      "backbone.levels.2.blocks.1.norm1.0.weight",
      "backbone.levels.2.blocks.1.norm1.0.bias",
      "backbone.levels.2.blocks.1.dcn.center_feature_scale_proj_bias",
      "backbone.levels.2.blocks.1.dcn.dw_conv.0.bias",
      "backbone.levels.2.blocks.1.dcn.dw_conv.1.1.weight",
      "backbone.levels.2.blocks.1.dcn.dw_conv.1.1.bias",
      "backbone.levels.2.blocks.1.dcn.offset.bias",
      "backbone.levels.2.blocks.1.dcn.mask.bias",
      "backbone.levels.2.blocks.1.dcn.input_proj.bias",
      "backbone.levels.2.blocks.1.dcn.output_proj.bias",
      "backbone.levels.2.blocks.1.norm2.0.weight",
      "backbone.levels.2.blocks.1.norm2.0.bias",
      "backbone.levels.2.blocks.1.mlp.fc1.bias",
      "backbone.levels.2.blocks.1.mlp.fc2.bias",
      "backbone.levels.2.blocks.1.res_post_norm1.0.weight",
      "backbone.levels.2.blocks.1.res_post_norm1.0.bias",
      "backbone.levels.2.blocks.1.res_post_norm2.0.weight",
      "backbone.levels.2.blocks.1.res_post_norm2.0.bias",
      "backbone.levels.2.post_norms.1.0.weight",
      "backbone.levels.2.post_norms.1.0.bias"
    ],
    "lr_scale": 0.14989025404881545,
    "lr": 1.4989025404881547e-06,
    "weight_decay": 0.0
  },
  "layer_14_decay": {
    "param_names": [
      "backbone.levels.2.blocks.1.dcn.center_feature_scale_proj_weight",
      "backbone.levels.2.blocks.1.dcn.dw_conv.0.weight",
      "backbone.levels.2.blocks.1.dcn.offset.weight",
      "backbone.levels.2.blocks.1.dcn.mask.weight",
      "backbone.levels.2.blocks.1.dcn.input_proj.weight",
      "backbone.levels.2.blocks.1.dcn.output_proj.weight",
      "backbone.levels.2.blocks.1.mlp.fc1.weight",
      "backbone.levels.2.blocks.1.mlp.fc2.weight"
    ],
    "lr_scale": 0.14989025404881545,
    "lr": 1.4989025404881547e-06,
    "weight_decay": 0.05
  },
  "layer_15_no_decay": {
    "param_names": [
      "backbone.levels.2.blocks.2.norm1.0.weight",
      "backbone.levels.2.blocks.2.norm1.0.bias",
      "backbone.levels.2.blocks.2.dcn.center_feature_scale_proj_bias",
      "backbone.levels.2.blocks.2.dcn.dw_conv.0.bias",
      "backbone.levels.2.blocks.2.dcn.dw_conv.1.1.weight",
      "backbone.levels.2.blocks.2.dcn.dw_conv.1.1.bias",
      "backbone.levels.2.blocks.2.dcn.offset.bias",
      "backbone.levels.2.blocks.2.dcn.mask.bias",
      "backbone.levels.2.blocks.2.dcn.input_proj.bias",
      "backbone.levels.2.blocks.2.dcn.output_proj.bias",
      "backbone.levels.2.blocks.2.norm2.0.weight",
      "backbone.levels.2.blocks.2.norm2.0.bias",
      "backbone.levels.2.blocks.2.mlp.fc1.bias",
      "backbone.levels.2.blocks.2.mlp.fc2.bias",
      "backbone.levels.2.blocks.2.res_post_norm1.0.weight",
      "backbone.levels.2.blocks.2.res_post_norm1.0.bias",
      "backbone.levels.2.blocks.2.res_post_norm2.0.weight",
      "backbone.levels.2.blocks.2.res_post_norm2.0.bias",
      "backbone.levels.2.post_norms.2.0.weight",
      "backbone.levels.2.post_norms.2.0.bias"
    ],
    "lr_scale": 0.1577792147882268,
    "lr": 1.577792147882268e-06,
    "weight_decay": 0.0
  },
  "layer_15_decay": {
    "param_names": [
      "backbone.levels.2.blocks.2.dcn.center_feature_scale_proj_weight",
      "backbone.levels.2.blocks.2.dcn.dw_conv.0.weight",
      "backbone.levels.2.blocks.2.dcn.offset.weight",
      "backbone.levels.2.blocks.2.dcn.mask.weight",
      "backbone.levels.2.blocks.2.dcn.input_proj.weight",
      "backbone.levels.2.blocks.2.dcn.output_proj.weight",
      "backbone.levels.2.blocks.2.mlp.fc1.weight",
      "backbone.levels.2.blocks.2.mlp.fc2.weight"
    ],
    "lr_scale": 0.1577792147882268,
    "lr": 1.577792147882268e-06,
    "weight_decay": 0.05
  },
  "layer_16_no_decay": {
    "param_names": [
      "backbone.levels.2.blocks.3.norm1.0.weight",
      "backbone.levels.2.blocks.3.norm1.0.bias",
      "backbone.levels.2.blocks.3.dcn.center_feature_scale_proj_bias",
      "backbone.levels.2.blocks.3.dcn.dw_conv.0.bias",
      "backbone.levels.2.blocks.3.dcn.dw_conv.1.1.weight",
      "backbone.levels.2.blocks.3.dcn.dw_conv.1.1.bias",
      "backbone.levels.2.blocks.3.dcn.offset.bias",
      "backbone.levels.2.blocks.3.dcn.mask.bias",
      "backbone.levels.2.blocks.3.dcn.input_proj.bias",
      "backbone.levels.2.blocks.3.dcn.output_proj.bias",
      "backbone.levels.2.blocks.3.norm2.0.weight",
      "backbone.levels.2.blocks.3.norm2.0.bias",
      "backbone.levels.2.blocks.3.mlp.fc1.bias",
      "backbone.levels.2.blocks.3.mlp.fc2.bias",
      "backbone.levels.2.blocks.3.res_post_norm1.0.weight",
      "backbone.levels.2.blocks.3.res_post_norm1.0.bias",
      "backbone.levels.2.blocks.3.res_post_norm2.0.weight",
      "backbone.levels.2.blocks.3.res_post_norm2.0.bias",
      "backbone.levels.2.post_norms.3.0.weight",
      "backbone.levels.2.post_norms.3.0.bias"
    ],
    "lr_scale": 0.16608338398760716,
    "lr": 1.6608338398760719e-06,
    "weight_decay": 0.0
  },
  "layer_16_decay": {
    "param_names": [
      "backbone.levels.2.blocks.3.dcn.center_feature_scale_proj_weight",
      "backbone.levels.2.blocks.3.dcn.dw_conv.0.weight",
      "backbone.levels.2.blocks.3.dcn.offset.weight",
      "backbone.levels.2.blocks.3.dcn.mask.weight",
      "backbone.levels.2.blocks.3.dcn.input_proj.weight",
      "backbone.levels.2.blocks.3.dcn.output_proj.weight",
      "backbone.levels.2.blocks.3.mlp.fc1.weight",
      "backbone.levels.2.blocks.3.mlp.fc2.weight"
    ],
    "lr_scale": 0.16608338398760716,
    "lr": 1.6608338398760719e-06,
    "weight_decay": 0.05
  },
  "layer_17_no_decay": {
    "param_names": [
      "backbone.levels.2.blocks.4.norm1.0.weight",
      "backbone.levels.2.blocks.4.norm1.0.bias",
      "backbone.levels.2.blocks.4.dcn.center_feature_scale_proj_bias",
      "backbone.levels.2.blocks.4.dcn.dw_conv.0.bias",
      "backbone.levels.2.blocks.4.dcn.dw_conv.1.1.weight",
      "backbone.levels.2.blocks.4.dcn.dw_conv.1.1.bias",
      "backbone.levels.2.blocks.4.dcn.offset.bias",
      "backbone.levels.2.blocks.4.dcn.mask.bias",
      "backbone.levels.2.blocks.4.dcn.input_proj.bias",
      "backbone.levels.2.blocks.4.dcn.output_proj.bias",
      "backbone.levels.2.blocks.4.norm2.0.weight",
      "backbone.levels.2.blocks.4.norm2.0.bias",
      "backbone.levels.2.blocks.4.mlp.fc1.bias",
      "backbone.levels.2.blocks.4.mlp.fc2.bias",
      "backbone.levels.2.blocks.4.res_post_norm1.0.weight",
      "backbone.levels.2.blocks.4.res_post_norm1.0.bias",
      "backbone.levels.2.blocks.4.res_post_norm2.0.weight",
      "backbone.levels.2.blocks.4.res_post_norm2.0.bias",
      "backbone.levels.2.post_norms.4.0.weight",
      "backbone.levels.2.post_norms.4.0.bias"
    ],
    "lr_scale": 0.174824614723797,
    "lr": 1.7482461472379704e-06,
    "weight_decay": 0.0
  },
  "layer_17_decay": {
    "param_names": [
      "backbone.levels.2.blocks.4.dcn.center_feature_scale_proj_weight",
      "backbone.levels.2.blocks.4.dcn.dw_conv.0.weight",
      "backbone.levels.2.blocks.4.dcn.offset.weight",
      "backbone.levels.2.blocks.4.dcn.mask.weight",
      "backbone.levels.2.blocks.4.dcn.input_proj.weight",
      "backbone.levels.2.blocks.4.dcn.output_proj.weight",
      "backbone.levels.2.blocks.4.mlp.fc1.weight",
      "backbone.levels.2.blocks.4.mlp.fc2.weight"
    ],
    "lr_scale": 0.174824614723797,
    "lr": 1.7482461472379704e-06,
    "weight_decay": 0.05
  },
  "layer_18_no_decay": {
    "param_names": [
      "backbone.levels.2.blocks.5.norm1.0.weight",
      "backbone.levels.2.blocks.5.norm1.0.bias",
      "backbone.levels.2.blocks.5.dcn.center_feature_scale_proj_bias",
      "backbone.levels.2.blocks.5.dcn.dw_conv.0.bias",
      "backbone.levels.2.blocks.5.dcn.dw_conv.1.1.weight",
      "backbone.levels.2.blocks.5.dcn.dw_conv.1.1.bias",
      "backbone.levels.2.blocks.5.dcn.offset.bias",
      "backbone.levels.2.blocks.5.dcn.mask.bias",
      "backbone.levels.2.blocks.5.dcn.input_proj.bias",
      "backbone.levels.2.blocks.5.dcn.output_proj.bias",
      "backbone.levels.2.blocks.5.norm2.0.weight",
      "backbone.levels.2.blocks.5.norm2.0.bias",
      "backbone.levels.2.blocks.5.mlp.fc1.bias",
      "backbone.levels.2.blocks.5.mlp.fc2.bias",
      "backbone.levels.2.blocks.5.res_post_norm1.0.weight",
      "backbone.levels.2.blocks.5.res_post_norm1.0.bias",
      "backbone.levels.2.blocks.5.res_post_norm2.0.weight",
      "backbone.levels.2.blocks.5.res_post_norm2.0.bias"
    ],
    "lr_scale": 0.18402591023557582,
    "lr": 1.8402591023557584e-06,
    "weight_decay": 0.0
  },
  "layer_18_decay": {
    "param_names": [
      "backbone.levels.2.blocks.5.dcn.center_feature_scale_proj_weight",
      "backbone.levels.2.blocks.5.dcn.dw_conv.0.weight",
      "backbone.levels.2.blocks.5.dcn.offset.weight",
      "backbone.levels.2.blocks.5.dcn.mask.weight",
      "backbone.levels.2.blocks.5.dcn.input_proj.weight",
      "backbone.levels.2.blocks.5.dcn.output_proj.weight",
      "backbone.levels.2.blocks.5.mlp.fc1.weight",
      "backbone.levels.2.blocks.5.mlp.fc2.weight"
    ],
    "lr_scale": 0.18402591023557582,
    "lr": 1.8402591023557584e-06,
    "weight_decay": 0.05
  },
  "layer_19_no_decay": {
    "param_names": [
      "backbone.levels.2.blocks.6.norm1.0.weight",
      "backbone.levels.2.blocks.6.norm1.0.bias",
      "backbone.levels.2.blocks.6.dcn.center_feature_scale_proj_bias",
      "backbone.levels.2.blocks.6.dcn.dw_conv.0.bias",
      "backbone.levels.2.blocks.6.dcn.dw_conv.1.1.weight",
      "backbone.levels.2.blocks.6.dcn.dw_conv.1.1.bias",
      "backbone.levels.2.blocks.6.dcn.offset.bias",
      "backbone.levels.2.blocks.6.dcn.mask.bias",
      "backbone.levels.2.blocks.6.dcn.input_proj.bias",
      "backbone.levels.2.blocks.6.dcn.output_proj.bias",
      "backbone.levels.2.blocks.6.norm2.0.weight",
      "backbone.levels.2.blocks.6.norm2.0.bias",
      "backbone.levels.2.blocks.6.mlp.fc1.bias",
      "backbone.levels.2.blocks.6.mlp.fc2.bias",
      "backbone.levels.2.blocks.6.res_post_norm1.0.weight",
      "backbone.levels.2.blocks.6.res_post_norm1.0.bias",
      "backbone.levels.2.blocks.6.res_post_norm2.0.weight",
      "backbone.levels.2.blocks.6.res_post_norm2.0.bias"
    ],
    "lr_scale": 0.19371148445850087,
    "lr": 1.937114844585009e-06,
    "weight_decay": 0.0
  },
  "layer_19_decay": {
    "param_names": [
      "backbone.levels.2.blocks.6.dcn.center_feature_scale_proj_weight",
      "backbone.levels.2.blocks.6.dcn.dw_conv.0.weight",
      "backbone.levels.2.blocks.6.dcn.offset.weight",
      "backbone.levels.2.blocks.6.dcn.mask.weight",
      "backbone.levels.2.blocks.6.dcn.input_proj.weight",
      "backbone.levels.2.blocks.6.dcn.output_proj.weight",
      "backbone.levels.2.blocks.6.mlp.fc1.weight",
      "backbone.levels.2.blocks.6.mlp.fc2.weight"
    ],
    "lr_scale": 0.19371148445850087,
    "lr": 1.937114844585009e-06,
    "weight_decay": 0.05
  },
  "layer_20_no_decay": {
    "param_names": [
      "backbone.levels.2.blocks.7.norm1.0.weight",
      "backbone.levels.2.blocks.7.norm1.0.bias",
      "backbone.levels.2.blocks.7.dcn.center_feature_scale_proj_bias",
      "backbone.levels.2.blocks.7.dcn.dw_conv.0.bias",
      "backbone.levels.2.blocks.7.dcn.dw_conv.1.1.weight",
      "backbone.levels.2.blocks.7.dcn.dw_conv.1.1.bias",
      "backbone.levels.2.blocks.7.dcn.offset.bias",
      "backbone.levels.2.blocks.7.dcn.mask.bias",
      "backbone.levels.2.blocks.7.dcn.input_proj.bias",
      "backbone.levels.2.blocks.7.dcn.output_proj.bias",
      "backbone.levels.2.blocks.7.norm2.0.weight",
      "backbone.levels.2.blocks.7.norm2.0.bias",
      "backbone.levels.2.blocks.7.mlp.fc1.bias",
      "backbone.levels.2.blocks.7.mlp.fc2.bias",
      "backbone.levels.2.blocks.7.res_post_norm1.0.weight",
      "backbone.levels.2.blocks.7.res_post_norm1.0.bias",
      "backbone.levels.2.blocks.7.res_post_norm2.0.weight",
      "backbone.levels.2.blocks.7.res_post_norm2.0.bias"
    ],
    "lr_scale": 0.2039068257457904,
    "lr": 2.039068257457904e-06,
    "weight_decay": 0.0
  },
  "layer_20_decay": {
    "param_names": [
      "backbone.levels.2.blocks.7.dcn.center_feature_scale_proj_weight",
      "backbone.levels.2.blocks.7.dcn.dw_conv.0.weight",
      "backbone.levels.2.blocks.7.dcn.offset.weight",
      "backbone.levels.2.blocks.7.dcn.mask.weight",
      "backbone.levels.2.blocks.7.dcn.input_proj.weight",
      "backbone.levels.2.blocks.7.dcn.output_proj.weight",
      "backbone.levels.2.blocks.7.mlp.fc1.weight",
      "backbone.levels.2.blocks.7.mlp.fc2.weight"
    ],
    "lr_scale": 0.2039068257457904,
    "lr": 2.039068257457904e-06,
    "weight_decay": 0.05
  },
  "layer_21_no_decay": {
    "param_names": [
      "backbone.levels.2.blocks.8.norm1.0.weight",
      "backbone.levels.2.blocks.8.norm1.0.bias",
      "backbone.levels.2.blocks.8.dcn.center_feature_scale_proj_bias",
      "backbone.levels.2.blocks.8.dcn.dw_conv.0.bias",
      "backbone.levels.2.blocks.8.dcn.dw_conv.1.1.weight",
      "backbone.levels.2.blocks.8.dcn.dw_conv.1.1.bias",
      "backbone.levels.2.blocks.8.dcn.offset.bias",
      "backbone.levels.2.blocks.8.dcn.mask.bias",
      "backbone.levels.2.blocks.8.dcn.input_proj.bias",
      "backbone.levels.2.blocks.8.dcn.output_proj.bias",
      "backbone.levels.2.blocks.8.norm2.0.weight",
      "backbone.levels.2.blocks.8.norm2.0.bias",
      "backbone.levels.2.blocks.8.mlp.fc1.bias",
      "backbone.levels.2.blocks.8.mlp.fc2.bias",
      "backbone.levels.2.blocks.8.res_post_norm1.0.weight",
      "backbone.levels.2.blocks.8.res_post_norm1.0.bias",
      "backbone.levels.2.blocks.8.res_post_norm2.0.weight",
      "backbone.levels.2.blocks.8.res_post_norm2.0.bias"
    ],
    "lr_scale": 0.21463876394293727,
    "lr": 2.146387639429373e-06,
    "weight_decay": 0.0
  },
  "layer_21_decay": {
    "param_names": [
      "backbone.levels.2.blocks.8.dcn.center_feature_scale_proj_weight",
      "backbone.levels.2.blocks.8.dcn.dw_conv.0.weight",
      "backbone.levels.2.blocks.8.dcn.offset.weight",
      "backbone.levels.2.blocks.8.dcn.mask.weight",
      "backbone.levels.2.blocks.8.dcn.input_proj.weight",
      "backbone.levels.2.blocks.8.dcn.output_proj.weight",
      "backbone.levels.2.blocks.8.mlp.fc1.weight",
      "backbone.levels.2.blocks.8.mlp.fc2.weight"
    ],
    "lr_scale": 0.21463876394293727,
    "lr": 2.146387639429373e-06,
    "weight_decay": 0.05
  },
  "layer_22_no_decay": {
    "param_names": [
      "backbone.levels.2.blocks.9.norm1.0.weight",
      "backbone.levels.2.blocks.9.norm1.0.bias",
      "backbone.levels.2.blocks.9.dcn.center_feature_scale_proj_bias",
      "backbone.levels.2.blocks.9.dcn.dw_conv.0.bias",
      "backbone.levels.2.blocks.9.dcn.dw_conv.1.1.weight",
      "backbone.levels.2.blocks.9.dcn.dw_conv.1.1.bias",
      "backbone.levels.2.blocks.9.dcn.offset.bias",
      "backbone.levels.2.blocks.9.dcn.mask.bias",
      "backbone.levels.2.blocks.9.dcn.input_proj.bias",
      "backbone.levels.2.blocks.9.dcn.output_proj.bias",
      "backbone.levels.2.blocks.9.norm2.0.weight",
      "backbone.levels.2.blocks.9.norm2.0.bias",
      "backbone.levels.2.blocks.9.mlp.fc1.bias",
      "backbone.levels.2.blocks.9.mlp.fc2.bias",
      "backbone.levels.2.blocks.9.res_post_norm1.0.weight",
      "backbone.levels.2.blocks.9.res_post_norm1.0.bias",
      "backbone.levels.2.blocks.9.res_post_norm2.0.weight",
      "backbone.levels.2.blocks.9.res_post_norm2.0.bias"
    ],
    "lr_scale": 0.22593554099256555,
    "lr": 2.2593554099256557e-06,
    "weight_decay": 0.0
  },
  "layer_22_decay": {
    "param_names": [
      "backbone.levels.2.blocks.9.dcn.center_feature_scale_proj_weight",
      "backbone.levels.2.blocks.9.dcn.dw_conv.0.weight",
      "backbone.levels.2.blocks.9.dcn.offset.weight",
      "backbone.levels.2.blocks.9.dcn.mask.weight",
      "backbone.levels.2.blocks.9.dcn.input_proj.weight",
      "backbone.levels.2.blocks.9.dcn.output_proj.weight",
      "backbone.levels.2.blocks.9.mlp.fc1.weight",
      "backbone.levels.2.blocks.9.mlp.fc2.weight"
    ],
    "lr_scale": 0.22593554099256555,
    "lr": 2.2593554099256557e-06,
    "weight_decay": 0.05
  },
  "layer_23_no_decay": {
    "param_names": [
      "backbone.levels.2.blocks.10.norm1.0.weight",
      "backbone.levels.2.blocks.10.norm1.0.bias",
      "backbone.levels.2.blocks.10.dcn.center_feature_scale_proj_bias",
      "backbone.levels.2.blocks.10.dcn.dw_conv.0.bias",
      "backbone.levels.2.blocks.10.dcn.dw_conv.1.1.weight",
      "backbone.levels.2.blocks.10.dcn.dw_conv.1.1.bias",
      "backbone.levels.2.blocks.10.dcn.offset.bias",
      "backbone.levels.2.blocks.10.dcn.mask.bias",
      "backbone.levels.2.blocks.10.dcn.input_proj.bias",
      "backbone.levels.2.blocks.10.dcn.output_proj.bias",
      "backbone.levels.2.blocks.10.norm2.0.weight",
      "backbone.levels.2.blocks.10.norm2.0.bias",
      "backbone.levels.2.blocks.10.mlp.fc1.bias",
      "backbone.levels.2.blocks.10.mlp.fc2.bias",
      "backbone.levels.2.blocks.10.res_post_norm1.0.weight",
      "backbone.levels.2.blocks.10.res_post_norm1.0.bias",
      "backbone.levels.2.blocks.10.res_post_norm2.0.weight",
      "backbone.levels.2.blocks.10.res_post_norm2.0.bias"
    ],
    "lr_scale": 0.23782688525533216,
    "lr": 2.378268852553322e-06,
    "weight_decay": 0.0
  },
  "layer_23_decay": {
    "param_names": [
      "backbone.levels.2.blocks.10.dcn.center_feature_scale_proj_weight",
      "backbone.levels.2.blocks.10.dcn.dw_conv.0.weight",
      "backbone.levels.2.blocks.10.dcn.offset.weight",
      "backbone.levels.2.blocks.10.dcn.mask.weight",
      "backbone.levels.2.blocks.10.dcn.input_proj.weight",
      "backbone.levels.2.blocks.10.dcn.output_proj.weight",
      "backbone.levels.2.blocks.10.mlp.fc1.weight",
      "backbone.levels.2.blocks.10.mlp.fc2.weight"
    ],
    "lr_scale": 0.23782688525533216,
    "lr": 2.378268852553322e-06,
    "weight_decay": 0.05
  },
  "layer_24_no_decay": {
    "param_names": [
      "backbone.levels.2.blocks.11.norm1.0.weight",
      "backbone.levels.2.blocks.11.norm1.0.bias",
      "backbone.levels.2.blocks.11.dcn.center_feature_scale_proj_bias",
      "backbone.levels.2.blocks.11.dcn.dw_conv.0.bias",
      "backbone.levels.2.blocks.11.dcn.dw_conv.1.1.weight",
      "backbone.levels.2.blocks.11.dcn.dw_conv.1.1.bias",
      "backbone.levels.2.blocks.11.dcn.offset.bias",
      "backbone.levels.2.blocks.11.dcn.mask.bias",
      "backbone.levels.2.blocks.11.dcn.input_proj.bias",
      "backbone.levels.2.blocks.11.dcn.output_proj.bias",
      "backbone.levels.2.blocks.11.norm2.0.weight",
      "backbone.levels.2.blocks.11.norm2.0.bias",
      "backbone.levels.2.blocks.11.mlp.fc1.bias",
      "backbone.levels.2.blocks.11.mlp.fc2.bias",
      "backbone.levels.2.blocks.11.res_post_norm1.0.weight",
      "backbone.levels.2.blocks.11.res_post_norm1.0.bias",
      "backbone.levels.2.blocks.11.res_post_norm2.0.weight",
      "backbone.levels.2.blocks.11.res_post_norm2.0.bias"
    ],
    "lr_scale": 0.2503440897424549,
    "lr": 2.5034408974245495e-06,
    "weight_decay": 0.0
  },
  "layer_24_decay": {
    "param_names": [
      "backbone.levels.2.blocks.11.dcn.center_feature_scale_proj_weight",
      "backbone.levels.2.blocks.11.dcn.dw_conv.0.weight",
      "backbone.levels.2.blocks.11.dcn.offset.weight",
      "backbone.levels.2.blocks.11.dcn.mask.weight",
      "backbone.levels.2.blocks.11.dcn.input_proj.weight",
      "backbone.levels.2.blocks.11.dcn.output_proj.weight",
      "backbone.levels.2.blocks.11.mlp.fc1.weight",
      "backbone.levels.2.blocks.11.mlp.fc2.weight"
    ],
    "lr_scale": 0.2503440897424549,
    "lr": 2.5034408974245495e-06,
    "weight_decay": 0.05
  },
  "layer_25_no_decay": {
    "param_names": [
      "backbone.levels.2.blocks.12.norm1.0.weight",
      "backbone.levels.2.blocks.12.norm1.0.bias",
      "backbone.levels.2.blocks.12.dcn.center_feature_scale_proj_bias",
      "backbone.levels.2.blocks.12.dcn.dw_conv.0.bias",
      "backbone.levels.2.blocks.12.dcn.dw_conv.1.1.weight",
      "backbone.levels.2.blocks.12.dcn.dw_conv.1.1.bias",
      "backbone.levels.2.blocks.12.dcn.offset.bias",
      "backbone.levels.2.blocks.12.dcn.mask.bias",
      "backbone.levels.2.blocks.12.dcn.input_proj.bias",
      "backbone.levels.2.blocks.12.dcn.output_proj.bias",
      "backbone.levels.2.blocks.12.norm2.0.weight",
      "backbone.levels.2.blocks.12.norm2.0.bias",
      "backbone.levels.2.blocks.12.mlp.fc1.bias",
      "backbone.levels.2.blocks.12.mlp.fc2.bias",
      "backbone.levels.2.blocks.12.res_post_norm1.0.weight",
      "backbone.levels.2.blocks.12.res_post_norm1.0.bias",
      "backbone.levels.2.blocks.12.res_post_norm2.0.weight",
      "backbone.levels.2.blocks.12.res_post_norm2.0.bias"
    ],
    "lr_scale": 0.26352009446574204,
    "lr": 2.6352009446574206e-06,
    "weight_decay": 0.0
  },
  "layer_25_decay": {
    "param_names": [
      "backbone.levels.2.blocks.12.dcn.center_feature_scale_proj_weight",
      "backbone.levels.2.blocks.12.dcn.dw_conv.0.weight",
      "backbone.levels.2.blocks.12.dcn.offset.weight",
      "backbone.levels.2.blocks.12.dcn.mask.weight",
      "backbone.levels.2.blocks.12.dcn.input_proj.weight",
      "backbone.levels.2.blocks.12.dcn.output_proj.weight",
      "backbone.levels.2.blocks.12.mlp.fc1.weight",
      "backbone.levels.2.blocks.12.mlp.fc2.weight"
    ],
    "lr_scale": 0.26352009446574204,
    "lr": 2.6352009446574206e-06,
    "weight_decay": 0.05
  },
  "layer_26_no_decay": {
    "param_names": [
      "backbone.levels.2.blocks.13.norm1.0.weight",
      "backbone.levels.2.blocks.13.norm1.0.bias",
      "backbone.levels.2.blocks.13.dcn.center_feature_scale_proj_bias",
      "backbone.levels.2.blocks.13.dcn.dw_conv.0.bias",
      "backbone.levels.2.blocks.13.dcn.dw_conv.1.1.weight",
      "backbone.levels.2.blocks.13.dcn.dw_conv.1.1.bias",
      "backbone.levels.2.blocks.13.dcn.offset.bias",
      "backbone.levels.2.blocks.13.dcn.mask.bias",
      "backbone.levels.2.blocks.13.dcn.input_proj.bias",
      "backbone.levels.2.blocks.13.dcn.output_proj.bias",
      "backbone.levels.2.blocks.13.norm2.0.weight",
      "backbone.levels.2.blocks.13.norm2.0.bias",
      "backbone.levels.2.blocks.13.mlp.fc1.bias",
      "backbone.levels.2.blocks.13.mlp.fc2.bias",
      "backbone.levels.2.blocks.13.res_post_norm1.0.weight",
      "backbone.levels.2.blocks.13.res_post_norm1.0.bias",
      "backbone.levels.2.blocks.13.res_post_norm2.0.weight",
      "backbone.levels.2.blocks.13.res_post_norm2.0.bias"
    ],
    "lr_scale": 0.27738957312183377,
    "lr": 2.7738957312183377e-06,
    "weight_decay": 0.0
  },
  "layer_26_decay": {
    "param_names": [
      "backbone.levels.2.blocks.13.dcn.center_feature_scale_proj_weight",
      "backbone.levels.2.blocks.13.dcn.dw_conv.0.weight",
      "backbone.levels.2.blocks.13.dcn.offset.weight",
      "backbone.levels.2.blocks.13.dcn.mask.weight",
      "backbone.levels.2.blocks.13.dcn.input_proj.weight",
      "backbone.levels.2.blocks.13.dcn.output_proj.weight",
      "backbone.levels.2.blocks.13.mlp.fc1.weight",
      "backbone.levels.2.blocks.13.mlp.fc2.weight"
    ],
    "lr_scale": 0.27738957312183377,
    "lr": 2.7738957312183377e-06,
    "weight_decay": 0.05
  },
  "layer_27_no_decay": {
    "param_names": [
      "backbone.levels.2.blocks.14.norm1.0.weight",
      "backbone.levels.2.blocks.14.norm1.0.bias",
      "backbone.levels.2.blocks.14.dcn.center_feature_scale_proj_bias",
      "backbone.levels.2.blocks.14.dcn.dw_conv.0.bias",
      "backbone.levels.2.blocks.14.dcn.dw_conv.1.1.weight",
      "backbone.levels.2.blocks.14.dcn.dw_conv.1.1.bias",
      "backbone.levels.2.blocks.14.dcn.offset.bias",
      "backbone.levels.2.blocks.14.dcn.mask.bias",
      "backbone.levels.2.blocks.14.dcn.input_proj.bias",
      "backbone.levels.2.blocks.14.dcn.output_proj.bias",
      "backbone.levels.2.blocks.14.norm2.0.weight",
      "backbone.levels.2.blocks.14.norm2.0.bias",
      "backbone.levels.2.blocks.14.mlp.fc1.bias",
      "backbone.levels.2.blocks.14.mlp.fc2.bias",
      "backbone.levels.2.blocks.14.res_post_norm1.0.weight",
      "backbone.levels.2.blocks.14.res_post_norm1.0.bias",
      "backbone.levels.2.blocks.14.res_post_norm2.0.weight",
      "backbone.levels.2.blocks.14.res_post_norm2.0.bias"
    ],
    "lr_scale": 0.2919890243387724,
    "lr": 2.919890243387724e-06,
    "weight_decay": 0.0
  },
  "layer_27_decay": {
    "param_names": [
      "backbone.levels.2.blocks.14.dcn.center_feature_scale_proj_weight",
      "backbone.levels.2.blocks.14.dcn.dw_conv.0.weight",
      "backbone.levels.2.blocks.14.dcn.offset.weight",
      "backbone.levels.2.blocks.14.dcn.mask.weight",
      "backbone.levels.2.blocks.14.dcn.input_proj.weight",
      "backbone.levels.2.blocks.14.dcn.output_proj.weight",
      "backbone.levels.2.blocks.14.mlp.fc1.weight",
      "backbone.levels.2.blocks.14.mlp.fc2.weight"
    ],
    "lr_scale": 0.2919890243387724,
    "lr": 2.919890243387724e-06,
    "weight_decay": 0.05
  },
  "layer_28_no_decay": {
    "param_names": [
      "backbone.levels.2.blocks.15.norm1.0.weight",
      "backbone.levels.2.blocks.15.norm1.0.bias",
      "backbone.levels.2.blocks.15.dcn.center_feature_scale_proj_bias",
      "backbone.levels.2.blocks.15.dcn.dw_conv.0.bias",
      "backbone.levels.2.blocks.15.dcn.dw_conv.1.1.weight",
      "backbone.levels.2.blocks.15.dcn.dw_conv.1.1.bias",
      "backbone.levels.2.blocks.15.dcn.offset.bias",
      "backbone.levels.2.blocks.15.dcn.mask.bias",
      "backbone.levels.2.blocks.15.dcn.input_proj.bias",
      "backbone.levels.2.blocks.15.dcn.output_proj.bias",
      "backbone.levels.2.blocks.15.norm2.0.weight",
      "backbone.levels.2.blocks.15.norm2.0.bias",
      "backbone.levels.2.blocks.15.mlp.fc1.bias",
      "backbone.levels.2.blocks.15.mlp.fc2.bias",
      "backbone.levels.2.blocks.15.res_post_norm1.0.weight",
      "backbone.levels.2.blocks.15.res_post_norm1.0.bias",
      "backbone.levels.2.blocks.15.res_post_norm2.0.weight",
      "backbone.levels.2.blocks.15.res_post_norm2.0.bias"
    ],
    "lr_scale": 0.3073568677250236,
    "lr": 3.073568677250236e-06,
    "weight_decay": 0.0
  },
  "layer_28_decay": {
    "param_names": [
      "backbone.levels.2.blocks.15.dcn.center_feature_scale_proj_weight",
      "backbone.levels.2.blocks.15.dcn.dw_conv.0.weight",
      "backbone.levels.2.blocks.15.dcn.offset.weight",
      "backbone.levels.2.blocks.15.dcn.mask.weight",
      "backbone.levels.2.blocks.15.dcn.input_proj.weight",
      "backbone.levels.2.blocks.15.dcn.output_proj.weight",
      "backbone.levels.2.blocks.15.mlp.fc1.weight",
      "backbone.levels.2.blocks.15.mlp.fc2.weight"
    ],
    "lr_scale": 0.3073568677250236,
    "lr": 3.073568677250236e-06,
    "weight_decay": 0.05
  },
  "layer_29_no_decay": {
    "param_names": [
      "backbone.levels.2.blocks.16.norm1.0.weight",
      "backbone.levels.2.blocks.16.norm1.0.bias",
      "backbone.levels.2.blocks.16.dcn.center_feature_scale_proj_bias",
      "backbone.levels.2.blocks.16.dcn.dw_conv.0.bias",
      "backbone.levels.2.blocks.16.dcn.dw_conv.1.1.weight",
      "backbone.levels.2.blocks.16.dcn.dw_conv.1.1.bias",
      "backbone.levels.2.blocks.16.dcn.offset.bias",
      "backbone.levels.2.blocks.16.dcn.mask.bias",
      "backbone.levels.2.blocks.16.dcn.input_proj.bias",
      "backbone.levels.2.blocks.16.dcn.output_proj.bias",
      "backbone.levels.2.blocks.16.norm2.0.weight",
      "backbone.levels.2.blocks.16.norm2.0.bias",
      "backbone.levels.2.blocks.16.mlp.fc1.bias",
      "backbone.levels.2.blocks.16.mlp.fc2.bias",
      "backbone.levels.2.blocks.16.res_post_norm1.0.weight",
      "backbone.levels.2.blocks.16.res_post_norm1.0.bias",
      "backbone.levels.2.blocks.16.res_post_norm2.0.weight",
      "backbone.levels.2.blocks.16.res_post_norm2.0.bias"
    ],
    "lr_scale": 0.323533544973709,
    "lr": 3.2353354497370905e-06,
    "weight_decay": 0.0
  },
  "layer_29_decay": {
    "param_names": [
      "backbone.levels.2.blocks.16.dcn.center_feature_scale_proj_weight",
      "backbone.levels.2.blocks.16.dcn.dw_conv.0.weight",
      "backbone.levels.2.blocks.16.dcn.offset.weight",
      "backbone.levels.2.blocks.16.dcn.mask.weight",
      "backbone.levels.2.blocks.16.dcn.input_proj.weight",
      "backbone.levels.2.blocks.16.dcn.output_proj.weight",
      "backbone.levels.2.blocks.16.mlp.fc1.weight",
      "backbone.levels.2.blocks.16.mlp.fc2.weight"
    ],
    "lr_scale": 0.323533544973709,
    "lr": 3.2353354497370905e-06,
    "weight_decay": 0.05
  },
  "layer_30_no_decay": {
    "param_names": [
      "backbone.levels.2.blocks.17.norm1.0.weight",
      "backbone.levels.2.blocks.17.norm1.0.bias",
      "backbone.levels.2.blocks.17.dcn.center_feature_scale_proj_bias",
      "backbone.levels.2.blocks.17.dcn.dw_conv.0.bias",
      "backbone.levels.2.blocks.17.dcn.dw_conv.1.1.weight",
      "backbone.levels.2.blocks.17.dcn.dw_conv.1.1.bias",
      "backbone.levels.2.blocks.17.dcn.offset.bias",
      "backbone.levels.2.blocks.17.dcn.mask.bias",
      "backbone.levels.2.blocks.17.dcn.input_proj.bias",
      "backbone.levels.2.blocks.17.dcn.output_proj.bias",
      "backbone.levels.2.blocks.17.norm2.0.weight",
      "backbone.levels.2.blocks.17.norm2.0.bias",
      "backbone.levels.2.blocks.17.mlp.fc1.bias",
      "backbone.levels.2.blocks.17.mlp.fc2.bias",
      "backbone.levels.2.blocks.17.res_post_norm1.0.weight",
      "backbone.levels.2.blocks.17.res_post_norm1.0.bias",
      "backbone.levels.2.blocks.17.res_post_norm2.0.weight",
      "backbone.levels.2.blocks.17.res_post_norm2.0.bias"
    ],
    "lr_scale": 0.3405616262881148,
    "lr": 3.4056162628811484e-06,
    "weight_decay": 0.0
  },
  "layer_30_decay": {
    "param_names": [
      "backbone.levels.2.blocks.17.dcn.center_feature_scale_proj_weight",
      "backbone.levels.2.blocks.17.dcn.dw_conv.0.weight",
      "backbone.levels.2.blocks.17.dcn.offset.weight",
      "backbone.levels.2.blocks.17.dcn.mask.weight",
      "backbone.levels.2.blocks.17.dcn.input_proj.weight",
      "backbone.levels.2.blocks.17.dcn.output_proj.weight",
      "backbone.levels.2.blocks.17.mlp.fc1.weight",
      "backbone.levels.2.blocks.17.mlp.fc2.weight"
    ],
    "lr_scale": 0.3405616262881148,
    "lr": 3.4056162628811484e-06,
    "weight_decay": 0.05
  },
  "layer_31_no_decay": {
    "param_names": [
      "backbone.levels.2.blocks.18.norm1.0.weight",
      "backbone.levels.2.blocks.18.norm1.0.bias",
      "backbone.levels.2.blocks.18.dcn.center_feature_scale_proj_bias",
      "backbone.levels.2.blocks.18.dcn.dw_conv.0.bias",
      "backbone.levels.2.blocks.18.dcn.dw_conv.1.1.weight",
      "backbone.levels.2.blocks.18.dcn.dw_conv.1.1.bias",
      "backbone.levels.2.blocks.18.dcn.offset.bias",
      "backbone.levels.2.blocks.18.dcn.mask.bias",
      "backbone.levels.2.blocks.18.dcn.input_proj.bias",
      "backbone.levels.2.blocks.18.dcn.output_proj.bias",
      "backbone.levels.2.blocks.18.norm2.0.weight",
      "backbone.levels.2.blocks.18.norm2.0.bias",
      "backbone.levels.2.blocks.18.mlp.fc1.bias",
      "backbone.levels.2.blocks.18.mlp.fc2.bias",
      "backbone.levels.2.blocks.18.res_post_norm1.0.weight",
      "backbone.levels.2.blocks.18.res_post_norm1.0.bias",
      "backbone.levels.2.blocks.18.res_post_norm2.0.weight",
      "backbone.levels.2.blocks.18.res_post_norm2.0.bias"
    ],
    "lr_scale": 0.3584859224085419,
    "lr": 3.584859224085419e-06,
    "weight_decay": 0.0
  },
  "layer_31_decay": {
    "param_names": [
      "backbone.levels.2.blocks.18.dcn.center_feature_scale_proj_weight",
      "backbone.levels.2.blocks.18.dcn.dw_conv.0.weight",
      "backbone.levels.2.blocks.18.dcn.offset.weight",
      "backbone.levels.2.blocks.18.dcn.mask.weight",
      "backbone.levels.2.blocks.18.dcn.input_proj.weight",
      "backbone.levels.2.blocks.18.dcn.output_proj.weight",
      "backbone.levels.2.blocks.18.mlp.fc1.weight",
      "backbone.levels.2.blocks.18.mlp.fc2.weight"
    ],
    "lr_scale": 0.3584859224085419,
    "lr": 3.584859224085419e-06,
    "weight_decay": 0.05
  },
  "layer_32_no_decay": {
    "param_names": [
      "backbone.levels.2.blocks.19.norm1.0.weight",
      "backbone.levels.2.blocks.19.norm1.0.bias",
      "backbone.levels.2.blocks.19.dcn.center_feature_scale_proj_bias",
      "backbone.levels.2.blocks.19.dcn.dw_conv.0.bias",
      "backbone.levels.2.blocks.19.dcn.dw_conv.1.1.weight",
      "backbone.levels.2.blocks.19.dcn.dw_conv.1.1.bias",
      "backbone.levels.2.blocks.19.dcn.offset.bias",
      "backbone.levels.2.blocks.19.dcn.mask.bias",
      "backbone.levels.2.blocks.19.dcn.input_proj.bias",
      "backbone.levels.2.blocks.19.dcn.output_proj.bias",
      "backbone.levels.2.blocks.19.norm2.0.weight",
      "backbone.levels.2.blocks.19.norm2.0.bias",
      "backbone.levels.2.blocks.19.mlp.fc1.bias",
      "backbone.levels.2.blocks.19.mlp.fc2.bias",
      "backbone.levels.2.blocks.19.res_post_norm1.0.weight",
      "backbone.levels.2.blocks.19.res_post_norm1.0.bias",
      "backbone.levels.2.blocks.19.res_post_norm2.0.weight",
      "backbone.levels.2.blocks.19.res_post_norm2.0.bias"
    ],
    "lr_scale": 0.37735360253530725,
    "lr": 3.7735360253530726e-06,
    "weight_decay": 0.0
  },
  "layer_32_decay": {
    "param_names": [
      "backbone.levels.2.blocks.19.dcn.center_feature_scale_proj_weight",
      "backbone.levels.2.blocks.19.dcn.dw_conv.0.weight",
      "backbone.levels.2.blocks.19.dcn.offset.weight",
      "backbone.levels.2.blocks.19.dcn.mask.weight",
      "backbone.levels.2.blocks.19.dcn.input_proj.weight",
      "backbone.levels.2.blocks.19.dcn.output_proj.weight",
      "backbone.levels.2.blocks.19.mlp.fc1.weight",
      "backbone.levels.2.blocks.19.mlp.fc2.weight"
    ],
    "lr_scale": 0.37735360253530725,
    "lr": 3.7735360253530726e-06,
    "weight_decay": 0.05
  },
  "layer_33_no_decay": {
    "param_names": [
      "backbone.levels.2.blocks.20.norm1.0.weight",
      "backbone.levels.2.blocks.20.norm1.0.bias",
      "backbone.levels.2.blocks.20.dcn.center_feature_scale_proj_bias",
      "backbone.levels.2.blocks.20.dcn.dw_conv.0.bias",
      "backbone.levels.2.blocks.20.dcn.dw_conv.1.1.weight",
      "backbone.levels.2.blocks.20.dcn.dw_conv.1.1.bias",
      "backbone.levels.2.blocks.20.dcn.offset.bias",
      "backbone.levels.2.blocks.20.dcn.mask.bias",
      "backbone.levels.2.blocks.20.dcn.input_proj.bias",
      "backbone.levels.2.blocks.20.dcn.output_proj.bias",
      "backbone.levels.2.blocks.20.norm2.0.weight",
      "backbone.levels.2.blocks.20.norm2.0.bias",
      "backbone.levels.2.blocks.20.mlp.fc1.bias",
      "backbone.levels.2.blocks.20.mlp.fc2.bias",
      "backbone.levels.2.blocks.20.res_post_norm1.0.weight",
      "backbone.levels.2.blocks.20.res_post_norm1.0.bias",
      "backbone.levels.2.blocks.20.res_post_norm2.0.weight",
      "backbone.levels.2.blocks.20.res_post_norm2.0.bias"
    ],
    "lr_scale": 0.3972143184582182,
    "lr": 3.972143184582182e-06,
    "weight_decay": 0.0
  },
  "layer_33_decay": {
    "param_names": [
      "backbone.levels.2.blocks.20.dcn.center_feature_scale_proj_weight",
      "backbone.levels.2.blocks.20.dcn.dw_conv.0.weight",
      "backbone.levels.2.blocks.20.dcn.offset.weight",
      "backbone.levels.2.blocks.20.dcn.mask.weight",
      "backbone.levels.2.blocks.20.dcn.input_proj.weight",
      "backbone.levels.2.blocks.20.dcn.output_proj.weight",
      "backbone.levels.2.blocks.20.mlp.fc1.weight",
      "backbone.levels.2.blocks.20.mlp.fc2.weight"
    ],
    "lr_scale": 0.3972143184582182,
    "lr": 3.972143184582182e-06,
    "weight_decay": 0.05
  },
  "layer_34_no_decay": {
    "param_names": [
      "backbone.levels.2.blocks.21.norm1.0.weight",
      "backbone.levels.2.blocks.21.norm1.0.bias",
      "backbone.levels.2.blocks.21.dcn.center_feature_scale_proj_bias",
      "backbone.levels.2.blocks.21.dcn.dw_conv.0.bias",
      "backbone.levels.2.blocks.21.dcn.dw_conv.1.1.weight",
      "backbone.levels.2.blocks.21.dcn.dw_conv.1.1.bias",
      "backbone.levels.2.blocks.21.dcn.offset.bias",
      "backbone.levels.2.blocks.21.dcn.mask.bias",
      "backbone.levels.2.blocks.21.dcn.input_proj.bias",
      "backbone.levels.2.blocks.21.dcn.output_proj.bias",
      "backbone.levels.2.blocks.21.norm2.0.weight",
      "backbone.levels.2.blocks.21.norm2.0.bias",
      "backbone.levels.2.blocks.21.mlp.fc1.bias",
      "backbone.levels.2.blocks.21.mlp.fc2.bias",
      "backbone.levels.2.blocks.21.res_post_norm1.0.weight",
      "backbone.levels.2.blocks.21.res_post_norm1.0.bias",
      "backbone.levels.2.blocks.21.res_post_norm2.0.weight",
      "backbone.levels.2.blocks.21.res_post_norm2.0.bias"
    ],
    "lr_scale": 0.4181203352191771,
    "lr": 4.181203352191771e-06,
    "weight_decay": 0.0
  },
  "layer_34_decay": {
    "param_names": [
      "backbone.levels.2.blocks.21.dcn.center_feature_scale_proj_weight",
      "backbone.levels.2.blocks.21.dcn.dw_conv.0.weight",
      "backbone.levels.2.blocks.21.dcn.offset.weight",
      "backbone.levels.2.blocks.21.dcn.mask.weight",
      "backbone.levels.2.blocks.21.dcn.input_proj.weight",
      "backbone.levels.2.blocks.21.dcn.output_proj.weight",
      "backbone.levels.2.blocks.21.mlp.fc1.weight",
      "backbone.levels.2.blocks.21.mlp.fc2.weight"
    ],
    "lr_scale": 0.4181203352191771,
    "lr": 4.181203352191771e-06,
    "weight_decay": 0.05
  },
  "layer_35_no_decay": {
    "param_names": [
      "backbone.levels.2.blocks.22.norm1.0.weight",
      "backbone.levels.2.blocks.22.norm1.0.bias",
      "backbone.levels.2.blocks.22.dcn.center_feature_scale_proj_bias",
      "backbone.levels.2.blocks.22.dcn.dw_conv.0.bias",
      "backbone.levels.2.blocks.22.dcn.dw_conv.1.1.weight",
      "backbone.levels.2.blocks.22.dcn.dw_conv.1.1.bias",
      "backbone.levels.2.blocks.22.dcn.offset.bias",
      "backbone.levels.2.blocks.22.dcn.mask.bias",
      "backbone.levels.2.blocks.22.dcn.input_proj.bias",
      "backbone.levels.2.blocks.22.dcn.output_proj.bias",
      "backbone.levels.2.blocks.22.norm2.0.weight",
      "backbone.levels.2.blocks.22.norm2.0.bias",
      "backbone.levels.2.blocks.22.mlp.fc1.bias",
      "backbone.levels.2.blocks.22.mlp.fc2.bias",
      "backbone.levels.2.blocks.22.res_post_norm1.0.weight",
      "backbone.levels.2.blocks.22.res_post_norm1.0.bias",
      "backbone.levels.2.blocks.22.res_post_norm2.0.weight",
      "backbone.levels.2.blocks.22.res_post_norm2.0.bias"
    ],
    "lr_scale": 0.44012666865176536,
    "lr": 4.401266686517654e-06,
    "weight_decay": 0.0
  },
  "layer_35_decay": {
    "param_names": [
      "backbone.levels.2.blocks.22.dcn.center_feature_scale_proj_weight",
      "backbone.levels.2.blocks.22.dcn.dw_conv.0.weight",
      "backbone.levels.2.blocks.22.dcn.offset.weight",
      "backbone.levels.2.blocks.22.dcn.mask.weight",
      "backbone.levels.2.blocks.22.dcn.input_proj.weight",
      "backbone.levels.2.blocks.22.dcn.output_proj.weight",
      "backbone.levels.2.blocks.22.mlp.fc1.weight",
      "backbone.levels.2.blocks.22.mlp.fc2.weight"
    ],
    "lr_scale": 0.44012666865176536,
    "lr": 4.401266686517654e-06,
    "weight_decay": 0.05
  },
  "layer_36_no_decay": {
    "param_names": [
      "backbone.levels.2.blocks.23.norm1.0.weight",
      "backbone.levels.2.blocks.23.norm1.0.bias",
      "backbone.levels.2.blocks.23.dcn.center_feature_scale_proj_bias",
      "backbone.levels.2.blocks.23.dcn.dw_conv.0.bias",
      "backbone.levels.2.blocks.23.dcn.dw_conv.1.1.weight",
      "backbone.levels.2.blocks.23.dcn.dw_conv.1.1.bias",
      "backbone.levels.2.blocks.23.dcn.offset.bias",
      "backbone.levels.2.blocks.23.dcn.mask.bias",
      "backbone.levels.2.blocks.23.dcn.input_proj.bias",
      "backbone.levels.2.blocks.23.dcn.output_proj.bias",
      "backbone.levels.2.blocks.23.norm2.0.weight",
      "backbone.levels.2.blocks.23.norm2.0.bias",
      "backbone.levels.2.blocks.23.mlp.fc1.bias",
      "backbone.levels.2.blocks.23.mlp.fc2.bias",
      "backbone.levels.2.blocks.23.res_post_norm1.0.weight",
      "backbone.levels.2.blocks.23.res_post_norm1.0.bias",
      "backbone.levels.2.blocks.23.res_post_norm2.0.weight",
      "backbone.levels.2.blocks.23.res_post_norm2.0.bias"
    ],
    "lr_scale": 0.46329123015975304,
    "lr": 4.632912301597531e-06,
    "weight_decay": 0.0
  },
  "layer_36_decay": {
    "param_names": [
      "backbone.levels.2.blocks.23.dcn.center_feature_scale_proj_weight",
      "backbone.levels.2.blocks.23.dcn.dw_conv.0.weight",
      "backbone.levels.2.blocks.23.dcn.offset.weight",
      "backbone.levels.2.blocks.23.dcn.mask.weight",
      "backbone.levels.2.blocks.23.dcn.input_proj.weight",
      "backbone.levels.2.blocks.23.dcn.output_proj.weight",
      "backbone.levels.2.blocks.23.mlp.fc1.weight",
      "backbone.levels.2.blocks.23.mlp.fc2.weight"
    ],
    "lr_scale": 0.46329123015975304,
    "lr": 4.632912301597531e-06,
    "weight_decay": 0.05
  },
  "layer_37_no_decay": {
    "param_names": [
      "backbone.levels.2.blocks.24.norm1.0.weight",
      "backbone.levels.2.blocks.24.norm1.0.bias",
      "backbone.levels.2.blocks.24.dcn.center_feature_scale_proj_bias",
      "backbone.levels.2.blocks.24.dcn.dw_conv.0.bias",
      "backbone.levels.2.blocks.24.dcn.dw_conv.1.1.weight",
      "backbone.levels.2.blocks.24.dcn.dw_conv.1.1.bias",
      "backbone.levels.2.blocks.24.dcn.offset.bias",
      "backbone.levels.2.blocks.24.dcn.mask.bias",
      "backbone.levels.2.blocks.24.dcn.input_proj.bias",
      "backbone.levels.2.blocks.24.dcn.output_proj.bias",
      "backbone.levels.2.blocks.24.norm2.0.weight",
      "backbone.levels.2.blocks.24.norm2.0.bias",
      "backbone.levels.2.blocks.24.mlp.fc1.bias",
      "backbone.levels.2.blocks.24.mlp.fc2.bias",
      "backbone.levels.2.blocks.24.res_post_norm1.0.weight",
      "backbone.levels.2.blocks.24.res_post_norm1.0.bias",
      "backbone.levels.2.blocks.24.res_post_norm2.0.weight",
      "backbone.levels.2.blocks.24.res_post_norm2.0.bias"
    ],
    "lr_scale": 0.48767497911552954,
    "lr": 4.876749791155296e-06,
    "weight_decay": 0.0
  },
  "layer_37_decay": {
    "param_names": [
      "backbone.levels.2.blocks.24.dcn.center_feature_scale_proj_weight",
      "backbone.levels.2.blocks.24.dcn.dw_conv.0.weight",
      "backbone.levels.2.blocks.24.dcn.offset.weight",
      "backbone.levels.2.blocks.24.dcn.mask.weight",
      "backbone.levels.2.blocks.24.dcn.input_proj.weight",
      "backbone.levels.2.blocks.24.dcn.output_proj.weight",
      "backbone.levels.2.blocks.24.mlp.fc1.weight",
      "backbone.levels.2.blocks.24.mlp.fc2.weight"
    ],
    "lr_scale": 0.48767497911552954,
    "lr": 4.876749791155296e-06,
    "weight_decay": 0.05
  },
  "layer_38_no_decay": {
    "param_names": [
      "backbone.levels.2.blocks.25.norm1.0.weight",
      "backbone.levels.2.blocks.25.norm1.0.bias",
      "backbone.levels.2.blocks.25.dcn.center_feature_scale_proj_bias",
      "backbone.levels.2.blocks.25.dcn.dw_conv.0.bias",
      "backbone.levels.2.blocks.25.dcn.dw_conv.1.1.weight",
      "backbone.levels.2.blocks.25.dcn.dw_conv.1.1.bias",
      "backbone.levels.2.blocks.25.dcn.offset.bias",
      "backbone.levels.2.blocks.25.dcn.mask.bias",
      "backbone.levels.2.blocks.25.dcn.input_proj.bias",
      "backbone.levels.2.blocks.25.dcn.output_proj.bias",
      "backbone.levels.2.blocks.25.norm2.0.weight",
      "backbone.levels.2.blocks.25.norm2.0.bias",
      "backbone.levels.2.blocks.25.mlp.fc1.bias",
      "backbone.levels.2.blocks.25.mlp.fc2.bias",
      "backbone.levels.2.blocks.25.res_post_norm1.0.weight",
      "backbone.levels.2.blocks.25.res_post_norm1.0.bias",
      "backbone.levels.2.blocks.25.res_post_norm2.0.weight",
      "backbone.levels.2.blocks.25.res_post_norm2.0.bias"
    ],
    "lr_scale": 0.5133420832795048,
    "lr": 5.133420832795049e-06,
    "weight_decay": 0.0
  },
  "layer_38_decay": {
    "param_names": [
      "backbone.levels.2.blocks.25.dcn.center_feature_scale_proj_weight",
      "backbone.levels.2.blocks.25.dcn.dw_conv.0.weight",
      "backbone.levels.2.blocks.25.dcn.offset.weight",
      "backbone.levels.2.blocks.25.dcn.mask.weight",
      "backbone.levels.2.blocks.25.dcn.input_proj.weight",
      "backbone.levels.2.blocks.25.dcn.output_proj.weight",
      "backbone.levels.2.blocks.25.mlp.fc1.weight",
      "backbone.levels.2.blocks.25.mlp.fc2.weight"
    ],
    "lr_scale": 0.5133420832795048,
    "lr": 5.133420832795049e-06,
    "weight_decay": 0.05
  },
  "layer_39_no_decay": {
    "param_names": [
      "backbone.levels.2.blocks.26.norm1.0.weight",
      "backbone.levels.2.blocks.26.norm1.0.bias",
      "backbone.levels.2.blocks.26.dcn.center_feature_scale_proj_bias",
      "backbone.levels.2.blocks.26.dcn.dw_conv.0.bias",
      "backbone.levels.2.blocks.26.dcn.dw_conv.1.1.weight",
      "backbone.levels.2.blocks.26.dcn.dw_conv.1.1.bias",
      "backbone.levels.2.blocks.26.dcn.offset.bias",
      "backbone.levels.2.blocks.26.dcn.mask.bias",
      "backbone.levels.2.blocks.26.dcn.input_proj.bias",
      "backbone.levels.2.blocks.26.dcn.output_proj.bias",
      "backbone.levels.2.blocks.26.norm2.0.weight",
      "backbone.levels.2.blocks.26.norm2.0.bias",
      "backbone.levels.2.blocks.26.mlp.fc1.bias",
      "backbone.levels.2.blocks.26.mlp.fc2.bias",
      "backbone.levels.2.blocks.26.res_post_norm1.0.weight",
      "backbone.levels.2.blocks.26.res_post_norm1.0.bias",
      "backbone.levels.2.blocks.26.res_post_norm2.0.weight",
      "backbone.levels.2.blocks.26.res_post_norm2.0.bias"
    ],
    "lr_scale": 0.5403600876626367,
    "lr": 5.403600876626367e-06,
    "weight_decay": 0.0
  },
  "layer_39_decay": {
    "param_names": [
      "backbone.levels.2.blocks.26.dcn.center_feature_scale_proj_weight",
      "backbone.levels.2.blocks.26.dcn.dw_conv.0.weight",
      "backbone.levels.2.blocks.26.dcn.offset.weight",
      "backbone.levels.2.blocks.26.dcn.mask.weight",
      "backbone.levels.2.blocks.26.dcn.input_proj.weight",
      "backbone.levels.2.blocks.26.dcn.output_proj.weight",
      "backbone.levels.2.blocks.26.mlp.fc1.weight",
      "backbone.levels.2.blocks.26.mlp.fc2.weight"
    ],
    "lr_scale": 0.5403600876626367,
    "lr": 5.403600876626367e-06,
    "weight_decay": 0.05
  },
  "layer_40_no_decay": {
    "param_names": [
      "backbone.levels.2.blocks.27.norm1.0.weight",
      "backbone.levels.2.blocks.27.norm1.0.bias",
      "backbone.levels.2.blocks.27.dcn.center_feature_scale_proj_bias",
      "backbone.levels.2.blocks.27.dcn.dw_conv.0.bias",
      "backbone.levels.2.blocks.27.dcn.dw_conv.1.1.weight",
      "backbone.levels.2.blocks.27.dcn.dw_conv.1.1.bias",
      "backbone.levels.2.blocks.27.dcn.offset.bias",
      "backbone.levels.2.blocks.27.dcn.mask.bias",
      "backbone.levels.2.blocks.27.dcn.input_proj.bias",
      "backbone.levels.2.blocks.27.dcn.output_proj.bias",
      "backbone.levels.2.blocks.27.norm2.0.weight",
      "backbone.levels.2.blocks.27.norm2.0.bias",
      "backbone.levels.2.blocks.27.mlp.fc1.bias",
      "backbone.levels.2.blocks.27.mlp.fc2.bias",
      "backbone.levels.2.blocks.27.res_post_norm1.0.weight",
      "backbone.levels.2.blocks.27.res_post_norm1.0.bias",
      "backbone.levels.2.blocks.27.res_post_norm2.0.weight",
      "backbone.levels.2.blocks.27.res_post_norm2.0.bias"
    ],
    "lr_scale": 0.5688000922764597,
    "lr": 5.688000922764597e-06,
    "weight_decay": 0.0
  },
  "layer_40_decay": {
    "param_names": [
      "backbone.levels.2.blocks.27.dcn.center_feature_scale_proj_weight",
      "backbone.levels.2.blocks.27.dcn.dw_conv.0.weight",
      "backbone.levels.2.blocks.27.dcn.offset.weight",
      "backbone.levels.2.blocks.27.dcn.mask.weight",
      "backbone.levels.2.blocks.27.dcn.input_proj.weight",
      "backbone.levels.2.blocks.27.dcn.output_proj.weight",
      "backbone.levels.2.blocks.27.mlp.fc1.weight",
      "backbone.levels.2.blocks.27.mlp.fc2.weight"
    ],
    "lr_scale": 0.5688000922764597,
    "lr": 5.688000922764597e-06,
    "weight_decay": 0.05
  },
  "layer_41_no_decay": {
    "param_names": [
      "backbone.levels.2.blocks.28.norm1.0.weight",
      "backbone.levels.2.blocks.28.norm1.0.bias",
      "backbone.levels.2.blocks.28.dcn.center_feature_scale_proj_bias",
      "backbone.levels.2.blocks.28.dcn.dw_conv.0.bias",
      "backbone.levels.2.blocks.28.dcn.dw_conv.1.1.weight",
      "backbone.levels.2.blocks.28.dcn.dw_conv.1.1.bias",
      "backbone.levels.2.blocks.28.dcn.offset.bias",
      "backbone.levels.2.blocks.28.dcn.mask.bias",
      "backbone.levels.2.blocks.28.dcn.input_proj.bias",
      "backbone.levels.2.blocks.28.dcn.output_proj.bias",
      "backbone.levels.2.blocks.28.norm2.0.weight",
      "backbone.levels.2.blocks.28.norm2.0.bias",
      "backbone.levels.2.blocks.28.mlp.fc1.bias",
      "backbone.levels.2.blocks.28.mlp.fc2.bias",
      "backbone.levels.2.blocks.28.res_post_norm1.0.weight",
      "backbone.levels.2.blocks.28.res_post_norm1.0.bias",
      "backbone.levels.2.blocks.28.res_post_norm2.0.weight",
      "backbone.levels.2.blocks.28.res_post_norm2.0.bias"
    ],
    "lr_scale": 0.5987369392383787,
    "lr": 5.987369392383788e-06,
    "weight_decay": 0.0
  },
  "layer_41_decay": {
    "param_names": [
      "backbone.levels.2.blocks.28.dcn.center_feature_scale_proj_weight",
      "backbone.levels.2.blocks.28.dcn.dw_conv.0.weight",
      "backbone.levels.2.blocks.28.dcn.offset.weight",
      "backbone.levels.2.blocks.28.dcn.mask.weight",
      "backbone.levels.2.blocks.28.dcn.input_proj.weight",
      "backbone.levels.2.blocks.28.dcn.output_proj.weight",
      "backbone.levels.2.blocks.28.mlp.fc1.weight",
      "backbone.levels.2.blocks.28.mlp.fc2.weight"
    ],
    "lr_scale": 0.5987369392383787,
    "lr": 5.987369392383788e-06,
    "weight_decay": 0.05
  },
  "layer_42_no_decay": {
    "param_names": [
      "backbone.levels.2.blocks.29.norm1.0.weight",
      "backbone.levels.2.blocks.29.norm1.0.bias",
      "backbone.levels.2.blocks.29.dcn.center_feature_scale_proj_bias",
      "backbone.levels.2.blocks.29.dcn.dw_conv.0.bias",
      "backbone.levels.2.blocks.29.dcn.dw_conv.1.1.weight",
      "backbone.levels.2.blocks.29.dcn.dw_conv.1.1.bias",
      "backbone.levels.2.blocks.29.dcn.offset.bias",
      "backbone.levels.2.blocks.29.dcn.mask.bias",
      "backbone.levels.2.blocks.29.dcn.input_proj.bias",
      "backbone.levels.2.blocks.29.dcn.output_proj.bias",
      "backbone.levels.2.blocks.29.norm2.0.weight",
      "backbone.levels.2.blocks.29.norm2.0.bias",
      "backbone.levels.2.blocks.29.mlp.fc1.bias",
      "backbone.levels.2.blocks.29.mlp.fc2.bias",
      "backbone.levels.2.blocks.29.res_post_norm1.0.weight",
      "backbone.levels.2.blocks.29.res_post_norm1.0.bias",
      "backbone.levels.2.blocks.29.res_post_norm2.0.weight",
      "backbone.levels.2.blocks.29.res_post_norm2.0.bias"
    ],
    "lr_scale": 0.6302494097246091,
    "lr": 6.302494097246091e-06,
    "weight_decay": 0.0
  },
  "layer_42_decay": {
    "param_names": [
      "backbone.levels.2.blocks.29.dcn.center_feature_scale_proj_weight",
      "backbone.levels.2.blocks.29.dcn.dw_conv.0.weight",
      "backbone.levels.2.blocks.29.dcn.offset.weight",
      "backbone.levels.2.blocks.29.dcn.mask.weight",
      "backbone.levels.2.blocks.29.dcn.input_proj.weight",
      "backbone.levels.2.blocks.29.dcn.output_proj.weight",
      "backbone.levels.2.blocks.29.mlp.fc1.weight",
      "backbone.levels.2.blocks.29.mlp.fc2.weight"
    ],
    "lr_scale": 0.6302494097246091,
    "lr": 6.302494097246091e-06,
    "weight_decay": 0.05
  },
  "layer_43_no_decay": {
    "param_names": [
      "backbone.levels.2.blocks.30.norm1.0.weight",
      "backbone.levels.2.blocks.30.norm1.0.bias",
      "backbone.levels.2.blocks.30.dcn.center_feature_scale_proj_bias",
      "backbone.levels.2.blocks.30.dcn.dw_conv.0.bias",
      "backbone.levels.2.blocks.30.dcn.dw_conv.1.1.weight",
      "backbone.levels.2.blocks.30.dcn.dw_conv.1.1.bias",
      "backbone.levels.2.blocks.30.dcn.offset.bias",
      "backbone.levels.2.blocks.30.dcn.mask.bias",
      "backbone.levels.2.blocks.30.dcn.input_proj.bias",
      "backbone.levels.2.blocks.30.dcn.output_proj.bias",
      "backbone.levels.2.blocks.30.norm2.0.weight",
      "backbone.levels.2.blocks.30.norm2.0.bias",
      "backbone.levels.2.blocks.30.mlp.fc1.bias",
      "backbone.levels.2.blocks.30.mlp.fc2.bias",
      "backbone.levels.2.blocks.30.res_post_norm1.0.weight",
      "backbone.levels.2.blocks.30.res_post_norm1.0.bias",
      "backbone.levels.2.blocks.30.res_post_norm2.0.weight",
      "backbone.levels.2.blocks.30.res_post_norm2.0.bias"
    ],
    "lr_scale": 0.6634204312890623,
    "lr": 6.634204312890623e-06,
    "weight_decay": 0.0
  },
  "layer_43_decay": {
    "param_names": [
      "backbone.levels.2.blocks.30.dcn.center_feature_scale_proj_weight",
      "backbone.levels.2.blocks.30.dcn.dw_conv.0.weight",
      "backbone.levels.2.blocks.30.dcn.offset.weight",
      "backbone.levels.2.blocks.30.dcn.mask.weight",
      "backbone.levels.2.blocks.30.dcn.input_proj.weight",
      "backbone.levels.2.blocks.30.dcn.output_proj.weight",
      "backbone.levels.2.blocks.30.mlp.fc1.weight",
      "backbone.levels.2.blocks.30.mlp.fc2.weight"
    ],
    "lr_scale": 0.6634204312890623,
    "lr": 6.634204312890623e-06,
    "weight_decay": 0.05
  },
  "layer_44_no_decay": {
    "param_names": [
      "backbone.levels.2.blocks.31.norm1.0.weight",
      "backbone.levels.2.blocks.31.norm1.0.bias",
      "backbone.levels.2.blocks.31.dcn.center_feature_scale_proj_bias",
      "backbone.levels.2.blocks.31.dcn.dw_conv.0.bias",
      "backbone.levels.2.blocks.31.dcn.dw_conv.1.1.weight",
      "backbone.levels.2.blocks.31.dcn.dw_conv.1.1.bias",
      "backbone.levels.2.blocks.31.dcn.offset.bias",
      "backbone.levels.2.blocks.31.dcn.mask.bias",
      "backbone.levels.2.blocks.31.dcn.input_proj.bias",
      "backbone.levels.2.blocks.31.dcn.output_proj.bias",
      "backbone.levels.2.blocks.31.norm2.0.weight",
      "backbone.levels.2.blocks.31.norm2.0.bias",
      "backbone.levels.2.blocks.31.mlp.fc1.bias",
      "backbone.levels.2.blocks.31.mlp.fc2.bias",
      "backbone.levels.2.blocks.31.res_post_norm1.0.weight",
      "backbone.levels.2.blocks.31.res_post_norm1.0.bias",
      "backbone.levels.2.blocks.31.res_post_norm2.0.weight",
      "backbone.levels.2.blocks.31.res_post_norm2.0.bias"
    ],
    "lr_scale": 0.6983372960937497,
    "lr": 6.983372960937498e-06,
    "weight_decay": 0.0
  },
  "layer_44_decay": {
    "param_names": [
      "backbone.levels.2.blocks.31.dcn.center_feature_scale_proj_weight",
      "backbone.levels.2.blocks.31.dcn.dw_conv.0.weight",
      "backbone.levels.2.blocks.31.dcn.offset.weight",
      "backbone.levels.2.blocks.31.dcn.mask.weight",
      "backbone.levels.2.blocks.31.dcn.input_proj.weight",
      "backbone.levels.2.blocks.31.dcn.output_proj.weight",
      "backbone.levels.2.blocks.31.mlp.fc1.weight",
      "backbone.levels.2.blocks.31.mlp.fc2.weight"
    ],
    "lr_scale": 0.6983372960937497,
    "lr": 6.983372960937498e-06,
    "weight_decay": 0.05
  },
  "layer_45_no_decay": {
    "param_names": [
      "backbone.levels.2.norm.0.weight",
      "backbone.levels.2.norm.0.bias",
      "backbone.levels.2.downsample.norm.1.weight",
      "backbone.levels.2.downsample.norm.1.bias",
      "backbone.levels.3.blocks.0.norm1.0.weight",
      "backbone.levels.3.blocks.0.norm1.0.bias",
      "backbone.levels.3.blocks.0.dcn.center_feature_scale_proj_bias",
      "backbone.levels.3.blocks.0.dcn.dw_conv.0.bias",
      "backbone.levels.3.blocks.0.dcn.dw_conv.1.1.weight",
      "backbone.levels.3.blocks.0.dcn.dw_conv.1.1.bias",
      "backbone.levels.3.blocks.0.dcn.offset.bias",
      "backbone.levels.3.blocks.0.dcn.mask.bias",
      "backbone.levels.3.blocks.0.dcn.input_proj.bias",
      "backbone.levels.3.blocks.0.dcn.output_proj.bias",
      "backbone.levels.3.blocks.0.norm2.0.weight",
      "backbone.levels.3.blocks.0.norm2.0.bias",
      "backbone.levels.3.blocks.0.mlp.fc1.bias",
      "backbone.levels.3.blocks.0.mlp.fc2.bias",
      "backbone.levels.3.blocks.0.res_post_norm1.0.weight",
      "backbone.levels.3.blocks.0.res_post_norm1.0.bias",
      "backbone.levels.3.blocks.0.res_post_norm2.0.weight",
      "backbone.levels.3.blocks.0.res_post_norm2.0.bias",
      "backbone.levels.3.norm.0.weight",
      "backbone.levels.3.norm.0.bias"
    ],
    "lr_scale": 0.7350918906249998,
    "lr": 7.350918906249998e-06,
    "weight_decay": 0.0
  },
  "layer_45_decay": {
    "param_names": [
      "backbone.levels.2.downsample.conv.weight",
      "backbone.levels.3.blocks.0.dcn.center_feature_scale_proj_weight",
      "backbone.levels.3.blocks.0.dcn.dw_conv.0.weight",
      "backbone.levels.3.blocks.0.dcn.offset.weight",
      "backbone.levels.3.blocks.0.dcn.mask.weight",
      "backbone.levels.3.blocks.0.dcn.input_proj.weight",
      "backbone.levels.3.blocks.0.dcn.output_proj.weight",
      "backbone.levels.3.blocks.0.mlp.fc1.weight",
      "backbone.levels.3.blocks.0.mlp.fc2.weight"
    ],
    "lr_scale": 0.7350918906249998,
    "lr": 7.350918906249998e-06,
    "weight_decay": 0.05
  },
  "layer_46_no_decay": {
    "param_names": [
      "backbone.levels.3.blocks.1.norm1.0.weight",
      "backbone.levels.3.blocks.1.norm1.0.bias",
      "backbone.levels.3.blocks.1.dcn.center_feature_scale_proj_bias",
      "backbone.levels.3.blocks.1.dcn.dw_conv.0.bias",
      "backbone.levels.3.blocks.1.dcn.dw_conv.1.1.weight",
      "backbone.levels.3.blocks.1.dcn.dw_conv.1.1.bias",
      "backbone.levels.3.blocks.1.dcn.offset.bias",
      "backbone.levels.3.blocks.1.dcn.mask.bias",
      "backbone.levels.3.blocks.1.dcn.input_proj.bias",
      "backbone.levels.3.blocks.1.dcn.output_proj.bias",
      "backbone.levels.3.blocks.1.norm2.0.weight",
      "backbone.levels.3.blocks.1.norm2.0.bias",
      "backbone.levels.3.blocks.1.mlp.fc1.bias",
      "backbone.levels.3.blocks.1.mlp.fc2.bias",
      "backbone.levels.3.blocks.1.res_post_norm1.0.weight",
      "backbone.levels.3.blocks.1.res_post_norm1.0.bias",
      "backbone.levels.3.blocks.1.res_post_norm2.0.weight",
      "backbone.levels.3.blocks.1.res_post_norm2.0.bias"
    ],
    "lr_scale": 0.7737809374999998,
    "lr": 7.737809374999999e-06,
    "weight_decay": 0.0
  },
  "layer_46_decay": {
    "param_names": [
      "backbone.levels.3.blocks.1.dcn.center_feature_scale_proj_weight",
      "backbone.levels.3.blocks.1.dcn.dw_conv.0.weight",
      "backbone.levels.3.blocks.1.dcn.offset.weight",
      "backbone.levels.3.blocks.1.dcn.mask.weight",
      "backbone.levels.3.blocks.1.dcn.input_proj.weight",
      "backbone.levels.3.blocks.1.dcn.output_proj.weight",
      "backbone.levels.3.blocks.1.mlp.fc1.weight",
      "backbone.levels.3.blocks.1.mlp.fc2.weight"
    ],
    "lr_scale": 0.7737809374999998,
    "lr": 7.737809374999999e-06,
    "weight_decay": 0.05
  },
  "layer_47_no_decay": {
    "param_names": [
      "backbone.levels.3.blocks.2.norm1.0.weight",
      "backbone.levels.3.blocks.2.norm1.0.bias",
      "backbone.levels.3.blocks.2.dcn.center_feature_scale_proj_bias",
      "backbone.levels.3.blocks.2.dcn.dw_conv.0.bias",
      "backbone.levels.3.blocks.2.dcn.dw_conv.1.1.weight",
      "backbone.levels.3.blocks.2.dcn.dw_conv.1.1.bias",
      "backbone.levels.3.blocks.2.dcn.offset.bias",
      "backbone.levels.3.blocks.2.dcn.mask.bias",
      "backbone.levels.3.blocks.2.dcn.input_proj.bias",
      "backbone.levels.3.blocks.2.dcn.output_proj.bias",
      "backbone.levels.3.blocks.2.norm2.0.weight",
      "backbone.levels.3.blocks.2.norm2.0.bias",
      "backbone.levels.3.blocks.2.mlp.fc1.bias",
      "backbone.levels.3.blocks.2.mlp.fc2.bias",
      "backbone.levels.3.blocks.2.res_post_norm1.0.weight",
      "backbone.levels.3.blocks.2.res_post_norm1.0.bias",
      "backbone.levels.3.blocks.2.res_post_norm2.0.weight",
      "backbone.levels.3.blocks.2.res_post_norm2.0.bias"
    ],
    "lr_scale": 0.8145062499999999,
    "lr": 8.1450625e-06,
    "weight_decay": 0.0
  },
  "layer_47_decay": {
    "param_names": [
      "backbone.levels.3.blocks.2.dcn.center_feature_scale_proj_weight",
      "backbone.levels.3.blocks.2.dcn.dw_conv.0.weight",
      "backbone.levels.3.blocks.2.dcn.offset.weight",
      "backbone.levels.3.blocks.2.dcn.mask.weight",
      "backbone.levels.3.blocks.2.dcn.input_proj.weight",
      "backbone.levels.3.blocks.2.dcn.output_proj.weight",
      "backbone.levels.3.blocks.2.mlp.fc1.weight",
      "backbone.levels.3.blocks.2.mlp.fc2.weight"
    ],
    "lr_scale": 0.8145062499999999,
    "lr": 8.1450625e-06,
    "weight_decay": 0.05
  },
  "layer_48_no_decay": {
    "param_names": [
      "backbone.levels.3.blocks.3.norm1.0.weight",
      "backbone.levels.3.blocks.3.norm1.0.bias",
      "backbone.levels.3.blocks.3.dcn.center_feature_scale_proj_bias",
      "backbone.levels.3.blocks.3.dcn.dw_conv.0.bias",
      "backbone.levels.3.blocks.3.dcn.dw_conv.1.1.weight",
      "backbone.levels.3.blocks.3.dcn.dw_conv.1.1.bias",
      "backbone.levels.3.blocks.3.dcn.offset.bias",
      "backbone.levels.3.blocks.3.dcn.mask.bias",
      "backbone.levels.3.blocks.3.dcn.input_proj.bias",
      "backbone.levels.3.blocks.3.dcn.output_proj.bias",
      "backbone.levels.3.blocks.3.norm2.0.weight",
      "backbone.levels.3.blocks.3.norm2.0.bias",
      "backbone.levels.3.blocks.3.mlp.fc1.bias",
      "backbone.levels.3.blocks.3.mlp.fc2.bias",
      "backbone.levels.3.blocks.3.res_post_norm1.0.weight",
      "backbone.levels.3.blocks.3.res_post_norm1.0.bias",
      "backbone.levels.3.blocks.3.res_post_norm2.0.weight",
      "backbone.levels.3.blocks.3.res_post_norm2.0.bias"
    ],
    "lr_scale": 0.8573749999999999,
    "lr": 8.573749999999999e-06,
    "weight_decay": 0.0
  },
  "layer_48_decay": {
    "param_names": [
      "backbone.levels.3.blocks.3.dcn.center_feature_scale_proj_weight",
      "backbone.levels.3.blocks.3.dcn.dw_conv.0.weight",
      "backbone.levels.3.blocks.3.dcn.offset.weight",
      "backbone.levels.3.blocks.3.dcn.mask.weight",
      "backbone.levels.3.blocks.3.dcn.input_proj.weight",
      "backbone.levels.3.blocks.3.dcn.output_proj.weight",
      "backbone.levels.3.blocks.3.mlp.fc1.weight",
      "backbone.levels.3.blocks.3.mlp.fc2.weight"
    ],
    "lr_scale": 0.8573749999999999,
    "lr": 8.573749999999999e-06,
    "weight_decay": 0.05
  },
  "layer_49_no_decay": {
    "param_names": [
      "backbone.levels.3.blocks.4.norm1.0.weight",
      "backbone.levels.3.blocks.4.norm1.0.bias",
      "backbone.levels.3.blocks.4.dcn.center_feature_scale_proj_bias",
      "backbone.levels.3.blocks.4.dcn.dw_conv.0.bias",
      "backbone.levels.3.blocks.4.dcn.dw_conv.1.1.weight",
      "backbone.levels.3.blocks.4.dcn.dw_conv.1.1.bias",
      "backbone.levels.3.blocks.4.dcn.offset.bias",
      "backbone.levels.3.blocks.4.dcn.mask.bias",
      "backbone.levels.3.blocks.4.dcn.input_proj.bias",
      "backbone.levels.3.blocks.4.dcn.output_proj.bias",
      "backbone.levels.3.blocks.4.norm2.0.weight",
      "backbone.levels.3.blocks.4.norm2.0.bias",
      "backbone.levels.3.blocks.4.mlp.fc1.bias",
      "backbone.levels.3.blocks.4.mlp.fc2.bias",
      "backbone.levels.3.blocks.4.res_post_norm1.0.weight",
      "backbone.levels.3.blocks.4.res_post_norm1.0.bias",
      "backbone.levels.3.blocks.4.res_post_norm2.0.weight",
      "backbone.levels.3.blocks.4.res_post_norm2.0.bias"
    ],
    "lr_scale": 0.9025,
    "lr": 9.025e-06,
    "weight_decay": 0.0
  },
  "layer_49_decay": {
    "param_names": [
      "backbone.levels.3.blocks.4.dcn.center_feature_scale_proj_weight",
      "backbone.levels.3.blocks.4.dcn.dw_conv.0.weight",
      "backbone.levels.3.blocks.4.dcn.offset.weight",
      "backbone.levels.3.blocks.4.dcn.mask.weight",
      "backbone.levels.3.blocks.4.dcn.input_proj.weight",
      "backbone.levels.3.blocks.4.dcn.output_proj.weight",
      "backbone.levels.3.blocks.4.mlp.fc1.weight",
      "backbone.levels.3.blocks.4.mlp.fc2.weight"
    ],
    "lr_scale": 0.9025,
    "lr": 9.025e-06,
    "weight_decay": 0.05
  },
  "layer_50_no_decay": {
    "param_names": [
      "backbone.levels.3.blocks.5.norm1.0.weight",
      "backbone.levels.3.blocks.5.norm1.0.bias",
      "backbone.levels.3.blocks.5.dcn.center_feature_scale_proj_bias",
      "backbone.levels.3.blocks.5.dcn.dw_conv.0.bias",
      "backbone.levels.3.blocks.5.dcn.dw_conv.1.1.weight",
      "backbone.levels.3.blocks.5.dcn.dw_conv.1.1.bias",
      "backbone.levels.3.blocks.5.dcn.offset.bias",
      "backbone.levels.3.blocks.5.dcn.mask.bias",
      "backbone.levels.3.blocks.5.dcn.input_proj.bias",
      "backbone.levels.3.blocks.5.dcn.output_proj.bias",
      "backbone.levels.3.blocks.5.norm2.0.weight",
      "backbone.levels.3.blocks.5.norm2.0.bias",
      "backbone.levels.3.blocks.5.mlp.fc1.bias",
      "backbone.levels.3.blocks.5.mlp.fc2.bias",
      "backbone.levels.3.blocks.5.res_post_norm1.0.weight",
      "backbone.levels.3.blocks.5.res_post_norm1.0.bias",
      "backbone.levels.3.blocks.5.res_post_norm2.0.weight",
      "backbone.levels.3.blocks.5.res_post_norm2.0.bias"
    ],
    "lr_scale": 0.95,
    "lr": 9.5e-06,
    "weight_decay": 0.0
  },
  "layer_50_decay": {
    "param_names": [
      "backbone.levels.3.blocks.5.dcn.center_feature_scale_proj_weight",
      "backbone.levels.3.blocks.5.dcn.dw_conv.0.weight",
      "backbone.levels.3.blocks.5.dcn.offset.weight",
      "backbone.levels.3.blocks.5.dcn.mask.weight",
      "backbone.levels.3.blocks.5.dcn.input_proj.weight",
      "backbone.levels.3.blocks.5.dcn.output_proj.weight",
      "backbone.levels.3.blocks.5.mlp.fc1.weight",
      "backbone.levels.3.blocks.5.mlp.fc2.weight"
    ],
    "lr_scale": 0.95,
    "lr": 9.5e-06,
    "weight_decay": 0.05
  },
  "layer_51_decay": {
    "param_names": [
      "decode_head.pixel_decoder.input_convs.0.conv.weight",
      "decode_head.pixel_decoder.input_convs.1.conv.weight",
      "decode_head.pixel_decoder.input_convs.2.conv.weight",
      "decode_head.pixel_decoder.encoder.layers.0.attentions.0.attention_weights.weight",
      "decode_head.pixel_decoder.encoder.layers.0.attentions.0.value_proj.weight",
      "decode_head.pixel_decoder.encoder.layers.0.attentions.0.output_proj.weight",
      "decode_head.pixel_decoder.encoder.layers.0.ffns.0.layers.0.0.weight",
      "decode_head.pixel_decoder.encoder.layers.0.ffns.0.layers.1.weight",
      "decode_head.pixel_decoder.encoder.layers.1.attentions.0.attention_weights.weight",
      "decode_head.pixel_decoder.encoder.layers.1.attentions.0.value_proj.weight",
      "decode_head.pixel_decoder.encoder.layers.1.attentions.0.output_proj.weight",
      "decode_head.pixel_decoder.encoder.layers.1.ffns.0.layers.0.0.weight",
      "decode_head.pixel_decoder.encoder.layers.1.ffns.0.layers.1.weight",
      "decode_head.pixel_decoder.encoder.layers.2.attentions.0.attention_weights.weight",
      "decode_head.pixel_decoder.encoder.layers.2.attentions.0.value_proj.weight",
      "decode_head.pixel_decoder.encoder.layers.2.attentions.0.output_proj.weight",
      "decode_head.pixel_decoder.encoder.layers.2.ffns.0.layers.0.0.weight",
      "decode_head.pixel_decoder.encoder.layers.2.ffns.0.layers.1.weight",
      "decode_head.pixel_decoder.encoder.layers.3.attentions.0.attention_weights.weight",
      "decode_head.pixel_decoder.encoder.layers.3.attentions.0.value_proj.weight",
      "decode_head.pixel_decoder.encoder.layers.3.attentions.0.output_proj.weight",
      "decode_head.pixel_decoder.encoder.layers.3.ffns.0.layers.0.0.weight",
      "decode_head.pixel_decoder.encoder.layers.3.ffns.0.layers.1.weight",
      "decode_head.pixel_decoder.encoder.layers.4.attentions.0.attention_weights.weight",
      "decode_head.pixel_decoder.encoder.layers.4.attentions.0.value_proj.weight",
      "decode_head.pixel_decoder.encoder.layers.4.attentions.0.output_proj.weight",
      "decode_head.pixel_decoder.encoder.layers.4.ffns.0.layers.0.0.weight",
      "decode_head.pixel_decoder.encoder.layers.4.ffns.0.layers.1.weight",
      "decode_head.pixel_decoder.encoder.layers.5.attentions.0.attention_weights.weight",
      "decode_head.pixel_decoder.encoder.layers.5.attentions.0.value_proj.weight",
      "decode_head.pixel_decoder.encoder.layers.5.attentions.0.output_proj.weight",
      "decode_head.pixel_decoder.encoder.layers.5.ffns.0.layers.0.0.weight",
      "decode_head.pixel_decoder.encoder.layers.5.ffns.0.layers.1.weight",
      "decode_head.pixel_decoder.level_encoding.weight",
      "decode_head.pixel_decoder.lateral_convs.0.conv.weight",
      "decode_head.pixel_decoder.output_convs.0.conv.weight",
      "decode_head.pixel_decoder.mask_feature.weight",
      "decode_head.transformer_decoder.layers.0.attentions.0.attn.in_proj_weight",
      "decode_head.transformer_decoder.layers.0.attentions.0.attn.out_proj.weight",
      "decode_head.transformer_decoder.layers.0.attentions.1.attn.in_proj_weight",
      "decode_head.transformer_decoder.layers.0.attentions.1.attn.out_proj.weight",
      "decode_head.transformer_decoder.layers.0.ffns.0.layers.0.0.weight",
      "decode_head.transformer_decoder.layers.0.ffns.0.layers.1.weight",
      "decode_head.transformer_decoder.layers.1.attentions.0.attn.in_proj_weight",
      "decode_head.transformer_decoder.layers.1.attentions.0.attn.out_proj.weight",
      "decode_head.transformer_decoder.layers.1.attentions.1.attn.in_proj_weight",
      "decode_head.transformer_decoder.layers.1.attentions.1.attn.out_proj.weight",
      "decode_head.transformer_decoder.layers.1.ffns.0.layers.0.0.weight",
      "decode_head.transformer_decoder.layers.1.ffns.0.layers.1.weight",
      "decode_head.transformer_decoder.layers.2.attentions.0.attn.in_proj_weight",
      "decode_head.transformer_decoder.layers.2.attentions.0.attn.out_proj.weight",
      "decode_head.transformer_decoder.layers.2.attentions.1.attn.in_proj_weight",
      "decode_head.transformer_decoder.layers.2.attentions.1.attn.out_proj.weight",
      "decode_head.transformer_decoder.layers.2.ffns.0.layers.0.0.weight",
      "decode_head.transformer_decoder.layers.2.ffns.0.layers.1.weight",
      "decode_head.transformer_decoder.layers.3.attentions.0.attn.in_proj_weight",
      "decode_head.transformer_decoder.layers.3.attentions.0.attn.out_proj.weight",
      "decode_head.transformer_decoder.layers.3.attentions.1.attn.in_proj_weight",
      "decode_head.transformer_decoder.layers.3.attentions.1.attn.out_proj.weight",
      "decode_head.transformer_decoder.layers.3.ffns.0.layers.0.0.weight",
      "decode_head.transformer_decoder.layers.3.ffns.0.layers.1.weight",
      "decode_head.transformer_decoder.layers.4.attentions.0.attn.in_proj_weight",
      "decode_head.transformer_decoder.layers.4.attentions.0.attn.out_proj.weight",
      "decode_head.transformer_decoder.layers.4.attentions.1.attn.in_proj_weight",
      "decode_head.transformer_decoder.layers.4.attentions.1.attn.out_proj.weight",
      "decode_head.transformer_decoder.layers.4.ffns.0.layers.0.0.weight",
      "decode_head.transformer_decoder.layers.4.ffns.0.layers.1.weight",
      "decode_head.transformer_decoder.layers.5.attentions.0.attn.in_proj_weight",
      "decode_head.transformer_decoder.layers.5.attentions.0.attn.out_proj.weight",
      "decode_head.transformer_decoder.layers.5.attentions.1.attn.in_proj_weight",
      "decode_head.transformer_decoder.layers.5.attentions.1.attn.out_proj.weight",
      "decode_head.transformer_decoder.layers.5.ffns.0.layers.0.0.weight",
      "decode_head.transformer_decoder.layers.5.ffns.0.layers.1.weight",
      "decode_head.transformer_decoder.layers.6.attentions.0.attn.in_proj_weight",
      "decode_head.transformer_decoder.layers.6.attentions.0.attn.out_proj.weight",
      "decode_head.transformer_decoder.layers.6.attentions.1.attn.in_proj_weight",
      "decode_head.transformer_decoder.layers.6.attentions.1.attn.out_proj.weight",
      "decode_head.transformer_decoder.layers.6.ffns.0.layers.0.0.weight",
      "decode_head.transformer_decoder.layers.6.ffns.0.layers.1.weight",
      "decode_head.transformer_decoder.layers.7.attentions.0.attn.in_proj_weight",
      "decode_head.transformer_decoder.layers.7.attentions.0.attn.out_proj.weight",
      "decode_head.transformer_decoder.layers.7.attentions.1.attn.in_proj_weight",
      "decode_head.transformer_decoder.layers.7.attentions.1.attn.out_proj.weight",
      "decode_head.transformer_decoder.layers.7.ffns.0.layers.0.0.weight",
      "decode_head.transformer_decoder.layers.7.ffns.0.layers.1.weight",
      "decode_head.transformer_decoder.layers.8.attentions.0.attn.in_proj_weight",
      "decode_head.transformer_decoder.layers.8.attentions.0.attn.out_proj.weight",
      "decode_head.transformer_decoder.layers.8.attentions.1.attn.in_proj_weight",
      "decode_head.transformer_decoder.layers.8.attentions.1.attn.out_proj.weight",
      "decode_head.transformer_decoder.layers.8.ffns.0.layers.0.0.weight",
      "decode_head.transformer_decoder.layers.8.ffns.0.layers.1.weight"
    ],
    "lr_scale": 1.0,
    "lr": 1e-05,
    "weight_decay": 0.05
  },
  "layer_51_no_decay": {
    "param_names": [
      "decode_head.pixel_decoder.input_convs.0.conv.bias",
      "decode_head.pixel_decoder.input_convs.0.gn.weight",
      "decode_head.pixel_decoder.input_convs.0.gn.bias",
      "decode_head.pixel_decoder.input_convs.1.conv.bias",
      "decode_head.pixel_decoder.input_convs.1.gn.weight",
      "decode_head.pixel_decoder.input_convs.1.gn.bias",
      "decode_head.pixel_decoder.input_convs.2.conv.bias",
      "decode_head.pixel_decoder.input_convs.2.gn.weight",
      "decode_head.pixel_decoder.input_convs.2.gn.bias",
      "decode_head.pixel_decoder.encoder.layers.0.attentions.0.sampling_offsets.weight",
      "decode_head.pixel_decoder.encoder.layers.0.attentions.0.sampling_offsets.bias",
      "decode_head.pixel_decoder.encoder.layers.0.attentions.0.attention_weights.bias",
      "decode_head.pixel_decoder.encoder.layers.0.attentions.0.value_proj.bias",
      "decode_head.pixel_decoder.encoder.layers.0.attentions.0.output_proj.bias",
      "decode_head.pixel_decoder.encoder.layers.0.ffns.0.layers.0.0.bias",
      "decode_head.pixel_decoder.encoder.layers.0.ffns.0.layers.1.bias",
      "decode_head.pixel_decoder.encoder.layers.0.norms.0.weight",
      "decode_head.pixel_decoder.encoder.layers.0.norms.0.bias",
      "decode_head.pixel_decoder.encoder.layers.0.norms.1.weight",
      "decode_head.pixel_decoder.encoder.layers.0.norms.1.bias",
      "decode_head.pixel_decoder.encoder.layers.1.attentions.0.sampling_offsets.weight",
      "decode_head.pixel_decoder.encoder.layers.1.attentions.0.sampling_offsets.bias",
      "decode_head.pixel_decoder.encoder.layers.1.attentions.0.attention_weights.bias",
      "decode_head.pixel_decoder.encoder.layers.1.attentions.0.value_proj.bias",
      "decode_head.pixel_decoder.encoder.layers.1.attentions.0.output_proj.bias",
      "decode_head.pixel_decoder.encoder.layers.1.ffns.0.layers.0.0.bias",
      "decode_head.pixel_decoder.encoder.layers.1.ffns.0.layers.1.bias",
      "decode_head.pixel_decoder.encoder.layers.1.norms.0.weight",
      "decode_head.pixel_decoder.encoder.layers.1.norms.0.bias",
      "decode_head.pixel_decoder.encoder.layers.1.norms.1.weight",
      "decode_head.pixel_decoder.encoder.layers.1.norms.1.bias",
      "decode_head.pixel_decoder.encoder.layers.2.attentions.0.sampling_offsets.weight",
      "decode_head.pixel_decoder.encoder.layers.2.attentions.0.sampling_offsets.bias",
      "decode_head.pixel_decoder.encoder.layers.2.attentions.0.attention_weights.bias",
      "decode_head.pixel_decoder.encoder.layers.2.attentions.0.value_proj.bias",
      "decode_head.pixel_decoder.encoder.layers.2.attentions.0.output_proj.bias",
      "decode_head.pixel_decoder.encoder.layers.2.ffns.0.layers.0.0.bias",
      "decode_head.pixel_decoder.encoder.layers.2.ffns.0.layers.1.bias",
      "decode_head.pixel_decoder.encoder.layers.2.norms.0.weight",
      "decode_head.pixel_decoder.encoder.layers.2.norms.0.bias",
      "decode_head.pixel_decoder.encoder.layers.2.norms.1.weight",
      "decode_head.pixel_decoder.encoder.layers.2.norms.1.bias",
      "decode_head.pixel_decoder.encoder.layers.3.attentions.0.sampling_offsets.weight",
      "decode_head.pixel_decoder.encoder.layers.3.attentions.0.sampling_offsets.bias",
      "decode_head.pixel_decoder.encoder.layers.3.attentions.0.attention_weights.bias",
      "decode_head.pixel_decoder.encoder.layers.3.attentions.0.value_proj.bias",
      "decode_head.pixel_decoder.encoder.layers.3.attentions.0.output_proj.bias",
      "decode_head.pixel_decoder.encoder.layers.3.ffns.0.layers.0.0.bias",
      "decode_head.pixel_decoder.encoder.layers.3.ffns.0.layers.1.bias",
      "decode_head.pixel_decoder.encoder.layers.3.norms.0.weight",
      "decode_head.pixel_decoder.encoder.layers.3.norms.0.bias",
      "decode_head.pixel_decoder.encoder.layers.3.norms.1.weight",
      "decode_head.pixel_decoder.encoder.layers.3.norms.1.bias",
      "decode_head.pixel_decoder.encoder.layers.4.attentions.0.sampling_offsets.weight",
      "decode_head.pixel_decoder.encoder.layers.4.attentions.0.sampling_offsets.bias",
      "decode_head.pixel_decoder.encoder.layers.4.attentions.0.attention_weights.bias",
      "decode_head.pixel_decoder.encoder.layers.4.attentions.0.value_proj.bias",
      "decode_head.pixel_decoder.encoder.layers.4.attentions.0.output_proj.bias",
      "decode_head.pixel_decoder.encoder.layers.4.ffns.0.layers.0.0.bias",
      "decode_head.pixel_decoder.encoder.layers.4.ffns.0.layers.1.bias",
      "decode_head.pixel_decoder.encoder.layers.4.norms.0.weight",
      "decode_head.pixel_decoder.encoder.layers.4.norms.0.bias",
      "decode_head.pixel_decoder.encoder.layers.4.norms.1.weight",
      "decode_head.pixel_decoder.encoder.layers.4.norms.1.bias",
      "decode_head.pixel_decoder.encoder.layers.5.attentions.0.sampling_offsets.weight",
      "decode_head.pixel_decoder.encoder.layers.5.attentions.0.sampling_offsets.bias",
      "decode_head.pixel_decoder.encoder.layers.5.attentions.0.attention_weights.bias",
      "decode_head.pixel_decoder.encoder.layers.5.attentions.0.value_proj.bias",
      "decode_head.pixel_decoder.encoder.layers.5.attentions.0.output_proj.bias",
      "decode_head.pixel_decoder.encoder.layers.5.ffns.0.layers.0.0.bias",
      "decode_head.pixel_decoder.encoder.layers.5.ffns.0.layers.1.bias",
      "decode_head.pixel_decoder.encoder.layers.5.norms.0.weight",
      "decode_head.pixel_decoder.encoder.layers.5.norms.0.bias",
      "decode_head.pixel_decoder.encoder.layers.5.norms.1.weight",
      "decode_head.pixel_decoder.encoder.layers.5.norms.1.bias",
      "decode_head.pixel_decoder.lateral_convs.0.gn.weight",
      "decode_head.pixel_decoder.lateral_convs.0.gn.bias",
      "decode_head.pixel_decoder.output_convs.0.gn.weight",
      "decode_head.pixel_decoder.output_convs.0.gn.bias",
      "decode_head.pixel_decoder.mask_feature.bias",
      "decode_head.transformer_decoder.layers.0.attentions.0.attn.in_proj_bias",
      "decode_head.transformer_decoder.layers.0.attentions.0.attn.out_proj.bias",
      "decode_head.transformer_decoder.layers.0.attentions.1.attn.in_proj_bias",
      "decode_head.transformer_decoder.layers.0.attentions.1.attn.out_proj.bias",
      "decode_head.transformer_decoder.layers.0.ffns.0.layers.0.0.bias",
      "decode_head.transformer_decoder.layers.0.ffns.0.layers.1.bias",
      "decode_head.transformer_decoder.layers.0.norms.0.weight",
      "decode_head.transformer_decoder.layers.0.norms.0.bias",
      "decode_head.transformer_decoder.layers.0.norms.1.weight",
      "decode_head.transformer_decoder.layers.0.norms.1.bias",
      "decode_head.transformer_decoder.layers.0.norms.2.weight",
      "decode_head.transformer_decoder.layers.0.norms.2.bias",
      "decode_head.transformer_decoder.layers.1.attentions.0.attn.in_proj_bias",
      "decode_head.transformer_decoder.layers.1.attentions.0.attn.out_proj.bias",
      "decode_head.transformer_decoder.layers.1.attentions.1.attn.in_proj_bias",
      "decode_head.transformer_decoder.layers.1.attentions.1.attn.out_proj.bias",
      "decode_head.transformer_decoder.layers.1.ffns.0.layers.0.0.bias",
      "decode_head.transformer_decoder.layers.1.ffns.0.layers.1.bias",
      "decode_head.transformer_decoder.layers.1.norms.0.weight",
      "decode_head.transformer_decoder.layers.1.norms.0.bias",
      "decode_head.transformer_decoder.layers.1.norms.1.weight",
      "decode_head.transformer_decoder.layers.1.norms.1.bias",
      "decode_head.transformer_decoder.layers.1.norms.2.weight",
      "decode_head.transformer_decoder.layers.1.norms.2.bias",
      "decode_head.transformer_decoder.layers.2.attentions.0.attn.in_proj_bias",
      "decode_head.transformer_decoder.layers.2.attentions.0.attn.out_proj.bias",
      "decode_head.transformer_decoder.layers.2.attentions.1.attn.in_proj_bias",
      "decode_head.transformer_decoder.layers.2.attentions.1.attn.out_proj.bias",
      "decode_head.transformer_decoder.layers.2.ffns.0.layers.0.0.bias",
      "decode_head.transformer_decoder.layers.2.ffns.0.layers.1.bias",
      "decode_head.transformer_decoder.layers.2.norms.0.weight",
      "decode_head.transformer_decoder.layers.2.norms.0.bias",
      "decode_head.transformer_decoder.layers.2.norms.1.weight",
      "decode_head.transformer_decoder.layers.2.norms.1.bias",
      "decode_head.transformer_decoder.layers.2.norms.2.weight",
      "decode_head.transformer_decoder.layers.2.norms.2.bias",
      "decode_head.transformer_decoder.layers.3.attentions.0.attn.in_proj_bias",
      "decode_head.transformer_decoder.layers.3.attentions.0.attn.out_proj.bias",
      "decode_head.transformer_decoder.layers.3.attentions.1.attn.in_proj_bias",
      "decode_head.transformer_decoder.layers.3.attentions.1.attn.out_proj.bias",
      "decode_head.transformer_decoder.layers.3.ffns.0.layers.0.0.bias",
      "decode_head.transformer_decoder.layers.3.ffns.0.layers.1.bias",
      "decode_head.transformer_decoder.layers.3.norms.0.weight",
      "decode_head.transformer_decoder.layers.3.norms.0.bias",
      "decode_head.transformer_decoder.layers.3.norms.1.weight",
      "decode_head.transformer_decoder.layers.3.norms.1.bias",
      "decode_head.transformer_decoder.layers.3.norms.2.weight",
      "decode_head.transformer_decoder.layers.3.norms.2.bias",
      "decode_head.transformer_decoder.layers.4.attentions.0.attn.in_proj_bias",
      "decode_head.transformer_decoder.layers.4.attentions.0.attn.out_proj.bias",
      "decode_head.transformer_decoder.layers.4.attentions.1.attn.in_proj_bias",
      "decode_head.transformer_decoder.layers.4.attentions.1.attn.out_proj.bias",
      "decode_head.transformer_decoder.layers.4.ffns.0.layers.0.0.bias",
      "decode_head.transformer_decoder.layers.4.ffns.0.layers.1.bias",
      "decode_head.transformer_decoder.layers.4.norms.0.weight",
      "decode_head.transformer_decoder.layers.4.norms.0.bias",
      "decode_head.transformer_decoder.layers.4.norms.1.weight",
      "decode_head.transformer_decoder.layers.4.norms.1.bias",
      "decode_head.transformer_decoder.layers.4.norms.2.weight",
      "decode_head.transformer_decoder.layers.4.norms.2.bias",
      "decode_head.transformer_decoder.layers.5.attentions.0.attn.in_proj_bias",
      "decode_head.transformer_decoder.layers.5.attentions.0.attn.out_proj.bias",
      "decode_head.transformer_decoder.layers.5.attentions.1.attn.in_proj_bias",
      "decode_head.transformer_decoder.layers.5.attentions.1.attn.out_proj.bias",
      "decode_head.transformer_decoder.layers.5.ffns.0.layers.0.0.bias",
      "decode_head.transformer_decoder.layers.5.ffns.0.layers.1.bias",
      "decode_head.transformer_decoder.layers.5.norms.0.weight",
      "decode_head.transformer_decoder.layers.5.norms.0.bias",
      "decode_head.transformer_decoder.layers.5.norms.1.weight",
      "decode_head.transformer_decoder.layers.5.norms.1.bias",
      "decode_head.transformer_decoder.layers.5.norms.2.weight",
      "decode_head.transformer_decoder.layers.5.norms.2.bias",
      "decode_head.transformer_decoder.layers.6.attentions.0.attn.in_proj_bias",
      "decode_head.transformer_decoder.layers.6.attentions.0.attn.out_proj.bias",
      "decode_head.transformer_decoder.layers.6.attentions.1.attn.in_proj_bias",
      "decode_head.transformer_decoder.layers.6.attentions.1.attn.out_proj.bias",
      "decode_head.transformer_decoder.layers.6.ffns.0.layers.0.0.bias",
      "decode_head.transformer_decoder.layers.6.ffns.0.layers.1.bias",
      "decode_head.transformer_decoder.layers.6.norms.0.weight",
      "decode_head.transformer_decoder.layers.6.norms.0.bias",
      "decode_head.transformer_decoder.layers.6.norms.1.weight",
      "decode_head.transformer_decoder.layers.6.norms.1.bias",
      "decode_head.transformer_decoder.layers.6.norms.2.weight",
      "decode_head.transformer_decoder.layers.6.norms.2.bias",
      "decode_head.transformer_decoder.layers.7.attentions.0.attn.in_proj_bias",
      "decode_head.transformer_decoder.layers.7.attentions.0.attn.out_proj.bias",
      "decode_head.transformer_decoder.layers.7.attentions.1.attn.in_proj_bias",
      "decode_head.transformer_decoder.layers.7.attentions.1.attn.out_proj.bias",
      "decode_head.transformer_decoder.layers.7.ffns.0.layers.0.0.bias",
      "decode_head.transformer_decoder.layers.7.ffns.0.layers.1.bias",
      "decode_head.transformer_decoder.layers.7.norms.0.weight",
      "decode_head.transformer_decoder.layers.7.norms.0.bias",
      "decode_head.transformer_decoder.layers.7.norms.1.weight",
      "decode_head.transformer_decoder.layers.7.norms.1.bias",
      "decode_head.transformer_decoder.layers.7.norms.2.weight",
      "decode_head.transformer_decoder.layers.7.norms.2.bias",
      "decode_head.transformer_decoder.layers.8.attentions.0.attn.in_proj_bias",
      "decode_head.transformer_decoder.layers.8.attentions.0.attn.out_proj.bias",
      "decode_head.transformer_decoder.layers.8.attentions.1.attn.in_proj_bias",
      "decode_head.transformer_decoder.layers.8.attentions.1.attn.out_proj.bias",
      "decode_head.transformer_decoder.layers.8.ffns.0.layers.0.0.bias",
      "decode_head.transformer_decoder.layers.8.ffns.0.layers.1.bias",
      "decode_head.transformer_decoder.layers.8.norms.0.weight",
      "decode_head.transformer_decoder.layers.8.norms.0.bias",
      "decode_head.transformer_decoder.layers.8.norms.1.weight",
      "decode_head.transformer_decoder.layers.8.norms.1.bias",
      "decode_head.transformer_decoder.layers.8.norms.2.weight",
      "decode_head.transformer_decoder.layers.8.norms.2.bias",
      "decode_head.transformer_decoder.post_norm.weight",
      "decode_head.transformer_decoder.post_norm.bias"
    ],
    "lr_scale": 1.0,
    "lr": 1e-05,
    "weight_decay": 0.0
  }
}
2026-03-02 15:37:31,493 - mmseg - INFO - Loaded 500 images
2026-03-02 15:37:31,494 - mmseg - INFO - load checkpoint from http path: https://huggingface.co/OpenGVLab/InternImage/resolve/main/mask2former_internimage_h_896x896_80k_mapillary.pth
2026-03-02 15:37:32,637 - mmseg - INFO - Start running, host: sagnihot@dws-12.informatik.uni-mannheim.de, work_dir: /ceph/sagnihot/projects/InternImage/segmentation/work_dirs/baseline
2026-03-02 15:37:32,637 - mmseg - INFO - Hooks will be executed in the following order:
before_run:
(VERY_HIGH   ) PolyLrUpdaterHook                  
(NORMAL      ) CheckpointHook                     
(LOW         ) DistEvalHook                       
(VERY_LOW    ) TextLoggerHook                     
 -------------------- 
before_train_epoch:
(VERY_HIGH   ) PolyLrUpdaterHook                  
(LOW         ) IterTimerHook                      
(LOW         ) DistEvalHook                       
(VERY_LOW    ) TextLoggerHook                     
 -------------------- 
before_train_iter:
(VERY_HIGH   ) PolyLrUpdaterHook                  
(LOW         ) IterTimerHook                      
(LOW         ) DistEvalHook                       
 -------------------- 
after_train_iter:
(ABOVE_NORMAL) OptimizerHook                      
(NORMAL      ) CheckpointHook                     
(LOW         ) IterTimerHook                      
(LOW         ) DistEvalHook                       
(VERY_LOW    ) TextLoggerHook                     
 -------------------- 
after_train_epoch:
(NORMAL      ) CheckpointHook                     
(LOW         ) DistEvalHook                       
(VERY_LOW    ) TextLoggerHook                     
 -------------------- 
before_val_epoch:
(LOW         ) IterTimerHook                      
(VERY_LOW    ) TextLoggerHook                     
 -------------------- 
before_val_iter:
(LOW         ) IterTimerHook                      
 -------------------- 
after_val_iter:
(LOW         ) IterTimerHook                      
 -------------------- 
after_val_epoch:
(VERY_LOW    ) TextLoggerHook                     
 -------------------- 
after_run:
(VERY_LOW    ) TextLoggerHook                     
 -------------------- 
2026-03-02 15:37:32,637 - mmseg - INFO - workflow: [('train', 1)], max: 80000 iters
2026-03-02 15:37:32,637 - mmseg - INFO - Checkpoints will be saved to /ceph/sagnihot/projects/InternImage/segmentation/work_dirs/baseline by HardDiskBackend.
/ceph/sagnihot/miniconda3/envs/internimage/lib/python3.9/site-packages/torch/utils/cpp_extension.py:28: UserWarning: pkg_resources is deprecated as an API. See https://setuptools.pypa.io/en/latest/pkg_resources.html. The pkg_resources package is slated for removal as early as 2025-11-30. Refrain from using this package or pin to Setuptools<81.
  from pkg_resources import packaging  # type: ignore[attr-defined]
/ceph/sagnihot/miniconda3/envs/internimage/lib/python3.9/site-packages/torch/utils/cpp_extension.py:28: UserWarning: pkg_resources is deprecated as an API. See https://setuptools.pypa.io/en/latest/pkg_resources.html. The pkg_resources package is slated for removal as early as 2025-11-30. Refrain from using this package or pin to Setuptools<81.
  from pkg_resources import packaging  # type: ignore[attr-defined]
/ceph/sagnihot/projects/InternImage/segmentation/ops_dcnv3/modules/dcnv3.py:21: UserWarning: Now, we support DCNv4 in InternImage.
  warnings.warn('Now, we support DCNv4 in InternImage.')
/ceph/sagnihot/projects/InternImage/segmentation/ops_dcnv3/modules/dcnv3.py:21: UserWarning: Now, we support DCNv4 in InternImage.
  warnings.warn('Now, we support DCNv4 in InternImage.')
/ceph/sagnihot/miniconda3/envs/internimage/lib/python3.9/site-packages/torch/utils/cpp_extension.py:28: UserWarning: pkg_resources is deprecated as an API. See https://setuptools.pypa.io/en/latest/pkg_resources.html. The pkg_resources package is slated for removal as early as 2025-11-30. Refrain from using this package or pin to Setuptools<81.
  from pkg_resources import packaging  # type: ignore[attr-defined]
/ceph/sagnihot/miniconda3/envs/internimage/lib/python3.9/site-packages/torch/utils/cpp_extension.py:28: UserWarning: pkg_resources is deprecated as an API. See https://setuptools.pypa.io/en/latest/pkg_resources.html. The pkg_resources package is slated for removal as early as 2025-11-30. Refrain from using this package or pin to Setuptools<81.
  from pkg_resources import packaging  # type: ignore[attr-defined]
/ceph/sagnihot/projects/InternImage/segmentation/ops_dcnv3/modules/dcnv3.py:21: UserWarning: Now, we support DCNv4 in InternImage.
  warnings.warn('Now, we support DCNv4 in InternImage.')
/ceph/sagnihot/projects/InternImage/segmentation/ops_dcnv3/modules/dcnv3.py:21: UserWarning: Now, we support DCNv4 in InternImage.
  warnings.warn('Now, we support DCNv4 in InternImage.')
/ceph/sagnihot/miniconda3/envs/internimage/lib/python3.9/site-packages/torch/utils/cpp_extension.py:28: UserWarning: pkg_resources is deprecated as an API. See https://setuptools.pypa.io/en/latest/pkg_resources.html. The pkg_resources package is slated for removal as early as 2025-11-30. Refrain from using this package or pin to Setuptools<81.
  from pkg_resources import packaging  # type: ignore[attr-defined]
/ceph/sagnihot/miniconda3/envs/internimage/lib/python3.9/site-packages/torch/utils/cpp_extension.py:28: UserWarning: pkg_resources is deprecated as an API. See https://setuptools.pypa.io/en/latest/pkg_resources.html. The pkg_resources package is slated for removal as early as 2025-11-30. Refrain from using this package or pin to Setuptools<81.
  from pkg_resources import packaging  # type: ignore[attr-defined]
/ceph/sagnihot/projects/InternImage/segmentation/ops_dcnv3/modules/dcnv3.py:21: UserWarning: Now, we support DCNv4 in InternImage.
  warnings.warn('Now, we support DCNv4 in InternImage.')
/ceph/sagnihot/projects/InternImage/segmentation/ops_dcnv3/modules/dcnv3.py:21: UserWarning: Now, we support DCNv4 in InternImage.
  warnings.warn('Now, we support DCNv4 in InternImage.')
/ceph/sagnihot/miniconda3/envs/internimage/lib/python3.9/site-packages/torch/utils/cpp_extension.py:28: UserWarning: pkg_resources is deprecated as an API. See https://setuptools.pypa.io/en/latest/pkg_resources.html. The pkg_resources package is slated for removal as early as 2025-11-30. Refrain from using this package or pin to Setuptools<81.
  from pkg_resources import packaging  # type: ignore[attr-defined]
/ceph/sagnihot/miniconda3/envs/internimage/lib/python3.9/site-packages/torch/utils/cpp_extension.py:28: UserWarning: pkg_resources is deprecated as an API. See https://setuptools.pypa.io/en/latest/pkg_resources.html. The pkg_resources package is slated for removal as early as 2025-11-30. Refrain from using this package or pin to Setuptools<81.
  from pkg_resources import packaging  # type: ignore[attr-defined]
/ceph/sagnihot/projects/InternImage/segmentation/ops_dcnv3/modules/dcnv3.py:21: UserWarning: Now, we support DCNv4 in InternImage.
  warnings.warn('Now, we support DCNv4 in InternImage.')
/ceph/sagnihot/projects/InternImage/segmentation/ops_dcnv3/modules/dcnv3.py:21: UserWarning: Now, we support DCNv4 in InternImage.
  warnings.warn('Now, we support DCNv4 in InternImage.')
/ceph/sagnihot/miniconda3/envs/internimage/lib/python3.9/site-packages/torch/utils/cpp_extension.py:28: UserWarning: pkg_resources is deprecated as an API. See https://setuptools.pypa.io/en/latest/pkg_resources.html. The pkg_resources package is slated for removal as early as 2025-11-30. Refrain from using this package or pin to Setuptools<81.
  from pkg_resources import packaging  # type: ignore[attr-defined]
/ceph/sagnihot/miniconda3/envs/internimage/lib/python3.9/site-packages/torch/utils/cpp_extension.py:28: UserWarning: pkg_resources is deprecated as an API. See https://setuptools.pypa.io/en/latest/pkg_resources.html. The pkg_resources package is slated for removal as early as 2025-11-30. Refrain from using this package or pin to Setuptools<81.
  from pkg_resources import packaging  # type: ignore[attr-defined]
/ceph/sagnihot/projects/InternImage/segmentation/ops_dcnv3/modules/dcnv3.py:21: UserWarning: Now, we support DCNv4 in InternImage.
  warnings.warn('Now, we support DCNv4 in InternImage.')
/ceph/sagnihot/projects/InternImage/segmentation/ops_dcnv3/modules/dcnv3.py:21: UserWarning: Now, we support DCNv4 in InternImage.
  warnings.warn('Now, we support DCNv4 in InternImage.')
/ceph/sagnihot/miniconda3/envs/internimage/lib/python3.9/site-packages/torch/utils/cpp_extension.py:28: UserWarning: pkg_resources is deprecated as an API. See https://setuptools.pypa.io/en/latest/pkg_resources.html. The pkg_resources package is slated for removal as early as 2025-11-30. Refrain from using this package or pin to Setuptools<81.
  from pkg_resources import packaging  # type: ignore[attr-defined]
/ceph/sagnihot/miniconda3/envs/internimage/lib/python3.9/site-packages/torch/utils/cpp_extension.py:28: UserWarning: pkg_resources is deprecated as an API. See https://setuptools.pypa.io/en/latest/pkg_resources.html. The pkg_resources package is slated for removal as early as 2025-11-30. Refrain from using this package or pin to Setuptools<81.
  from pkg_resources import packaging  # type: ignore[attr-defined]
/ceph/sagnihot/projects/InternImage/segmentation/ops_dcnv3/modules/dcnv3.py:21: UserWarning: Now, we support DCNv4 in InternImage.
  warnings.warn('Now, we support DCNv4 in InternImage.')
/ceph/sagnihot/projects/InternImage/segmentation/ops_dcnv3/modules/dcnv3.py:21: UserWarning: Now, we support DCNv4 in InternImage.
  warnings.warn('Now, we support DCNv4 in InternImage.')
/ceph/sagnihot/miniconda3/envs/internimage/lib/python3.9/site-packages/torch/utils/cpp_extension.py:28: UserWarning: pkg_resources is deprecated as an API. See https://setuptools.pypa.io/en/latest/pkg_resources.html. The pkg_resources package is slated for removal as early as 2025-11-30. Refrain from using this package or pin to Setuptools<81.
  from pkg_resources import packaging  # type: ignore[attr-defined]
/ceph/sagnihot/miniconda3/envs/internimage/lib/python3.9/site-packages/torch/utils/cpp_extension.py:28: UserWarning: pkg_resources is deprecated as an API. See https://setuptools.pypa.io/en/latest/pkg_resources.html. The pkg_resources package is slated for removal as early as 2025-11-30. Refrain from using this package or pin to Setuptools<81.
  from pkg_resources import packaging  # type: ignore[attr-defined]
/ceph/sagnihot/projects/InternImage/segmentation/ops_dcnv3/modules/dcnv3.py:21: UserWarning: Now, we support DCNv4 in InternImage.
  warnings.warn('Now, we support DCNv4 in InternImage.')
/ceph/sagnihot/projects/InternImage/segmentation/ops_dcnv3/modules/dcnv3.py:21: UserWarning: Now, we support DCNv4 in InternImage.
  warnings.warn('Now, we support DCNv4 in InternImage.')
/ceph/sagnihot/miniconda3/envs/internimage/lib/python3.9/site-packages/torch/utils/cpp_extension.py:28: UserWarning: pkg_resources is deprecated as an API. See https://setuptools.pypa.io/en/latest/pkg_resources.html. The pkg_resources package is slated for removal as early as 2025-11-30. Refrain from using this package or pin to Setuptools<81.
  from pkg_resources import packaging  # type: ignore[attr-defined]
/ceph/sagnihot/miniconda3/envs/internimage/lib/python3.9/site-packages/torch/utils/cpp_extension.py:28: UserWarning: pkg_resources is deprecated as an API. See https://setuptools.pypa.io/en/latest/pkg_resources.html. The pkg_resources package is slated for removal as early as 2025-11-30. Refrain from using this package or pin to Setuptools<81.
  from pkg_resources import packaging  # type: ignore[attr-defined]
/ceph/sagnihot/projects/InternImage/segmentation/ops_dcnv3/modules/dcnv3.py:21: UserWarning: Now, we support DCNv4 in InternImage.
  warnings.warn('Now, we support DCNv4 in InternImage.')
/ceph/sagnihot/projects/InternImage/segmentation/ops_dcnv3/modules/dcnv3.py:21: UserWarning: Now, we support DCNv4 in InternImage.
  warnings.warn('Now, we support DCNv4 in InternImage.')
/ceph/sagnihot/miniconda3/envs/internimage/lib/python3.9/site-packages/torch/utils/cpp_extension.py:28: UserWarning: pkg_resources is deprecated as an API. See https://setuptools.pypa.io/en/latest/pkg_resources.html. The pkg_resources package is slated for removal as early as 2025-11-30. Refrain from using this package or pin to Setuptools<81.
  from pkg_resources import packaging  # type: ignore[attr-defined]
/ceph/sagnihot/miniconda3/envs/internimage/lib/python3.9/site-packages/torch/utils/cpp_extension.py:28: UserWarning: pkg_resources is deprecated as an API. See https://setuptools.pypa.io/en/latest/pkg_resources.html. The pkg_resources package is slated for removal as early as 2025-11-30. Refrain from using this package or pin to Setuptools<81.
  from pkg_resources import packaging  # type: ignore[attr-defined]
/ceph/sagnihot/projects/InternImage/segmentation/ops_dcnv3/modules/dcnv3.py:21: UserWarning: Now, we support DCNv4 in InternImage.
  warnings.warn('Now, we support DCNv4 in InternImage.')
/ceph/sagnihot/projects/InternImage/segmentation/ops_dcnv3/modules/dcnv3.py:21: UserWarning: Now, we support DCNv4 in InternImage.
  warnings.warn('Now, we support DCNv4 in InternImage.')
/ceph/sagnihot/miniconda3/envs/internimage/lib/python3.9/site-packages/torch/utils/cpp_extension.py:28: UserWarning: pkg_resources is deprecated as an API. See https://setuptools.pypa.io/en/latest/pkg_resources.html. The pkg_resources package is slated for removal as early as 2025-11-30. Refrain from using this package or pin to Setuptools<81.
  from pkg_resources import packaging  # type: ignore[attr-defined]
/ceph/sagnihot/miniconda3/envs/internimage/lib/python3.9/site-packages/torch/utils/cpp_extension.py:28: UserWarning: pkg_resources is deprecated as an API. See https://setuptools.pypa.io/en/latest/pkg_resources.html. The pkg_resources package is slated for removal as early as 2025-11-30. Refrain from using this package or pin to Setuptools<81.
  from pkg_resources import packaging  # type: ignore[attr-defined]
/ceph/sagnihot/projects/InternImage/segmentation/ops_dcnv3/modules/dcnv3.py:21: UserWarning: Now, we support DCNv4 in InternImage.
  warnings.warn('Now, we support DCNv4 in InternImage.')
/ceph/sagnihot/projects/InternImage/segmentation/ops_dcnv3/modules/dcnv3.py:21: UserWarning: Now, we support DCNv4 in InternImage.
  warnings.warn('Now, we support DCNv4 in InternImage.')
/ceph/sagnihot/miniconda3/envs/internimage/lib/python3.9/site-packages/torch/utils/cpp_extension.py:28: UserWarning: pkg_resources is deprecated as an API. See https://setuptools.pypa.io/en/latest/pkg_resources.html. The pkg_resources package is slated for removal as early as 2025-11-30. Refrain from using this package or pin to Setuptools<81.
  from pkg_resources import packaging  # type: ignore[attr-defined]
/ceph/sagnihot/miniconda3/envs/internimage/lib/python3.9/site-packages/torch/utils/cpp_extension.py:28: UserWarning: pkg_resources is deprecated as an API. See https://setuptools.pypa.io/en/latest/pkg_resources.html. The pkg_resources package is slated for removal as early as 2025-11-30. Refrain from using this package or pin to Setuptools<81.
  from pkg_resources import packaging  # type: ignore[attr-defined]
/ceph/sagnihot/projects/InternImage/segmentation/ops_dcnv3/modules/dcnv3.py:21: UserWarning: Now, we support DCNv4 in InternImage.
  warnings.warn('Now, we support DCNv4 in InternImage.')
/ceph/sagnihot/projects/InternImage/segmentation/ops_dcnv3/modules/dcnv3.py:21: UserWarning: Now, we support DCNv4 in InternImage.
  warnings.warn('Now, we support DCNv4 in InternImage.')
/ceph/sagnihot/miniconda3/envs/internimage/lib/python3.9/site-packages/torch/utils/cpp_extension.py:28: UserWarning: pkg_resources is deprecated as an API. See https://setuptools.pypa.io/en/latest/pkg_resources.html. The pkg_resources package is slated for removal as early as 2025-11-30. Refrain from using this package or pin to Setuptools<81.
  from pkg_resources import packaging  # type: ignore[attr-defined]
/ceph/sagnihot/miniconda3/envs/internimage/lib/python3.9/site-packages/torch/utils/cpp_extension.py:28: UserWarning: pkg_resources is deprecated as an API. See https://setuptools.pypa.io/en/latest/pkg_resources.html. The pkg_resources package is slated for removal as early as 2025-11-30. Refrain from using this package or pin to Setuptools<81.
  from pkg_resources import packaging  # type: ignore[attr-defined]
/ceph/sagnihot/projects/InternImage/segmentation/ops_dcnv3/modules/dcnv3.py:21: UserWarning: Now, we support DCNv4 in InternImage.
  warnings.warn('Now, we support DCNv4 in InternImage.')
/ceph/sagnihot/projects/InternImage/segmentation/ops_dcnv3/modules/dcnv3.py:21: UserWarning: Now, we support DCNv4 in InternImage.
  warnings.warn('Now, we support DCNv4 in InternImage.')
/ceph/sagnihot/miniconda3/envs/internimage/lib/python3.9/site-packages/torch/utils/cpp_extension.py:28: UserWarning: pkg_resources is deprecated as an API. See https://setuptools.pypa.io/en/latest/pkg_resources.html. The pkg_resources package is slated for removal as early as 2025-11-30. Refrain from using this package or pin to Setuptools<81.
  from pkg_resources import packaging  # type: ignore[attr-defined]
/ceph/sagnihot/miniconda3/envs/internimage/lib/python3.9/site-packages/torch/utils/cpp_extension.py:28: UserWarning: pkg_resources is deprecated as an API. See https://setuptools.pypa.io/en/latest/pkg_resources.html. The pkg_resources package is slated for removal as early as 2025-11-30. Refrain from using this package or pin to Setuptools<81.
  from pkg_resources import packaging  # type: ignore[attr-defined]
/ceph/sagnihot/projects/InternImage/segmentation/ops_dcnv3/modules/dcnv3.py:21: UserWarning: Now, we support DCNv4 in InternImage.
  warnings.warn('Now, we support DCNv4 in InternImage.')
/ceph/sagnihot/projects/InternImage/segmentation/ops_dcnv3/modules/dcnv3.py:21: UserWarning: Now, we support DCNv4 in InternImage.
  warnings.warn('Now, we support DCNv4 in InternImage.')
/ceph/sagnihot/miniconda3/envs/internimage/lib/python3.9/site-packages/torch/utils/cpp_extension.py:28: UserWarning: pkg_resources is deprecated as an API. See https://setuptools.pypa.io/en/latest/pkg_resources.html. The pkg_resources package is slated for removal as early as 2025-11-30. Refrain from using this package or pin to Setuptools<81.
  from pkg_resources import packaging  # type: ignore[attr-defined]
/ceph/sagnihot/miniconda3/envs/internimage/lib/python3.9/site-packages/torch/utils/cpp_extension.py:28: UserWarning: pkg_resources is deprecated as an API. See https://setuptools.pypa.io/en/latest/pkg_resources.html. The pkg_resources package is slated for removal as early as 2025-11-30. Refrain from using this package or pin to Setuptools<81.
  from pkg_resources import packaging  # type: ignore[attr-defined]
/ceph/sagnihot/projects/InternImage/segmentation/ops_dcnv3/modules/dcnv3.py:21: UserWarning: Now, we support DCNv4 in InternImage.
  warnings.warn('Now, we support DCNv4 in InternImage.')
/ceph/sagnihot/projects/InternImage/segmentation/ops_dcnv3/modules/dcnv3.py:21: UserWarning: Now, we support DCNv4 in InternImage.
  warnings.warn('Now, we support DCNv4 in InternImage.')
/ceph/sagnihot/miniconda3/envs/internimage/lib/python3.9/site-packages/torch/utils/cpp_extension.py:28: UserWarning: pkg_resources is deprecated as an API. See https://setuptools.pypa.io/en/latest/pkg_resources.html. The pkg_resources package is slated for removal as early as 2025-11-30. Refrain from using this package or pin to Setuptools<81.
  from pkg_resources import packaging  # type: ignore[attr-defined]
/ceph/sagnihot/miniconda3/envs/internimage/lib/python3.9/site-packages/torch/utils/cpp_extension.py:28: UserWarning: pkg_resources is deprecated as an API. See https://setuptools.pypa.io/en/latest/pkg_resources.html. The pkg_resources package is slated for removal as early as 2025-11-30. Refrain from using this package or pin to Setuptools<81.
  from pkg_resources import packaging  # type: ignore[attr-defined]
/ceph/sagnihot/projects/InternImage/segmentation/ops_dcnv3/modules/dcnv3.py:21: UserWarning: Now, we support DCNv4 in InternImage.
  warnings.warn('Now, we support DCNv4 in InternImage.')
/ceph/sagnihot/projects/InternImage/segmentation/ops_dcnv3/modules/dcnv3.py:21: UserWarning: Now, we support DCNv4 in InternImage.
  warnings.warn('Now, we support DCNv4 in InternImage.')
/ceph/sagnihot/miniconda3/envs/internimage/lib/python3.9/site-packages/torch/utils/cpp_extension.py:28: UserWarning: pkg_resources is deprecated as an API. See https://setuptools.pypa.io/en/latest/pkg_resources.html. The pkg_resources package is slated for removal as early as 2025-11-30. Refrain from using this package or pin to Setuptools<81.
  from pkg_resources import packaging  # type: ignore[attr-defined]
/ceph/sagnihot/miniconda3/envs/internimage/lib/python3.9/site-packages/torch/utils/cpp_extension.py:28: UserWarning: pkg_resources is deprecated as an API. See https://setuptools.pypa.io/en/latest/pkg_resources.html. The pkg_resources package is slated for removal as early as 2025-11-30. Refrain from using this package or pin to Setuptools<81.
  from pkg_resources import packaging  # type: ignore[attr-defined]
/ceph/sagnihot/projects/InternImage/segmentation/ops_dcnv3/modules/dcnv3.py:21: UserWarning: Now, we support DCNv4 in InternImage.
  warnings.warn('Now, we support DCNv4 in InternImage.')
/ceph/sagnihot/projects/InternImage/segmentation/ops_dcnv3/modules/dcnv3.py:21: UserWarning: Now, we support DCNv4 in InternImage.
  warnings.warn('Now, we support DCNv4 in InternImage.')
/ceph/sagnihot/miniconda3/envs/internimage/lib/python3.9/site-packages/torch/utils/cpp_extension.py:28: UserWarning: pkg_resources is deprecated as an API. See https://setuptools.pypa.io/en/latest/pkg_resources.html. The pkg_resources package is slated for removal as early as 2025-11-30. Refrain from using this package or pin to Setuptools<81.
  from pkg_resources import packaging  # type: ignore[attr-defined]
/ceph/sagnihot/miniconda3/envs/internimage/lib/python3.9/site-packages/torch/utils/cpp_extension.py:28: UserWarning: pkg_resources is deprecated as an API. See https://setuptools.pypa.io/en/latest/pkg_resources.html. The pkg_resources package is slated for removal as early as 2025-11-30. Refrain from using this package or pin to Setuptools<81.
  from pkg_resources import packaging  # type: ignore[attr-defined]
/ceph/sagnihot/projects/InternImage/segmentation/ops_dcnv3/modules/dcnv3.py:21: UserWarning: Now, we support DCNv4 in InternImage.
  warnings.warn('Now, we support DCNv4 in InternImage.')
/ceph/sagnihot/projects/InternImage/segmentation/ops_dcnv3/modules/dcnv3.py:21: UserWarning: Now, we support DCNv4 in InternImage.
  warnings.warn('Now, we support DCNv4 in InternImage.')
/ceph/sagnihot/miniconda3/envs/internimage/lib/python3.9/site-packages/torch/utils/cpp_extension.py:28: UserWarning: pkg_resources is deprecated as an API. See https://setuptools.pypa.io/en/latest/pkg_resources.html. The pkg_resources package is slated for removal as early as 2025-11-30. Refrain from using this package or pin to Setuptools<81.
  from pkg_resources import packaging  # type: ignore[attr-defined]
/ceph/sagnihot/miniconda3/envs/internimage/lib/python3.9/site-packages/torch/utils/cpp_extension.py:28: UserWarning: pkg_resources is deprecated as an API. See https://setuptools.pypa.io/en/latest/pkg_resources.html. The pkg_resources package is slated for removal as early as 2025-11-30. Refrain from using this package or pin to Setuptools<81.
  from pkg_resources import packaging  # type: ignore[attr-defined]
/ceph/sagnihot/projects/InternImage/segmentation/ops_dcnv3/modules/dcnv3.py:21: UserWarning: Now, we support DCNv4 in InternImage.
  warnings.warn('Now, we support DCNv4 in InternImage.')
/ceph/sagnihot/projects/InternImage/segmentation/ops_dcnv3/modules/dcnv3.py:21: UserWarning: Now, we support DCNv4 in InternImage.
  warnings.warn('Now, we support DCNv4 in InternImage.')
/ceph/sagnihot/miniconda3/envs/internimage/lib/python3.9/site-packages/torch/utils/cpp_extension.py:28: UserWarning: pkg_resources is deprecated as an API. See https://setuptools.pypa.io/en/latest/pkg_resources.html. The pkg_resources package is slated for removal as early as 2025-11-30. Refrain from using this package or pin to Setuptools<81.
  from pkg_resources import packaging  # type: ignore[attr-defined]
/ceph/sagnihot/miniconda3/envs/internimage/lib/python3.9/site-packages/torch/utils/cpp_extension.py:28: UserWarning: pkg_resources is deprecated as an API. See https://setuptools.pypa.io/en/latest/pkg_resources.html. The pkg_resources package is slated for removal as early as 2025-11-30. Refrain from using this package or pin to Setuptools<81.
  from pkg_resources import packaging  # type: ignore[attr-defined]
/ceph/sagnihot/projects/InternImage/segmentation/ops_dcnv3/modules/dcnv3.py:21: UserWarning: Now, we support DCNv4 in InternImage.
  warnings.warn('Now, we support DCNv4 in InternImage.')
/ceph/sagnihot/projects/InternImage/segmentation/ops_dcnv3/modules/dcnv3.py:21: UserWarning: Now, we support DCNv4 in InternImage.
  warnings.warn('Now, we support DCNv4 in InternImage.')
/ceph/sagnihot/miniconda3/envs/internimage/lib/python3.9/site-packages/torch/utils/cpp_extension.py:28: UserWarning: pkg_resources is deprecated as an API. See https://setuptools.pypa.io/en/latest/pkg_resources.html. The pkg_resources package is slated for removal as early as 2025-11-30. Refrain from using this package or pin to Setuptools<81.
  from pkg_resources import packaging  # type: ignore[attr-defined]
/ceph/sagnihot/miniconda3/envs/internimage/lib/python3.9/site-packages/torch/utils/cpp_extension.py:28: UserWarning: pkg_resources is deprecated as an API. See https://setuptools.pypa.io/en/latest/pkg_resources.html. The pkg_resources package is slated for removal as early as 2025-11-30. Refrain from using this package or pin to Setuptools<81.
  from pkg_resources import packaging  # type: ignore[attr-defined]
/ceph/sagnihot/projects/InternImage/segmentation/ops_dcnv3/modules/dcnv3.py:21: UserWarning: Now, we support DCNv4 in InternImage.
  warnings.warn('Now, we support DCNv4 in InternImage.')
/ceph/sagnihot/projects/InternImage/segmentation/ops_dcnv3/modules/dcnv3.py:21: UserWarning: Now, we support DCNv4 in InternImage.
  warnings.warn('Now, we support DCNv4 in InternImage.')
/ceph/sagnihot/miniconda3/envs/internimage/lib/python3.9/site-packages/torch/utils/cpp_extension.py:28: UserWarning: pkg_resources is deprecated as an API. See https://setuptools.pypa.io/en/latest/pkg_resources.html. The pkg_resources package is slated for removal as early as 2025-11-30. Refrain from using this package or pin to Setuptools<81.
  from pkg_resources import packaging  # type: ignore[attr-defined]
/ceph/sagnihot/miniconda3/envs/internimage/lib/python3.9/site-packages/torch/utils/cpp_extension.py:28: UserWarning: pkg_resources is deprecated as an API. See https://setuptools.pypa.io/en/latest/pkg_resources.html. The pkg_resources package is slated for removal as early as 2025-11-30. Refrain from using this package or pin to Setuptools<81.
  from pkg_resources import packaging  # type: ignore[attr-defined]
/ceph/sagnihot/projects/InternImage/segmentation/ops_dcnv3/modules/dcnv3.py:21: UserWarning: Now, we support DCNv4 in InternImage.
  warnings.warn('Now, we support DCNv4 in InternImage.')
/ceph/sagnihot/projects/InternImage/segmentation/ops_dcnv3/modules/dcnv3.py:21: UserWarning: Now, we support DCNv4 in InternImage.
  warnings.warn('Now, we support DCNv4 in InternImage.')
/ceph/sagnihot/miniconda3/envs/internimage/lib/python3.9/site-packages/torch/utils/cpp_extension.py:28: UserWarning: pkg_resources is deprecated as an API. See https://setuptools.pypa.io/en/latest/pkg_resources.html. The pkg_resources package is slated for removal as early as 2025-11-30. Refrain from using this package or pin to Setuptools<81.
  from pkg_resources import packaging  # type: ignore[attr-defined]
/ceph/sagnihot/miniconda3/envs/internimage/lib/python3.9/site-packages/torch/utils/cpp_extension.py:28: UserWarning: pkg_resources is deprecated as an API. See https://setuptools.pypa.io/en/latest/pkg_resources.html. The pkg_resources package is slated for removal as early as 2025-11-30. Refrain from using this package or pin to Setuptools<81.
  from pkg_resources import packaging  # type: ignore[attr-defined]
/ceph/sagnihot/projects/InternImage/segmentation/ops_dcnv3/modules/dcnv3.py:21: UserWarning: Now, we support DCNv4 in InternImage.
  warnings.warn('Now, we support DCNv4 in InternImage.')
/ceph/sagnihot/projects/InternImage/segmentation/ops_dcnv3/modules/dcnv3.py:21: UserWarning: Now, we support DCNv4 in InternImage.
  warnings.warn('Now, we support DCNv4 in InternImage.')
/ceph/sagnihot/miniconda3/envs/internimage/lib/python3.9/site-packages/torch/utils/cpp_extension.py:28: UserWarning: pkg_resources is deprecated as an API. See https://setuptools.pypa.io/en/latest/pkg_resources.html. The pkg_resources package is slated for removal as early as 2025-11-30. Refrain from using this package or pin to Setuptools<81.
  from pkg_resources import packaging  # type: ignore[attr-defined]
/ceph/sagnihot/miniconda3/envs/internimage/lib/python3.9/site-packages/torch/utils/cpp_extension.py:28: UserWarning: pkg_resources is deprecated as an API. See https://setuptools.pypa.io/en/latest/pkg_resources.html. The pkg_resources package is slated for removal as early as 2025-11-30. Refrain from using this package or pin to Setuptools<81.
  from pkg_resources import packaging  # type: ignore[attr-defined]
/ceph/sagnihot/projects/InternImage/segmentation/ops_dcnv3/modules/dcnv3.py:21: UserWarning: Now, we support DCNv4 in InternImage.
  warnings.warn('Now, we support DCNv4 in InternImage.')
/ceph/sagnihot/projects/InternImage/segmentation/ops_dcnv3/modules/dcnv3.py:21: UserWarning: Now, we support DCNv4 in InternImage.
  warnings.warn('Now, we support DCNv4 in InternImage.')
/ceph/sagnihot/miniconda3/envs/internimage/lib/python3.9/site-packages/torch/utils/cpp_extension.py:28: UserWarning: pkg_resources is deprecated as an API. See https://setuptools.pypa.io/en/latest/pkg_resources.html. The pkg_resources package is slated for removal as early as 2025-11-30. Refrain from using this package or pin to Setuptools<81.
  from pkg_resources import packaging  # type: ignore[attr-defined]
/ceph/sagnihot/miniconda3/envs/internimage/lib/python3.9/site-packages/torch/utils/cpp_extension.py:28: UserWarning: pkg_resources is deprecated as an API. See https://setuptools.pypa.io/en/latest/pkg_resources.html. The pkg_resources package is slated for removal as early as 2025-11-30. Refrain from using this package or pin to Setuptools<81.
  from pkg_resources import packaging  # type: ignore[attr-defined]
/ceph/sagnihot/projects/InternImage/segmentation/ops_dcnv3/modules/dcnv3.py:21: UserWarning: Now, we support DCNv4 in InternImage.
  warnings.warn('Now, we support DCNv4 in InternImage.')
/ceph/sagnihot/projects/InternImage/segmentation/ops_dcnv3/modules/dcnv3.py:21: UserWarning: Now, we support DCNv4 in InternImage.
  warnings.warn('Now, we support DCNv4 in InternImage.')
/ceph/sagnihot/miniconda3/envs/internimage/lib/python3.9/site-packages/torch/utils/cpp_extension.py:28: UserWarning: pkg_resources is deprecated as an API. See https://setuptools.pypa.io/en/latest/pkg_resources.html. The pkg_resources package is slated for removal as early as 2025-11-30. Refrain from using this package or pin to Setuptools<81.
  from pkg_resources import packaging  # type: ignore[attr-defined]
/ceph/sagnihot/miniconda3/envs/internimage/lib/python3.9/site-packages/torch/utils/cpp_extension.py:28: UserWarning: pkg_resources is deprecated as an API. See https://setuptools.pypa.io/en/latest/pkg_resources.html. The pkg_resources package is slated for removal as early as 2025-11-30. Refrain from using this package or pin to Setuptools<81.
  from pkg_resources import packaging  # type: ignore[attr-defined]
/ceph/sagnihot/projects/InternImage/segmentation/ops_dcnv3/modules/dcnv3.py:21: UserWarning: Now, we support DCNv4 in InternImage.
  warnings.warn('Now, we support DCNv4 in InternImage.')
/ceph/sagnihot/projects/InternImage/segmentation/ops_dcnv3/modules/dcnv3.py:21: UserWarning: Now, we support DCNv4 in InternImage.
  warnings.warn('Now, we support DCNv4 in InternImage.')
/ceph/sagnihot/miniconda3/envs/internimage/lib/python3.9/site-packages/torch/utils/cpp_extension.py:28: UserWarning: pkg_resources is deprecated as an API. See https://setuptools.pypa.io/en/latest/pkg_resources.html. The pkg_resources package is slated for removal as early as 2025-11-30. Refrain from using this package or pin to Setuptools<81.
  from pkg_resources import packaging  # type: ignore[attr-defined]
/ceph/sagnihot/miniconda3/envs/internimage/lib/python3.9/site-packages/torch/utils/cpp_extension.py:28: UserWarning: pkg_resources is deprecated as an API. See https://setuptools.pypa.io/en/latest/pkg_resources.html. The pkg_resources package is slated for removal as early as 2025-11-30. Refrain from using this package or pin to Setuptools<81.
  from pkg_resources import packaging  # type: ignore[attr-defined]
/ceph/sagnihot/projects/InternImage/segmentation/ops_dcnv3/modules/dcnv3.py:21: UserWarning: Now, we support DCNv4 in InternImage.
  warnings.warn('Now, we support DCNv4 in InternImage.')
/ceph/sagnihot/projects/InternImage/segmentation/ops_dcnv3/modules/dcnv3.py:21: UserWarning: Now, we support DCNv4 in InternImage.
  warnings.warn('Now, we support DCNv4 in InternImage.')
/ceph/sagnihot/miniconda3/envs/internimage/lib/python3.9/site-packages/torch/utils/cpp_extension.py:28: UserWarning: pkg_resources is deprecated as an API. See https://setuptools.pypa.io/en/latest/pkg_resources.html. The pkg_resources package is slated for removal as early as 2025-11-30. Refrain from using this package or pin to Setuptools<81.
  from pkg_resources import packaging  # type: ignore[attr-defined]
/ceph/sagnihot/miniconda3/envs/internimage/lib/python3.9/site-packages/torch/utils/cpp_extension.py:28: UserWarning: pkg_resources is deprecated as an API. See https://setuptools.pypa.io/en/latest/pkg_resources.html. The pkg_resources package is slated for removal as early as 2025-11-30. Refrain from using this package or pin to Setuptools<81.
  from pkg_resources import packaging  # type: ignore[attr-defined]
/ceph/sagnihot/projects/InternImage/segmentation/ops_dcnv3/modules/dcnv3.py:21: UserWarning: Now, we support DCNv4 in InternImage.
  warnings.warn('Now, we support DCNv4 in InternImage.')
/ceph/sagnihot/projects/InternImage/segmentation/ops_dcnv3/modules/dcnv3.py:21: UserWarning: Now, we support DCNv4 in InternImage.
  warnings.warn('Now, we support DCNv4 in InternImage.')
/ceph/sagnihot/miniconda3/envs/internimage/lib/python3.9/site-packages/torch/utils/cpp_extension.py:28: UserWarning: pkg_resources is deprecated as an API. See https://setuptools.pypa.io/en/latest/pkg_resources.html. The pkg_resources package is slated for removal as early as 2025-11-30. Refrain from using this package or pin to Setuptools<81.
  from pkg_resources import packaging  # type: ignore[attr-defined]
/ceph/sagnihot/miniconda3/envs/internimage/lib/python3.9/site-packages/torch/utils/cpp_extension.py:28: UserWarning: pkg_resources is deprecated as an API. See https://setuptools.pypa.io/en/latest/pkg_resources.html. The pkg_resources package is slated for removal as early as 2025-11-30. Refrain from using this package or pin to Setuptools<81.
  from pkg_resources import packaging  # type: ignore[attr-defined]
/ceph/sagnihot/projects/InternImage/segmentation/ops_dcnv3/modules/dcnv3.py:21: UserWarning: Now, we support DCNv4 in InternImage.
  warnings.warn('Now, we support DCNv4 in InternImage.')
/ceph/sagnihot/projects/InternImage/segmentation/ops_dcnv3/modules/dcnv3.py:21: UserWarning: Now, we support DCNv4 in InternImage.
  warnings.warn('Now, we support DCNv4 in InternImage.')
/ceph/sagnihot/miniconda3/envs/internimage/lib/python3.9/site-packages/torch/utils/cpp_extension.py:28: UserWarning: pkg_resources is deprecated as an API. See https://setuptools.pypa.io/en/latest/pkg_resources.html. The pkg_resources package is slated for removal as early as 2025-11-30. Refrain from using this package or pin to Setuptools<81.
  from pkg_resources import packaging  # type: ignore[attr-defined]
/ceph/sagnihot/miniconda3/envs/internimage/lib/python3.9/site-packages/torch/utils/cpp_extension.py:28: UserWarning: pkg_resources is deprecated as an API. See https://setuptools.pypa.io/en/latest/pkg_resources.html. The pkg_resources package is slated for removal as early as 2025-11-30. Refrain from using this package or pin to Setuptools<81.
  from pkg_resources import packaging  # type: ignore[attr-defined]
/ceph/sagnihot/projects/InternImage/segmentation/ops_dcnv3/modules/dcnv3.py:21: UserWarning: Now, we support DCNv4 in InternImage.
  warnings.warn('Now, we support DCNv4 in InternImage.')
/ceph/sagnihot/projects/InternImage/segmentation/ops_dcnv3/modules/dcnv3.py:21: UserWarning: Now, we support DCNv4 in InternImage.
  warnings.warn('Now, we support DCNv4 in InternImage.')
/ceph/sagnihot/miniconda3/envs/internimage/lib/python3.9/site-packages/torch/utils/cpp_extension.py:28: UserWarning: pkg_resources is deprecated as an API. See https://setuptools.pypa.io/en/latest/pkg_resources.html. The pkg_resources package is slated for removal as early as 2025-11-30. Refrain from using this package or pin to Setuptools<81.
  from pkg_resources import packaging  # type: ignore[attr-defined]
/ceph/sagnihot/miniconda3/envs/internimage/lib/python3.9/site-packages/torch/utils/cpp_extension.py:28: UserWarning: pkg_resources is deprecated as an API. See https://setuptools.pypa.io/en/latest/pkg_resources.html. The pkg_resources package is slated for removal as early as 2025-11-30. Refrain from using this package or pin to Setuptools<81.
  from pkg_resources import packaging  # type: ignore[attr-defined]
/ceph/sagnihot/projects/InternImage/segmentation/ops_dcnv3/modules/dcnv3.py:21: UserWarning: Now, we support DCNv4 in InternImage.
  warnings.warn('Now, we support DCNv4 in InternImage.')
/ceph/sagnihot/projects/InternImage/segmentation/ops_dcnv3/modules/dcnv3.py:21: UserWarning: Now, we support DCNv4 in InternImage.
  warnings.warn('Now, we support DCNv4 in InternImage.')
/ceph/sagnihot/miniconda3/envs/internimage/lib/python3.9/site-packages/torch/utils/cpp_extension.py:28: UserWarning: pkg_resources is deprecated as an API. See https://setuptools.pypa.io/en/latest/pkg_resources.html. The pkg_resources package is slated for removal as early as 2025-11-30. Refrain from using this package or pin to Setuptools<81.
  from pkg_resources import packaging  # type: ignore[attr-defined]
/ceph/sagnihot/miniconda3/envs/internimage/lib/python3.9/site-packages/torch/utils/cpp_extension.py:28: UserWarning: pkg_resources is deprecated as an API. See https://setuptools.pypa.io/en/latest/pkg_resources.html. The pkg_resources package is slated for removal as early as 2025-11-30. Refrain from using this package or pin to Setuptools<81.
  from pkg_resources import packaging  # type: ignore[attr-defined]
/ceph/sagnihot/projects/InternImage/segmentation/ops_dcnv3/modules/dcnv3.py:21: UserWarning: Now, we support DCNv4 in InternImage.
  warnings.warn('Now, we support DCNv4 in InternImage.')
/ceph/sagnihot/projects/InternImage/segmentation/ops_dcnv3/modules/dcnv3.py:21: UserWarning: Now, we support DCNv4 in InternImage.
  warnings.warn('Now, we support DCNv4 in InternImage.')
/ceph/sagnihot/miniconda3/envs/internimage/lib/python3.9/site-packages/torch/utils/cpp_extension.py:28: UserWarning: pkg_resources is deprecated as an API. See https://setuptools.pypa.io/en/latest/pkg_resources.html. The pkg_resources package is slated for removal as early as 2025-11-30. Refrain from using this package or pin to Setuptools<81.
  from pkg_resources import packaging  # type: ignore[attr-defined]
/ceph/sagnihot/miniconda3/envs/internimage/lib/python3.9/site-packages/torch/utils/cpp_extension.py:28: UserWarning: pkg_resources is deprecated as an API. See https://setuptools.pypa.io/en/latest/pkg_resources.html. The pkg_resources package is slated for removal as early as 2025-11-30. Refrain from using this package or pin to Setuptools<81.
  from pkg_resources import packaging  # type: ignore[attr-defined]
/ceph/sagnihot/projects/InternImage/segmentation/ops_dcnv3/modules/dcnv3.py:21: UserWarning: Now, we support DCNv4 in InternImage.
  warnings.warn('Now, we support DCNv4 in InternImage.')
/ceph/sagnihot/projects/InternImage/segmentation/ops_dcnv3/modules/dcnv3.py:21: UserWarning: Now, we support DCNv4 in InternImage.
  warnings.warn('Now, we support DCNv4 in InternImage.')
/ceph/sagnihot/miniconda3/envs/internimage/lib/python3.9/site-packages/torch/utils/checkpoint.py:429: UserWarning: torch.utils.checkpoint: please pass in use_reentrant=True or use_reentrant=False explicitly. The default value of use_reentrant will be updated to be False in the future. To maintain current behavior, pass use_reentrant=True. It is recommended that you use use_reentrant=False. Refer to docs for more details on the differences between the two variants.
  warnings.warn(
/ceph/sagnihot/miniconda3/envs/internimage/lib/python3.9/site-packages/torch/functional.py:504: UserWarning: torch.meshgrid: in an upcoming release, it will be required to pass the indexing argument. (Triggered internally at ../aten/src/ATen/native/TensorShape.cpp:3526.)
  return _VF.meshgrid(tensors, **kwargs)  # type: ignore[attr-defined]
/ceph/sagnihot/miniconda3/envs/internimage/lib/python3.9/site-packages/torch/utils/checkpoint.py:429: UserWarning: torch.utils.checkpoint: please pass in use_reentrant=True or use_reentrant=False explicitly. The default value of use_reentrant will be updated to be False in the future. To maintain current behavior, pass use_reentrant=True. It is recommended that you use use_reentrant=False. Refer to docs for more details on the differences between the two variants.
  warnings.warn(
/ceph/sagnihot/miniconda3/envs/internimage/lib/python3.9/site-packages/torch/functional.py:504: UserWarning: torch.meshgrid: in an upcoming release, it will be required to pass the indexing argument. (Triggered internally at ../aten/src/ATen/native/TensorShape.cpp:3526.)
  return _VF.meshgrid(tensors, **kwargs)  # type: ignore[attr-defined]
/ceph/sagnihot/miniconda3/envs/internimage/lib/python3.9/site-packages/torch/autograd/__init__.py:251: UserWarning: Grad strides do not match bucket view strides. This may indicate grad was not created according to the gradient layout contract, or that the param's strides changed since DDP was constructed.  This is not an error, but may impair performance.
grad.sizes() = [2560, 1, 5, 5], strides() = [25, 1, 5, 1]
bucket_view.sizes() = [2560, 1, 5, 5], strides() = [25, 25, 5, 1] (Triggered internally at ../torch/csrc/distributed/c10d/reducer.cpp:320.)
  Variable._execution_engine.run_backward(  # Calls into the C++ engine to run the backward pass
/ceph/sagnihot/miniconda3/envs/internimage/lib/python3.9/site-packages/torch/autograd/__init__.py:251: UserWarning: Grad strides do not match bucket view strides. This may indicate grad was not created according to the gradient layout contract, or that the param's strides changed since DDP was constructed.  This is not an error, but may impair performance.
grad.sizes() = [2560, 1, 5, 5], strides() = [25, 1, 5, 1]
bucket_view.sizes() = [2560, 1, 5, 5], strides() = [25, 25, 5, 1] (Triggered internally at ../torch/csrc/distributed/c10d/reducer.cpp:320.)
  Variable._execution_engine.run_backward(  # Calls into the C++ engine to run the backward pass
2026-03-02 15:38:53,278 - mmcv - INFO - Reducer buckets have been rebuilt in this iteration.
2026-03-02 15:39:23,111 - mmseg - INFO - Iter [50/80000]	lr: 2.386e-08, eta: 14:13:44, time: 0.641, data_time: 0.028, memory: 26310, decode.loss_cls: 0.8499, decode.loss_mask: 0.5337, decode.loss_dice: 1.0706, decode.d0.loss_cls: 0.7197, decode.d0.loss_mask: 0.6227, decode.d0.loss_dice: 1.2245, decode.d1.loss_cls: 0.7909, decode.d1.loss_mask: 0.5430, decode.d1.loss_dice: 1.1333, decode.d2.loss_cls: 0.7826, decode.d2.loss_mask: 0.5422, decode.d2.loss_dice: 1.1065, decode.d3.loss_cls: 0.7935, decode.d3.loss_mask: 0.5457, decode.d3.loss_dice: 1.0958, decode.d4.loss_cls: 0.8435, decode.d4.loss_mask: 0.5484, decode.d4.loss_dice: 1.0909, decode.d5.loss_cls: 0.8282, decode.d5.loss_mask: 0.5447, decode.d5.loss_dice: 1.1199, decode.d6.loss_cls: 0.7973, decode.d6.loss_mask: 0.5467, decode.d6.loss_dice: 1.0859, decode.d7.loss_cls: 0.8455, decode.d7.loss_mask: 0.5542, decode.d7.loss_dice: 1.0981, decode.d8.loss_cls: 0.8191, decode.d8.loss_mask: 0.5478, decode.d8.loss_dice: 1.0999, loss: 24.7247, grad_norm: 1161.4704
2026-03-02 15:39:53,907 - mmseg - INFO - Iter [100/80000]	lr: 4.819e-08, eta: 13:56:36, time: 0.616, data_time: 0.021, memory: 26352, decode.loss_cls: 0.9179, decode.loss_mask: 0.5793, decode.loss_dice: 1.2312, decode.d0.loss_cls: 0.7153, decode.d0.loss_mask: 0.6278, decode.d0.loss_dice: 1.3331, decode.d1.loss_cls: 0.8556, decode.d1.loss_mask: 0.5693, decode.d1.loss_dice: 1.2761, decode.d2.loss_cls: 0.9059, decode.d2.loss_mask: 0.5759, decode.d2.loss_dice: 1.2449, decode.d3.loss_cls: 0.9565, decode.d3.loss_mask: 0.5743, decode.d3.loss_dice: 1.2547, decode.d4.loss_cls: 0.9191, decode.d4.loss_mask: 0.5727, decode.d4.loss_dice: 1.2330, decode.d5.loss_cls: 0.9188, decode.d5.loss_mask: 0.5830, decode.d5.loss_dice: 1.2293, decode.d6.loss_cls: 0.9120, decode.d6.loss_mask: 0.5734, decode.d6.loss_dice: 1.2403, decode.d7.loss_cls: 0.9289, decode.d7.loss_mask: 0.5822, decode.d7.loss_dice: 1.2271, decode.d8.loss_cls: 0.9109, decode.d8.loss_mask: 0.5892, decode.d8.loss_dice: 1.2344, loss: 27.2721, grad_norm: 869.8159
2026-03-02 15:40:24,790 - mmseg - INFO - Iter [150/80000]	lr: 7.248e-08, eta: 13:51:23, time: 0.618, data_time: 0.021, memory: 26352, decode.loss_cls: 0.7661, decode.loss_mask: 0.5089, decode.loss_dice: 1.1739, decode.d0.loss_cls: 0.6561, decode.d0.loss_mask: 0.6012, decode.d0.loss_dice: 1.2782, decode.d1.loss_cls: 0.7282, decode.d1.loss_mask: 0.5263, decode.d1.loss_dice: 1.2154, decode.d2.loss_cls: 0.7821, decode.d2.loss_mask: 0.5147, decode.d2.loss_dice: 1.1904, decode.d3.loss_cls: 0.8175, decode.d3.loss_mask: 0.5074, decode.d3.loss_dice: 1.1688, decode.d4.loss_cls: 0.7784, decode.d4.loss_mask: 0.5090, decode.d4.loss_dice: 1.1723, decode.d5.loss_cls: 0.7544, decode.d5.loss_mask: 0.5158, decode.d5.loss_dice: 1.1832, decode.d6.loss_cls: 0.7476, decode.d6.loss_mask: 0.5143, decode.d6.loss_dice: 1.1639, decode.d7.loss_cls: 0.7766, decode.d7.loss_mask: 0.5096, decode.d7.loss_dice: 1.1628, decode.d8.loss_cls: 0.7588, decode.d8.loss_mask: 0.5117, decode.d8.loss_dice: 1.1817, loss: 24.6754, grad_norm: 1089.8669
2026-03-02 15:40:55,860 - mmseg - INFO - Iter [200/80000]	lr: 9.674e-08, eta: 13:49:46, time: 0.621, data_time: 0.020, memory: 26354, decode.loss_cls: 0.6341, decode.loss_mask: 0.5030, decode.loss_dice: 1.1491, decode.d0.loss_cls: 0.7178, decode.d0.loss_mask: 0.6068, decode.d0.loss_dice: 1.2856, decode.d1.loss_cls: 0.6952, decode.d1.loss_mask: 0.4926, decode.d1.loss_dice: 1.1974, decode.d2.loss_cls: 0.6761, decode.d2.loss_mask: 0.4952, decode.d2.loss_dice: 1.1646, decode.d3.loss_cls: 0.6210, decode.d3.loss_mask: 0.5015, decode.d3.loss_dice: 1.1412, decode.d4.loss_cls: 0.6261, decode.d4.loss_mask: 0.4929, decode.d4.loss_dice: 1.1365, decode.d5.loss_cls: 0.6566, decode.d5.loss_mask: 0.4853, decode.d5.loss_dice: 1.1683, decode.d6.loss_cls: 0.6213, decode.d6.loss_mask: 0.4882, decode.d6.loss_dice: 1.1403, decode.d7.loss_cls: 0.6134, decode.d7.loss_mask: 0.4926, decode.d7.loss_dice: 1.1523, decode.d8.loss_cls: 0.6360, decode.d8.loss_mask: 0.4952, decode.d8.loss_dice: 1.1442, loss: 23.2306, grad_norm: 1015.0989
2026-03-02 15:41:27,011 - mmseg - INFO - Iter [250/80000]	lr: 1.210e-07, eta: 13:49:00, time: 0.623, data_time: 0.020, memory: 26354, decode.loss_cls: 0.4671, decode.loss_mask: 0.4001, decode.loss_dice: 1.0823, decode.d0.loss_cls: 0.6535, decode.d0.loss_mask: 0.4553, decode.d0.loss_dice: 1.1860, decode.d1.loss_cls: 0.4967, decode.d1.loss_mask: 0.4099, decode.d1.loss_dice: 1.1417, decode.d2.loss_cls: 0.5220, decode.d2.loss_mask: 0.3973, decode.d2.loss_dice: 1.0980, decode.d3.loss_cls: 0.4831, decode.d3.loss_mask: 0.4035, decode.d3.loss_dice: 1.1079, decode.d4.loss_cls: 0.4888, decode.d4.loss_mask: 0.4076, decode.d4.loss_dice: 1.0911, decode.d5.loss_cls: 0.4843, decode.d5.loss_mask: 0.4035, decode.d5.loss_dice: 1.0900, decode.d6.loss_cls: 0.4733, decode.d6.loss_mask: 0.4032, decode.d6.loss_dice: 1.0986, decode.d7.loss_cls: 0.4632, decode.d7.loss_mask: 0.3970, decode.d7.loss_dice: 1.0782, decode.d8.loss_cls: 0.4748, decode.d8.loss_mask: 0.4014, decode.d8.loss_dice: 1.0916, loss: 20.1510, grad_norm: 811.5114
2026-03-02 15:41:58,162 - mmseg - INFO - Iter [300/80000]	lr: 1.452e-07, eta: 13:48:20, time: 0.623, data_time: 0.021, memory: 26354, decode.loss_cls: 0.5463, decode.loss_mask: 0.4171, decode.loss_dice: 1.1333, decode.d0.loss_cls: 0.7041, decode.d0.loss_mask: 0.4850, decode.d0.loss_dice: 1.2163, decode.d1.loss_cls: 0.6319, decode.d1.loss_mask: 0.4197, decode.d1.loss_dice: 1.1712, decode.d2.loss_cls: 0.5781, decode.d2.loss_mask: 0.4293, decode.d2.loss_dice: 1.1475, decode.d3.loss_cls: 0.5446, decode.d3.loss_mask: 0.4253, decode.d3.loss_dice: 1.1371, decode.d4.loss_cls: 0.5592, decode.d4.loss_mask: 0.4245, decode.d4.loss_dice: 1.1485, decode.d5.loss_cls: 0.5459, decode.d5.loss_mask: 0.4239, decode.d5.loss_dice: 1.1206, decode.d6.loss_cls: 0.5333, decode.d6.loss_mask: 0.4183, decode.d6.loss_dice: 1.1327, decode.d7.loss_cls: 0.5476, decode.d7.loss_mask: 0.4181, decode.d7.loss_dice: 1.1528, decode.d8.loss_cls: 0.5433, decode.d8.loss_mask: 0.4175, decode.d8.loss_dice: 1.1134, loss: 21.4864, grad_norm: 983.9964
2026-03-02 15:42:29,453 - mmseg - INFO - Iter [350/80000]	lr: 1.693e-07, eta: 13:48:14, time: 0.626, data_time: 0.022, memory: 26354, decode.loss_cls: 0.4889, decode.loss_mask: 0.4040, decode.loss_dice: 1.1412, decode.d0.loss_cls: 0.7544, decode.d0.loss_mask: 0.4556, decode.d0.loss_dice: 1.2149, decode.d1.loss_cls: 0.5635, decode.d1.loss_mask: 0.4097, decode.d1.loss_dice: 1.1998, decode.d2.loss_cls: 0.4969, decode.d2.loss_mask: 0.4148, decode.d2.loss_dice: 1.1694, decode.d3.loss_cls: 0.5008, decode.d3.loss_mask: 0.4092, decode.d3.loss_dice: 1.1555, decode.d4.loss_cls: 0.4903, decode.d4.loss_mask: 0.4113, decode.d4.loss_dice: 1.1465, decode.d5.loss_cls: 0.5061, decode.d5.loss_mask: 0.4089, decode.d5.loss_dice: 1.1659, decode.d6.loss_cls: 0.4941, decode.d6.loss_mask: 0.4073, decode.d6.loss_dice: 1.1551, decode.d7.loss_cls: 0.4729, decode.d7.loss_mask: 0.3964, decode.d7.loss_dice: 1.1647, decode.d8.loss_cls: 0.4998, decode.d8.loss_mask: 0.4023, decode.d8.loss_dice: 1.1323, loss: 21.0327, grad_norm: 757.8818
2026-03-02 15:43:00,539 - mmseg - INFO - Iter [400/80000]	lr: 1.935e-07, eta: 13:47:21, time: 0.622, data_time: 0.021, memory: 26354, decode.loss_cls: 0.4573, decode.loss_mask: 0.3595, decode.loss_dice: 1.1211, decode.d0.loss_cls: 0.7103, decode.d0.loss_mask: 0.3925, decode.d0.loss_dice: 1.2286, decode.d1.loss_cls: 0.5623, decode.d1.loss_mask: 0.3639, decode.d1.loss_dice: 1.1754, decode.d2.loss_cls: 0.5158, decode.d2.loss_mask: 0.3615, decode.d2.loss_dice: 1.1543, decode.d3.loss_cls: 0.4670, decode.d3.loss_mask: 0.3592, decode.d3.loss_dice: 1.1266, decode.d4.loss_cls: 0.4661, decode.d4.loss_mask: 0.3522, decode.d4.loss_dice: 1.1295, decode.d5.loss_cls: 0.4781, decode.d5.loss_mask: 0.3606, decode.d5.loss_dice: 1.1421, decode.d6.loss_cls: 0.4758, decode.d6.loss_mask: 0.3576, decode.d6.loss_dice: 1.1249, decode.d7.loss_cls: 0.4608, decode.d7.loss_mask: 0.3543, decode.d7.loss_dice: 1.1357, decode.d8.loss_cls: 0.4554, decode.d8.loss_mask: 0.3603, decode.d8.loss_dice: 1.1232, loss: 20.1318, grad_norm: 833.8684
2026-03-02 15:43:31,610 - mmseg - INFO - Iter [450/80000]	lr: 2.176e-07, eta: 13:46:30, time: 0.621, data_time: 0.021, memory: 26354, decode.loss_cls: 0.4577, decode.loss_mask: 0.3759, decode.loss_dice: 1.1687, decode.d0.loss_cls: 0.7121, decode.d0.loss_mask: 0.4288, decode.d0.loss_dice: 1.2342, decode.d1.loss_cls: 0.5507, decode.d1.loss_mask: 0.3775, decode.d1.loss_dice: 1.2023, decode.d2.loss_cls: 0.5189, decode.d2.loss_mask: 0.3872, decode.d2.loss_dice: 1.2044, decode.d3.loss_cls: 0.4742, decode.d3.loss_mask: 0.3806, decode.d3.loss_dice: 1.1558, decode.d4.loss_cls: 0.4536, decode.d4.loss_mask: 0.3785, decode.d4.loss_dice: 1.1839, decode.d5.loss_cls: 0.4751, decode.d5.loss_mask: 0.3758, decode.d5.loss_dice: 1.1753, decode.d6.loss_cls: 0.4675, decode.d6.loss_mask: 0.3738, decode.d6.loss_dice: 1.1598, decode.d7.loss_cls: 0.4939, decode.d7.loss_mask: 0.3738, decode.d7.loss_dice: 1.1547, decode.d8.loss_cls: 0.4739, decode.d8.loss_mask: 0.3733, decode.d8.loss_dice: 1.1687, loss: 20.7107, grad_norm: 1120.1702
2026-03-02 15:44:02,658 - mmseg - INFO - Iter [500/80000]	lr: 2.417e-07, eta: 13:45:40, time: 0.621, data_time: 0.021, memory: 26363, decode.loss_cls: 0.4638, decode.loss_mask: 0.3607, decode.loss_dice: 1.1622, decode.d0.loss_cls: 0.7412, decode.d0.loss_mask: 0.3788, decode.d0.loss_dice: 1.2193, decode.d1.loss_cls: 0.5700, decode.d1.loss_mask: 0.3475, decode.d1.loss_dice: 1.1969, decode.d2.loss_cls: 0.5355, decode.d2.loss_mask: 0.3549, decode.d2.loss_dice: 1.1720, decode.d3.loss_cls: 0.4812, decode.d3.loss_mask: 0.3563, decode.d3.loss_dice: 1.1698, decode.d4.loss_cls: 0.4540, decode.d4.loss_mask: 0.3528, decode.d4.loss_dice: 1.1668, decode.d5.loss_cls: 0.4530, decode.d5.loss_mask: 0.3545, decode.d5.loss_dice: 1.1642, decode.d6.loss_cls: 0.4651, decode.d6.loss_mask: 0.3541, decode.d6.loss_dice: 1.1650, decode.d7.loss_cls: 0.4696, decode.d7.loss_mask: 0.3561, decode.d7.loss_dice: 1.1456, decode.d8.loss_cls: 0.4413, decode.d8.loss_mask: 0.3550, decode.d8.loss_dice: 1.1525, loss: 20.3597, grad_norm: 742.7604
2026-03-02 15:44:33,877 - mmseg - INFO - Iter [550/80000]	lr: 2.657e-07, eta: 13:45:18, time: 0.624, data_time: 0.021, memory: 26363, decode.loss_cls: 0.3853, decode.loss_mask: 0.3249, decode.loss_dice: 1.0287, decode.d0.loss_cls: 0.7534, decode.d0.loss_mask: 0.3382, decode.d0.loss_dice: 1.1067, decode.d1.loss_cls: 0.4825, decode.d1.loss_mask: 0.3265, decode.d1.loss_dice: 1.0795, decode.d2.loss_cls: 0.4420, decode.d2.loss_mask: 0.3285, decode.d2.loss_dice: 1.0600, decode.d3.loss_cls: 0.4084, decode.d3.loss_mask: 0.3282, decode.d3.loss_dice: 1.0443, decode.d4.loss_cls: 0.4069, decode.d4.loss_mask: 0.3252, decode.d4.loss_dice: 1.0206, decode.d5.loss_cls: 0.3860, decode.d5.loss_mask: 0.3255, decode.d5.loss_dice: 1.0446, decode.d6.loss_cls: 0.3959, decode.d6.loss_mask: 0.3280, decode.d6.loss_dice: 1.0588, decode.d7.loss_cls: 0.3893, decode.d7.loss_mask: 0.3277, decode.d7.loss_dice: 1.0397, decode.d8.loss_cls: 0.3621, decode.d8.loss_mask: 0.3297, decode.d8.loss_dice: 1.0489, loss: 18.2259, grad_norm: 747.0080
2026-03-02 15:45:04,961 - mmseg - INFO - Iter [600/80000]	lr: 2.897e-07, eta: 13:44:36, time: 0.622, data_time: 0.021, memory: 26363, decode.loss_cls: 0.4387, decode.loss_mask: 0.3575, decode.loss_dice: 1.0915, decode.d0.loss_cls: 0.7189, decode.d0.loss_mask: 0.3763, decode.d0.loss_dice: 1.1836, decode.d1.loss_cls: 0.5545, decode.d1.loss_mask: 0.3452, decode.d1.loss_dice: 1.1333, decode.d2.loss_cls: 0.4994, decode.d2.loss_mask: 0.3526, decode.d2.loss_dice: 1.1046, decode.d3.loss_cls: 0.4679, decode.d3.loss_mask: 0.3569, decode.d3.loss_dice: 1.0857, decode.d4.loss_cls: 0.4491, decode.d4.loss_mask: 0.3650, decode.d4.loss_dice: 1.0971, decode.d5.loss_cls: 0.4608, decode.d5.loss_mask: 0.3571, decode.d5.loss_dice: 1.0916, decode.d6.loss_cls: 0.4713, decode.d6.loss_mask: 0.3592, decode.d6.loss_dice: 1.0914, decode.d7.loss_cls: 0.4680, decode.d7.loss_mask: 0.3624, decode.d7.loss_dice: 1.0986, decode.d8.loss_cls: 0.4458, decode.d8.loss_mask: 0.3691, decode.d8.loss_dice: 1.0954, loss: 19.6487, grad_norm: 961.3505
2026-03-02 15:45:36,055 - mmseg - INFO - Iter [650/80000]	lr: 3.137e-07, eta: 13:43:57, time: 0.622, data_time: 0.021, memory: 26363, decode.loss_cls: 0.4299, decode.loss_mask: 0.3749, decode.loss_dice: 1.1884, decode.d0.loss_cls: 0.7108, decode.d0.loss_mask: 0.3944, decode.d0.loss_dice: 1.2649, decode.d1.loss_cls: 0.4899, decode.d1.loss_mask: 0.3719, decode.d1.loss_dice: 1.2290, decode.d2.loss_cls: 0.4597, decode.d2.loss_mask: 0.3744, decode.d2.loss_dice: 1.1997, decode.d3.loss_cls: 0.4227, decode.d3.loss_mask: 0.3738, decode.d3.loss_dice: 1.1850, decode.d4.loss_cls: 0.4139, decode.d4.loss_mask: 0.3821, decode.d4.loss_dice: 1.1896, decode.d5.loss_cls: 0.4533, decode.d5.loss_mask: 0.3724, decode.d5.loss_dice: 1.1859, decode.d6.loss_cls: 0.4595, decode.d6.loss_mask: 0.3746, decode.d6.loss_dice: 1.1835, decode.d7.loss_cls: 0.4308, decode.d7.loss_mask: 0.3709, decode.d7.loss_dice: 1.1773, decode.d8.loss_cls: 0.4571, decode.d8.loss_mask: 0.3699, decode.d8.loss_dice: 1.1803, loss: 20.4707, grad_norm: 826.2101
2026-03-02 15:46:07,266 - mmseg - INFO - Iter [700/80000]	lr: 3.377e-07, eta: 13:43:33, time: 0.624, data_time: 0.021, memory: 26363, decode.loss_cls: 0.4467, decode.loss_mask: 0.3657, decode.loss_dice: 1.1111, decode.d0.loss_cls: 0.7459, decode.d0.loss_mask: 0.3917, decode.d0.loss_dice: 1.2164, decode.d1.loss_cls: 0.5063, decode.d1.loss_mask: 0.3672, decode.d1.loss_dice: 1.1619, decode.d2.loss_cls: 0.4548, decode.d2.loss_mask: 0.3646, decode.d2.loss_dice: 1.1260, decode.d3.loss_cls: 0.4443, decode.d3.loss_mask: 0.3699, decode.d3.loss_dice: 1.1025, decode.d4.loss_cls: 0.4146, decode.d4.loss_mask: 0.3727, decode.d4.loss_dice: 1.1159, decode.d5.loss_cls: 0.4250, decode.d5.loss_mask: 0.3787, decode.d5.loss_dice: 1.1259, decode.d6.loss_cls: 0.4333, decode.d6.loss_mask: 0.3660, decode.d6.loss_dice: 1.1146, decode.d7.loss_cls: 0.4255, decode.d7.loss_mask: 0.3645, decode.d7.loss_dice: 1.1010, decode.d8.loss_cls: 0.4240, decode.d8.loss_mask: 0.3684, decode.d8.loss_dice: 1.1053, loss: 19.7102, grad_norm: 999.3424
2026-03-02 15:46:38,457 - mmseg - INFO - Iter [750/80000]	lr: 3.616e-07, eta: 13:43:05, time: 0.624, data_time: 0.020, memory: 26363, decode.loss_cls: 0.4607, decode.loss_mask: 0.3489, decode.loss_dice: 1.1005, decode.d0.loss_cls: 0.8105, decode.d0.loss_mask: 0.3878, decode.d0.loss_dice: 1.1965, decode.d1.loss_cls: 0.5183, decode.d1.loss_mask: 0.3642, decode.d1.loss_dice: 1.1244, decode.d2.loss_cls: 0.4984, decode.d2.loss_mask: 0.3585, decode.d2.loss_dice: 1.1136, decode.d3.loss_cls: 0.4818, decode.d3.loss_mask: 0.3510, decode.d3.loss_dice: 1.1242, decode.d4.loss_cls: 0.4660, decode.d4.loss_mask: 0.3518, decode.d4.loss_dice: 1.0897, decode.d5.loss_cls: 0.4686, decode.d5.loss_mask: 0.3544, decode.d5.loss_dice: 1.1185, decode.d6.loss_cls: 0.4530, decode.d6.loss_mask: 0.3511, decode.d6.loss_dice: 1.1116, decode.d7.loss_cls: 0.4399, decode.d7.loss_mask: 0.3478, decode.d7.loss_dice: 1.0835, decode.d8.loss_cls: 0.4386, decode.d8.loss_mask: 0.3493, decode.d8.loss_dice: 1.0955, loss: 19.7588, grad_norm: 1086.3303
2026-03-02 15:47:09,676 - mmseg - INFO - Iter [800/80000]	lr: 3.855e-07, eta: 13:42:40, time: 0.624, data_time: 0.021, memory: 26363, decode.loss_cls: 0.3662, decode.loss_mask: 0.3185, decode.loss_dice: 1.0402, decode.d0.loss_cls: 0.6808, decode.d0.loss_mask: 0.3276, decode.d0.loss_dice: 1.1275, decode.d1.loss_cls: 0.4833, decode.d1.loss_mask: 0.3166, decode.d1.loss_dice: 1.0770, decode.d2.loss_cls: 0.3871, decode.d2.loss_mask: 0.3173, decode.d2.loss_dice: 1.0688, decode.d3.loss_cls: 0.4016, decode.d3.loss_mask: 0.3120, decode.d3.loss_dice: 1.0471, decode.d4.loss_cls: 0.4003, decode.d4.loss_mask: 0.3137, decode.d4.loss_dice: 1.0532, decode.d5.loss_cls: 0.3700, decode.d5.loss_mask: 0.3192, decode.d5.loss_dice: 1.0611, decode.d6.loss_cls: 0.3633, decode.d6.loss_mask: 0.3233, decode.d6.loss_dice: 1.0602, decode.d7.loss_cls: 0.3551, decode.d7.loss_mask: 0.3197, decode.d7.loss_dice: 1.0787, decode.d8.loss_cls: 0.3552, decode.d8.loss_mask: 0.3208, decode.d8.loss_dice: 1.0700, loss: 18.0350, grad_norm: 637.4380
2026-03-02 15:47:40,818 - mmseg - INFO - Iter [850/80000]	lr: 4.093e-07, eta: 13:42:07, time: 0.623, data_time: 0.021, memory: 26363, decode.loss_cls: 0.4227, decode.loss_mask: 0.3769, decode.loss_dice: 1.0882, decode.d0.loss_cls: 0.7277, decode.d0.loss_mask: 0.3947, decode.d0.loss_dice: 1.1742, decode.d1.loss_cls: 0.4441, decode.d1.loss_mask: 0.3689, decode.d1.loss_dice: 1.1255, decode.d2.loss_cls: 0.4164, decode.d2.loss_mask: 0.3774, decode.d2.loss_dice: 1.0999, decode.d3.loss_cls: 0.4168, decode.d3.loss_mask: 0.3749, decode.d3.loss_dice: 1.0989, decode.d4.loss_cls: 0.4032, decode.d4.loss_mask: 0.3800, decode.d4.loss_dice: 1.1036, decode.d5.loss_cls: 0.4172, decode.d5.loss_mask: 0.3755, decode.d5.loss_dice: 1.1213, decode.d6.loss_cls: 0.4284, decode.d6.loss_mask: 0.3791, decode.d6.loss_dice: 1.0992, decode.d7.loss_cls: 0.4120, decode.d7.loss_mask: 0.3790, decode.d7.loss_dice: 1.0874, decode.d8.loss_cls: 0.4208, decode.d8.loss_mask: 0.3799, decode.d8.loss_dice: 1.0878, loss: 19.3816, grad_norm: 937.7715
2026-03-02 15:48:11,767 - mmseg - INFO - Iter [900/80000]	lr: 4.332e-07, eta: 13:41:17, time: 0.619, data_time: 0.021, memory: 26363, decode.loss_cls: 0.4703, decode.loss_mask: 0.3602, decode.loss_dice: 1.1400, decode.d0.loss_cls: 0.7623, decode.d0.loss_mask: 0.3826, decode.d0.loss_dice: 1.2304, decode.d1.loss_cls: 0.4821, decode.d1.loss_mask: 0.3717, decode.d1.loss_dice: 1.1876, decode.d2.loss_cls: 0.4641, decode.d2.loss_mask: 0.3769, decode.d2.loss_dice: 1.1833, decode.d3.loss_cls: 0.4544, decode.d3.loss_mask: 0.3695, decode.d3.loss_dice: 1.1673, decode.d4.loss_cls: 0.4869, decode.d4.loss_mask: 0.3688, decode.d4.loss_dice: 1.1448, decode.d5.loss_cls: 0.4445, decode.d5.loss_mask: 0.3712, decode.d5.loss_dice: 1.1540, decode.d6.loss_cls: 0.4723, decode.d6.loss_mask: 0.3733, decode.d6.loss_dice: 1.1509, decode.d7.loss_cls: 0.4690, decode.d7.loss_mask: 0.3623, decode.d7.loss_dice: 1.1511, decode.d8.loss_cls: 0.4621, decode.d8.loss_mask: 0.3643, decode.d8.loss_dice: 1.1250, loss: 20.3033, grad_norm: 1039.8924
2026-03-02 15:48:42,861 - mmseg - INFO - Iter [950/80000]	lr: 4.570e-07, eta: 13:40:42, time: 0.622, data_time: 0.021, memory: 26363, decode.loss_cls: 0.3763, decode.loss_mask: 0.3235, decode.loss_dice: 1.0622, decode.d0.loss_cls: 0.7542, decode.d0.loss_mask: 0.3377, decode.d0.loss_dice: 1.1340, decode.d1.loss_cls: 0.4653, decode.d1.loss_mask: 0.3284, decode.d1.loss_dice: 1.0888, decode.d2.loss_cls: 0.3718, decode.d2.loss_mask: 0.3367, decode.d2.loss_dice: 1.0814, decode.d3.loss_cls: 0.3710, decode.d3.loss_mask: 0.3381, decode.d3.loss_dice: 1.0722, decode.d4.loss_cls: 0.3790, decode.d4.loss_mask: 0.3335, decode.d4.loss_dice: 1.0703, decode.d5.loss_cls: 0.3705, decode.d5.loss_mask: 0.3313, decode.d5.loss_dice: 1.0673, decode.d6.loss_cls: 0.3845, decode.d6.loss_mask: 0.3269, decode.d6.loss_dice: 1.0550, decode.d7.loss_cls: 0.3629, decode.d7.loss_mask: 0.3272, decode.d7.loss_dice: 1.0635, decode.d8.loss_cls: 0.3481, decode.d8.loss_mask: 0.3308, decode.d8.loss_dice: 1.0649, loss: 18.2571, grad_norm: 1045.0966
2026-03-02 15:49:13,897 - mmseg - INFO - Saving checkpoint at 1000 iterations
2026-03-02 15:49:25,036 - mmseg - INFO - Exp name: mask2former_internimage_h_1024x1024_80k_mapillary2cityscapes.py
2026-03-02 15:49:25,036 - mmseg - INFO - Iter [1000/80000]	lr: 4.808e-07, eta: 13:54:43, time: 0.844, data_time: 0.020, memory: 26366, decode.loss_cls: 0.4141, decode.loss_mask: 0.3527, decode.loss_dice: 1.1065, decode.d0.loss_cls: 0.7920, decode.d0.loss_mask: 0.3758, decode.d0.loss_dice: 1.2040, decode.d1.loss_cls: 0.4666, decode.d1.loss_mask: 0.3508, decode.d1.loss_dice: 1.1478, decode.d2.loss_cls: 0.4265, decode.d2.loss_mask: 0.3563, decode.d2.loss_dice: 1.1307, decode.d3.loss_cls: 0.3817, decode.d3.loss_mask: 0.3564, decode.d3.loss_dice: 1.1259, decode.d4.loss_cls: 0.4234, decode.d4.loss_mask: 0.3584, decode.d4.loss_dice: 1.1219, decode.d5.loss_cls: 0.4037, decode.d5.loss_mask: 0.3566, decode.d5.loss_dice: 1.1268, decode.d6.loss_cls: 0.4055, decode.d6.loss_mask: 0.3585, decode.d6.loss_dice: 1.1020, decode.d7.loss_cls: 0.4018, decode.d7.loss_mask: 0.3584, decode.d7.loss_dice: 1.1100, decode.d8.loss_cls: 0.4157, decode.d8.loss_mask: 0.3544, decode.d8.loss_dice: 1.1251, loss: 19.4101, grad_norm: 1102.1016
2026-03-02 15:49:56,126 - mmseg - INFO - Iter [1050/80000]	lr: 5.045e-07, eta: 13:53:25, time: 0.621, data_time: 0.021, memory: 26366, decode.loss_cls: 0.3826, decode.loss_mask: 0.3360, decode.loss_dice: 1.0613, decode.d0.loss_cls: 0.7793, decode.d0.loss_mask: 0.3456, decode.d0.loss_dice: 1.1275, decode.d1.loss_cls: 0.4818, decode.d1.loss_mask: 0.3341, decode.d1.loss_dice: 1.0784, decode.d2.loss_cls: 0.4063, decode.d2.loss_mask: 0.3353, decode.d2.loss_dice: 1.0651, decode.d3.loss_cls: 0.3724, decode.d3.loss_mask: 0.3251, decode.d3.loss_dice: 1.0431, decode.d4.loss_cls: 0.3530, decode.d4.loss_mask: 0.3308, decode.d4.loss_dice: 1.0698, decode.d5.loss_cls: 0.3769, decode.d5.loss_mask: 0.3249, decode.d5.loss_dice: 1.0597, decode.d6.loss_cls: 0.3690, decode.d6.loss_mask: 0.3317, decode.d6.loss_dice: 1.0481, decode.d7.loss_cls: 0.3999, decode.d7.loss_mask: 0.3266, decode.d7.loss_dice: 1.0461, decode.d8.loss_cls: 0.3720, decode.d8.loss_mask: 0.3280, decode.d8.loss_dice: 1.0559, loss: 18.2665, grad_norm: 1025.4838
2026-03-02 15:50:27,179 - mmseg - INFO - Iter [1100/80000]	lr: 5.282e-07, eta: 13:52:08, time: 0.621, data_time: 0.021, memory: 26366, decode.loss_cls: 0.4652, decode.loss_mask: 0.3629, decode.loss_dice: 0.9890, decode.d0.loss_cls: 0.7097, decode.d0.loss_mask: 0.4074, decode.d0.loss_dice: 1.0885, decode.d1.loss_cls: 0.4854, decode.d1.loss_mask: 0.3670, decode.d1.loss_dice: 1.0344, decode.d2.loss_cls: 0.4464, decode.d2.loss_mask: 0.3617, decode.d2.loss_dice: 1.0161, decode.d3.loss_cls: 0.4457, decode.d3.loss_mask: 0.3624, decode.d3.loss_dice: 0.9990, decode.d4.loss_cls: 0.4741, decode.d4.loss_mask: 0.3692, decode.d4.loss_dice: 1.0085, decode.d5.loss_cls: 0.4748, decode.d5.loss_mask: 0.3716, decode.d5.loss_dice: 0.9931, decode.d6.loss_cls: 0.4614, decode.d6.loss_mask: 0.3672, decode.d6.loss_dice: 1.0071, decode.d7.loss_cls: 0.4541, decode.d7.loss_mask: 0.3676, decode.d7.loss_dice: 0.9885, decode.d8.loss_cls: 0.4483, decode.d8.loss_mask: 0.3653, decode.d8.loss_dice: 0.9833, loss: 18.6749, grad_norm: 1405.7685
2026-03-02 15:50:58,281 - mmseg - INFO - Iter [1150/80000]	lr: 5.519e-07, eta: 13:51:00, time: 0.622, data_time: 0.020, memory: 26366, decode.loss_cls: 0.4117, decode.loss_mask: 0.3216, decode.loss_dice: 1.0183, decode.d0.loss_cls: 0.7234, decode.d0.loss_mask: 0.3515, decode.d0.loss_dice: 1.1208, decode.d1.loss_cls: 0.4223, decode.d1.loss_mask: 0.3244, decode.d1.loss_dice: 1.0660, decode.d2.loss_cls: 0.3764, decode.d2.loss_mask: 0.3300, decode.d2.loss_dice: 1.0644, decode.d3.loss_cls: 0.3683, decode.d3.loss_mask: 0.3307, decode.d3.loss_dice: 1.0483, decode.d4.loss_cls: 0.3897, decode.d4.loss_mask: 0.3263, decode.d4.loss_dice: 1.0360, decode.d5.loss_cls: 0.3878, decode.d5.loss_mask: 0.3291, decode.d5.loss_dice: 1.0444, decode.d6.loss_cls: 0.3910, decode.d6.loss_mask: 0.3277, decode.d6.loss_dice: 1.0412, decode.d7.loss_cls: 0.3914, decode.d7.loss_mask: 0.3294, decode.d7.loss_dice: 1.0377, decode.d8.loss_cls: 0.4009, decode.d8.loss_mask: 0.3246, decode.d8.loss_dice: 1.0184, loss: 18.0537, grad_norm: 793.7607
2026-03-02 15:51:29,501 - mmseg - INFO - Iter [1200/80000]	lr: 5.755e-07, eta: 13:50:02, time: 0.624, data_time: 0.021, memory: 26366, decode.loss_cls: 0.3265, decode.loss_mask: 0.3378, decode.loss_dice: 1.0232, decode.d0.loss_cls: 0.6994, decode.d0.loss_mask: 0.3560, decode.d0.loss_dice: 1.0875, decode.d1.loss_cls: 0.3706, decode.d1.loss_mask: 0.3475, decode.d1.loss_dice: 1.0517, decode.d2.loss_cls: 0.3350, decode.d2.loss_mask: 0.3415, decode.d2.loss_dice: 1.0388, decode.d3.loss_cls: 0.3110, decode.d3.loss_mask: 0.3407, decode.d3.loss_dice: 1.0134, decode.d4.loss_cls: 0.3106, decode.d4.loss_mask: 0.3347, decode.d4.loss_dice: 1.0164, decode.d5.loss_cls: 0.3125, decode.d5.loss_mask: 0.3388, decode.d5.loss_dice: 1.0211, decode.d6.loss_cls: 0.3068, decode.d6.loss_mask: 0.3403, decode.d6.loss_dice: 1.0055, decode.d7.loss_cls: 0.3388, decode.d7.loss_mask: 0.3418, decode.d7.loss_dice: 1.0110, decode.d8.loss_cls: 0.3303, decode.d8.loss_mask: 0.3420, decode.d8.loss_dice: 1.0112, loss: 17.3426, grad_norm: 829.6534
2026-03-02 15:52:00,693 - mmseg - INFO - Iter [1250/80000]	lr: 5.992e-07, eta: 13:49:05, time: 0.624, data_time: 0.022, memory: 26366, decode.loss_cls: 0.4269, decode.loss_mask: 0.3360, decode.loss_dice: 1.1111, decode.d0.loss_cls: 0.7838, decode.d0.loss_mask: 0.3551, decode.d0.loss_dice: 1.1840, decode.d1.loss_cls: 0.5041, decode.d1.loss_mask: 0.3413, decode.d1.loss_dice: 1.1359, decode.d2.loss_cls: 0.4355, decode.d2.loss_mask: 0.3416, decode.d2.loss_dice: 1.1230, decode.d3.loss_cls: 0.4055, decode.d3.loss_mask: 0.3418, decode.d3.loss_dice: 1.1206, decode.d4.loss_cls: 0.3832, decode.d4.loss_mask: 0.3365, decode.d4.loss_dice: 1.1298, decode.d5.loss_cls: 0.4447, decode.d5.loss_mask: 0.3410, decode.d5.loss_dice: 1.1118, decode.d6.loss_cls: 0.4211, decode.d6.loss_mask: 0.3376, decode.d6.loss_dice: 1.0842, decode.d7.loss_cls: 0.4169, decode.d7.loss_mask: 0.3408, decode.d7.loss_dice: 1.1030, decode.d8.loss_cls: 0.4234, decode.d8.loss_mask: 0.3350, decode.d8.loss_dice: 1.1054, loss: 19.2604, grad_norm: 1179.8642
2026-03-02 15:52:31,765 - mmseg - INFO - Iter [1300/80000]	lr: 6.227e-07, eta: 13:48:02, time: 0.621, data_time: 0.021, memory: 26389, decode.loss_cls: 0.3310, decode.loss_mask: 0.3652, decode.loss_dice: 1.1214, decode.d0.loss_cls: 0.6823, decode.d0.loss_mask: 0.3762, decode.d0.loss_dice: 1.2140, decode.d1.loss_cls: 0.3900, decode.d1.loss_mask: 0.3611, decode.d1.loss_dice: 1.1496, decode.d2.loss_cls: 0.3256, decode.d2.loss_mask: 0.3635, decode.d2.loss_dice: 1.1532, decode.d3.loss_cls: 0.3191, decode.d3.loss_mask: 0.3577, decode.d3.loss_dice: 1.1516, decode.d4.loss_cls: 0.3367, decode.d4.loss_mask: 0.3605, decode.d4.loss_dice: 1.1478, decode.d5.loss_cls: 0.3270, decode.d5.loss_mask: 0.3685, decode.d5.loss_dice: 1.1390, decode.d6.loss_cls: 0.3564, decode.d6.loss_mask: 0.3632, decode.d6.loss_dice: 1.1263, decode.d7.loss_cls: 0.3587, decode.d7.loss_mask: 0.3620, decode.d7.loss_dice: 1.1289, decode.d8.loss_cls: 0.3411, decode.d8.loss_mask: 0.3613, decode.d8.loss_dice: 1.1370, loss: 18.8759, grad_norm: 897.9898
2026-03-02 15:53:02,925 - mmseg - INFO - Iter [1350/80000]	lr: 6.463e-07, eta: 13:47:07, time: 0.623, data_time: 0.021, memory: 26389, decode.loss_cls: 0.3866, decode.loss_mask: 0.3586, decode.loss_dice: 1.1187, decode.d0.loss_cls: 0.7775, decode.d0.loss_mask: 0.3624, decode.d0.loss_dice: 1.1998, decode.d1.loss_cls: 0.4639, decode.d1.loss_mask: 0.3654, decode.d1.loss_dice: 1.1513, decode.d2.loss_cls: 0.3820, decode.d2.loss_mask: 0.3662, decode.d2.loss_dice: 1.1250, decode.d3.loss_cls: 0.3808, decode.d3.loss_mask: 0.3664, decode.d3.loss_dice: 1.1250, decode.d4.loss_cls: 0.3597, decode.d4.loss_mask: 0.3544, decode.d4.loss_dice: 1.1203, decode.d5.loss_cls: 0.4172, decode.d5.loss_mask: 0.3537, decode.d5.loss_dice: 1.1284, decode.d6.loss_cls: 0.3980, decode.d6.loss_mask: 0.3581, decode.d6.loss_dice: 1.1272, decode.d7.loss_cls: 0.3999, decode.d7.loss_mask: 0.3605, decode.d7.loss_dice: 1.1076, decode.d8.loss_cls: 0.3987, decode.d8.loss_mask: 0.3652, decode.d8.loss_dice: 1.1149, loss: 19.2932, grad_norm: 1048.5164
2026-03-02 15:53:34,127 - mmseg - INFO - Iter [1400/80000]	lr: 6.698e-07, eta: 13:46:16, time: 0.624, data_time: 0.021, memory: 26389, decode.loss_cls: 0.4841, decode.loss_mask: 0.3440, decode.loss_dice: 1.0455, decode.d0.loss_cls: 0.7709, decode.d0.loss_mask: 0.3603, decode.d0.loss_dice: 1.1496, decode.d1.loss_cls: 0.5286, decode.d1.loss_mask: 0.3369, decode.d1.loss_dice: 1.0940, decode.d2.loss_cls: 0.4690, decode.d2.loss_mask: 0.3448, decode.d2.loss_dice: 1.0596, decode.d3.loss_cls: 0.5034, decode.d3.loss_mask: 0.3395, decode.d3.loss_dice: 1.0495, decode.d4.loss_cls: 0.4633, decode.d4.loss_mask: 0.3394, decode.d4.loss_dice: 1.0619, decode.d5.loss_cls: 0.4949, decode.d5.loss_mask: 0.3466, decode.d5.loss_dice: 1.0649, decode.d6.loss_cls: 0.4843, decode.d6.loss_mask: 0.3395, decode.d6.loss_dice: 1.0548, decode.d7.loss_cls: 0.5155, decode.d7.loss_mask: 0.3370, decode.d7.loss_dice: 1.0583, decode.d8.loss_cls: 0.4777, decode.d8.loss_mask: 0.3439, decode.d8.loss_dice: 1.0533, loss: 19.3149, grad_norm: 950.8194
2026-03-02 15:54:05,240 - mmseg - INFO - Iter [1450/80000]	lr: 6.933e-07, eta: 13:45:21, time: 0.622, data_time: 0.020, memory: 26389, decode.loss_cls: 0.3550, decode.loss_mask: 0.3288, decode.loss_dice: 0.9916, decode.d0.loss_cls: 0.6733, decode.d0.loss_mask: 0.3443, decode.d0.loss_dice: 1.0583, decode.d1.loss_cls: 0.4056, decode.d1.loss_mask: 0.3356, decode.d1.loss_dice: 1.0195, decode.d2.loss_cls: 0.3583, decode.d2.loss_mask: 0.3426, decode.d2.loss_dice: 0.9931, decode.d3.loss_cls: 0.3350, decode.d3.loss_mask: 0.3378, decode.d3.loss_dice: 0.9824, decode.d4.loss_cls: 0.3440, decode.d4.loss_mask: 0.3387, decode.d4.loss_dice: 0.9992, decode.d5.loss_cls: 0.3373, decode.d5.loss_mask: 0.3392, decode.d5.loss_dice: 0.9925, decode.d6.loss_cls: 0.3475, decode.d6.loss_mask: 0.3347, decode.d6.loss_dice: 0.9838, decode.d7.loss_cls: 0.3587, decode.d7.loss_mask: 0.3372, decode.d7.loss_dice: 0.9785, decode.d8.loss_cls: 0.3708, decode.d8.loss_mask: 0.3358, decode.d8.loss_dice: 0.9823, loss: 17.2414, grad_norm: 926.1687
2026-03-02 15:54:36,354 - mmseg - INFO - Iter [1500/80000]	lr: 7.168e-07, eta: 13:44:29, time: 0.622, data_time: 0.021, memory: 26389, decode.loss_cls: 0.3883, decode.loss_mask: 0.3366, decode.loss_dice: 1.0257, decode.d0.loss_cls: 0.8178, decode.d0.loss_mask: 0.3695, decode.d0.loss_dice: 1.0739, decode.d1.loss_cls: 0.4929, decode.d1.loss_mask: 0.3481, decode.d1.loss_dice: 1.0487, decode.d2.loss_cls: 0.4003, decode.d2.loss_mask: 0.3413, decode.d2.loss_dice: 1.0299, decode.d3.loss_cls: 0.3905, decode.d3.loss_mask: 0.3424, decode.d3.loss_dice: 1.0303, decode.d4.loss_cls: 0.3925, decode.d4.loss_mask: 0.3525, decode.d4.loss_dice: 1.0174, decode.d5.loss_cls: 0.3800, decode.d5.loss_mask: 0.3513, decode.d5.loss_dice: 1.0022, decode.d6.loss_cls: 0.3787, decode.d6.loss_mask: 0.3387, decode.d6.loss_dice: 1.0179, decode.d7.loss_cls: 0.3909, decode.d7.loss_mask: 0.3383, decode.d7.loss_dice: 1.0216, decode.d8.loss_cls: 0.3834, decode.d8.loss_mask: 0.3399, decode.d8.loss_dice: 1.0110, loss: 18.1525, grad_norm: 1057.5297
2026-03-02 15:55:07,383 - mmseg - INFO - Iter [1550/80000]	lr: 7.168e-07, eta: 13:43:33, time: 0.621, data_time: 0.020, memory: 26389, decode.loss_cls: 0.4093, decode.loss_mask: 0.3708, decode.loss_dice: 1.0000, decode.d0.loss_cls: 0.7091, decode.d0.loss_mask: 0.4340, decode.d0.loss_dice: 1.1008, decode.d1.loss_cls: 0.4357, decode.d1.loss_mask: 0.3762, decode.d1.loss_dice: 1.0328, decode.d2.loss_cls: 0.3687, decode.d2.loss_mask: 0.3761, decode.d2.loss_dice: 1.0153, decode.d3.loss_cls: 0.4027, decode.d3.loss_mask: 0.3694, decode.d3.loss_dice: 0.9995, decode.d4.loss_cls: 0.4545, decode.d4.loss_mask: 0.3672, decode.d4.loss_dice: 1.0025, decode.d5.loss_cls: 0.3998, decode.d5.loss_mask: 0.3741, decode.d5.loss_dice: 1.0011, decode.d6.loss_cls: 0.3947, decode.d6.loss_mask: 0.3732, decode.d6.loss_dice: 1.0112, decode.d7.loss_cls: 0.4166, decode.d7.loss_mask: 0.3731, decode.d7.loss_dice: 0.9985, decode.d8.loss_cls: 0.4096, decode.d8.loss_mask: 0.3690, decode.d8.loss_dice: 1.0004, loss: 18.3459, grad_norm: 1201.4391
2026-03-02 15:55:38,503 - mmseg - INFO - Iter [1600/80000]	lr: 7.164e-07, eta: 13:42:43, time: 0.622, data_time: 0.020, memory: 26389, decode.loss_cls: 0.4032, decode.loss_mask: 0.3197, decode.loss_dice: 1.0019, decode.d0.loss_cls: 0.7698, decode.d0.loss_mask: 0.3427, decode.d0.loss_dice: 1.0743, decode.d1.loss_cls: 0.4881, decode.d1.loss_mask: 0.3149, decode.d1.loss_dice: 0.9966, decode.d2.loss_cls: 0.4116, decode.d2.loss_mask: 0.3139, decode.d2.loss_dice: 0.9946, decode.d3.loss_cls: 0.3753, decode.d3.loss_mask: 0.3210, decode.d3.loss_dice: 0.9927, decode.d4.loss_cls: 0.4097, decode.d4.loss_mask: 0.3148, decode.d4.loss_dice: 0.9900, decode.d5.loss_cls: 0.4207, decode.d5.loss_mask: 0.3134, decode.d5.loss_dice: 0.9925, decode.d6.loss_cls: 0.3942, decode.d6.loss_mask: 0.3151, decode.d6.loss_dice: 0.9915, decode.d7.loss_cls: 0.3951, decode.d7.loss_mask: 0.3165, decode.d7.loss_dice: 0.9886, decode.d8.loss_cls: 0.4041, decode.d8.loss_mask: 0.3157, decode.d8.loss_dice: 0.9998, loss: 17.6818, grad_norm: 1701.0772
2026-03-02 15:56:09,545 - mmseg - INFO - Iter [1650/80000]	lr: 7.159e-07, eta: 13:41:50, time: 0.621, data_time: 0.021, memory: 26389, decode.loss_cls: 0.4257, decode.loss_mask: 0.3822, decode.loss_dice: 1.0847, decode.d0.loss_cls: 0.7491, decode.d0.loss_mask: 0.4184, decode.d0.loss_dice: 1.1877, decode.d1.loss_cls: 0.4784, decode.d1.loss_mask: 0.3825, decode.d1.loss_dice: 1.1145, decode.d2.loss_cls: 0.4551, decode.d2.loss_mask: 0.3838, decode.d2.loss_dice: 1.0961, decode.d3.loss_cls: 0.4308, decode.d3.loss_mask: 0.3831, decode.d3.loss_dice: 1.0934, decode.d4.loss_cls: 0.4131, decode.d4.loss_mask: 0.3849, decode.d4.loss_dice: 1.0901, decode.d5.loss_cls: 0.4267, decode.d5.loss_mask: 0.3838, decode.d5.loss_dice: 1.0878, decode.d6.loss_cls: 0.4033, decode.d6.loss_mask: 0.3863, decode.d6.loss_dice: 1.0844, decode.d7.loss_cls: 0.4175, decode.d7.loss_mask: 0.3823, decode.d7.loss_dice: 1.0819, decode.d8.loss_cls: 0.3854, decode.d8.loss_mask: 0.3841, decode.d8.loss_dice: 1.0768, loss: 19.4538, grad_norm: 1028.1733
2026-03-02 15:56:40,704 - mmseg - INFO - Iter [1700/80000]	lr: 7.155e-07, eta: 13:41:05, time: 0.623, data_time: 0.021, memory: 26389, decode.loss_cls: 0.3986, decode.loss_mask: 0.2979, decode.loss_dice: 1.0089, decode.d0.loss_cls: 0.7897, decode.d0.loss_mask: 0.3056, decode.d0.loss_dice: 1.0802, decode.d1.loss_cls: 0.4413, decode.d1.loss_mask: 0.2980, decode.d1.loss_dice: 1.0327, decode.d2.loss_cls: 0.4116, decode.d2.loss_mask: 0.2938, decode.d2.loss_dice: 1.0397, decode.d3.loss_cls: 0.3851, decode.d3.loss_mask: 0.2930, decode.d3.loss_dice: 1.0033, decode.d4.loss_cls: 0.3896, decode.d4.loss_mask: 0.2963, decode.d4.loss_dice: 1.0334, decode.d5.loss_cls: 0.3760, decode.d5.loss_mask: 0.2953, decode.d5.loss_dice: 1.0091, decode.d6.loss_cls: 0.3611, decode.d6.loss_mask: 0.2966, decode.d6.loss_dice: 1.0094, decode.d7.loss_cls: 0.3972, decode.d7.loss_mask: 0.2991, decode.d7.loss_dice: 1.0121, decode.d8.loss_cls: 0.3914, decode.d8.loss_mask: 0.2966, decode.d8.loss_dice: 1.0252, loss: 17.5679, grad_norm: 790.5256
2026-03-02 15:57:11,843 - mmseg - INFO - Iter [1750/80000]	lr: 7.150e-07, eta: 13:40:19, time: 0.623, data_time: 0.021, memory: 26389, decode.loss_cls: 0.3737, decode.loss_mask: 0.3515, decode.loss_dice: 1.0252, decode.d0.loss_cls: 0.7553, decode.d0.loss_mask: 0.3596, decode.d0.loss_dice: 1.1087, decode.d1.loss_cls: 0.4033, decode.d1.loss_mask: 0.3493, decode.d1.loss_dice: 1.0512, decode.d2.loss_cls: 0.3610, decode.d2.loss_mask: 0.3532, decode.d2.loss_dice: 1.0420, decode.d3.loss_cls: 0.3743, decode.d3.loss_mask: 0.3501, decode.d3.loss_dice: 1.0340, decode.d4.loss_cls: 0.3390, decode.d4.loss_mask: 0.3512, decode.d4.loss_dice: 1.0447, decode.d5.loss_cls: 0.3533, decode.d5.loss_mask: 0.3500, decode.d5.loss_dice: 1.0299, decode.d6.loss_cls: 0.3427, decode.d6.loss_mask: 0.3527, decode.d6.loss_dice: 1.0372, decode.d7.loss_cls: 0.3697, decode.d7.loss_mask: 0.3500, decode.d7.loss_dice: 1.0224, decode.d8.loss_cls: 0.3315, decode.d8.loss_mask: 0.3507, decode.d8.loss_dice: 1.0364, loss: 17.9539, grad_norm: 1017.1554
2026-03-02 15:57:43,104 - mmseg - INFO - Iter [1800/80000]	lr: 7.145e-07, eta: 13:39:39, time: 0.625, data_time: 0.021, memory: 26389, decode.loss_cls: 0.3730, decode.loss_mask: 0.2972, decode.loss_dice: 0.9761, decode.d0.loss_cls: 0.7615, decode.d0.loss_mask: 0.3018, decode.d0.loss_dice: 1.0387, decode.d1.loss_cls: 0.4458, decode.d1.loss_mask: 0.3023, decode.d1.loss_dice: 1.0038, decode.d2.loss_cls: 0.3747, decode.d2.loss_mask: 0.3020, decode.d2.loss_dice: 0.9955, decode.d3.loss_cls: 0.3893, decode.d3.loss_mask: 0.2980, decode.d3.loss_dice: 0.9834, decode.d4.loss_cls: 0.3619, decode.d4.loss_mask: 0.3030, decode.d4.loss_dice: 0.9860, decode.d5.loss_cls: 0.3576, decode.d5.loss_mask: 0.3024, decode.d5.loss_dice: 0.9858, decode.d6.loss_cls: 0.3668, decode.d6.loss_mask: 0.3007, decode.d6.loss_dice: 0.9863, decode.d7.loss_cls: 0.3601, decode.d7.loss_mask: 0.3005, decode.d7.loss_dice: 0.9879, decode.d8.loss_cls: 0.3532, decode.d8.loss_mask: 0.2978, decode.d8.loss_dice: 0.9810, loss: 17.0742, grad_norm: 672.9074
2026-03-02 15:58:14,348 - mmseg - INFO - Iter [1850/80000]	lr: 7.141e-07, eta: 13:38:59, time: 0.625, data_time: 0.021, memory: 26389, decode.loss_cls: 0.3994, decode.loss_mask: 0.3222, decode.loss_dice: 1.0354, decode.d0.loss_cls: 0.7611, decode.d0.loss_mask: 0.3403, decode.d0.loss_dice: 1.1123, decode.d1.loss_cls: 0.4328, decode.d1.loss_mask: 0.3289, decode.d1.loss_dice: 1.0827, decode.d2.loss_cls: 0.4087, decode.d2.loss_mask: 0.3261, decode.d2.loss_dice: 1.0575, decode.d3.loss_cls: 0.3893, decode.d3.loss_mask: 0.3214, decode.d3.loss_dice: 1.0438, decode.d4.loss_cls: 0.3730, decode.d4.loss_mask: 0.3245, decode.d4.loss_dice: 1.0353, decode.d5.loss_cls: 0.4099, decode.d5.loss_mask: 0.3248, decode.d5.loss_dice: 1.0471, decode.d6.loss_cls: 0.3926, decode.d6.loss_mask: 0.3232, decode.d6.loss_dice: 1.0252, decode.d7.loss_cls: 0.4066, decode.d7.loss_mask: 0.3235, decode.d7.loss_dice: 1.0347, decode.d8.loss_cls: 0.4021, decode.d8.loss_mask: 0.3218, decode.d8.loss_dice: 1.0516, loss: 18.1578, grad_norm: 1222.7159
2026-03-02 15:58:45,505 - mmseg - INFO - Iter [1900/80000]	lr: 7.136e-07, eta: 13:38:16, time: 0.623, data_time: 0.020, memory: 26389, decode.loss_cls: 0.4047, decode.loss_mask: 0.3149, decode.loss_dice: 1.0236, decode.d0.loss_cls: 0.8689, decode.d0.loss_mask: 0.3208, decode.d0.loss_dice: 1.0760, decode.d1.loss_cls: 0.4638, decode.d1.loss_mask: 0.3198, decode.d1.loss_dice: 1.0357, decode.d2.loss_cls: 0.4331, decode.d2.loss_mask: 0.3107, decode.d2.loss_dice: 1.0385, decode.d3.loss_cls: 0.3700, decode.d3.loss_mask: 0.3150, decode.d3.loss_dice: 1.0115, decode.d4.loss_cls: 0.3859, decode.d4.loss_mask: 0.3214, decode.d4.loss_dice: 1.0294, decode.d5.loss_cls: 0.3719, decode.d5.loss_mask: 0.3181, decode.d5.loss_dice: 1.0297, decode.d6.loss_cls: 0.4001, decode.d6.loss_mask: 0.3085, decode.d6.loss_dice: 1.0337, decode.d7.loss_cls: 0.3717, decode.d7.loss_mask: 0.3093, decode.d7.loss_dice: 1.0237, decode.d8.loss_cls: 0.3661, decode.d8.loss_mask: 0.3143, decode.d8.loss_dice: 1.0290, loss: 17.9198, grad_norm: 1274.5814
2026-03-02 15:59:16,616 - mmseg - INFO - Iter [1950/80000]	lr: 7.132e-07, eta: 13:37:32, time: 0.622, data_time: 0.022, memory: 26389, decode.loss_cls: 0.3383, decode.loss_mask: 0.3224, decode.loss_dice: 0.9423, decode.d0.loss_cls: 0.6951, decode.d0.loss_mask: 0.3267, decode.d0.loss_dice: 1.0249, decode.d1.loss_cls: 0.3931, decode.d1.loss_mask: 0.3165, decode.d1.loss_dice: 0.9946, decode.d2.loss_cls: 0.3582, decode.d2.loss_mask: 0.3167, decode.d2.loss_dice: 0.9798, decode.d3.loss_cls: 0.3360, decode.d3.loss_mask: 0.3164, decode.d3.loss_dice: 0.9677, decode.d4.loss_cls: 0.3419, decode.d4.loss_mask: 0.3132, decode.d4.loss_dice: 0.9498, decode.d5.loss_cls: 0.3063, decode.d5.loss_mask: 0.3174, decode.d5.loss_dice: 0.9567, decode.d6.loss_cls: 0.3152, decode.d6.loss_mask: 0.3207, decode.d6.loss_dice: 0.9575, decode.d7.loss_cls: 0.3562, decode.d7.loss_mask: 0.3192, decode.d7.loss_dice: 0.9468, decode.d8.loss_cls: 0.3438, decode.d8.loss_mask: 0.3207, decode.d8.loss_dice: 0.9534, loss: 16.6475, grad_norm: 935.9555
2026-03-02 15:59:47,657 - mmseg - INFO - Saving checkpoint at 2000 iterations
/ceph/sagnihot/miniconda3/envs/internimage/lib/python3.9/site-packages/torch/utils/cpp_extension.py:28: UserWarning: pkg_resources is deprecated as an API. See https://setuptools.pypa.io/en/latest/pkg_resources.html. The pkg_resources package is slated for removal as early as 2025-11-30. Refrain from using this package or pin to Setuptools<81.
  from pkg_resources import packaging  # type: ignore[attr-defined]
/ceph/sagnihot/miniconda3/envs/internimage/lib/python3.9/site-packages/torch/utils/cpp_extension.py:28: UserWarning: pkg_resources is deprecated as an API. See https://setuptools.pypa.io/en/latest/pkg_resources.html. The pkg_resources package is slated for removal as early as 2025-11-30. Refrain from using this package or pin to Setuptools<81.
  from pkg_resources import packaging  # type: ignore[attr-defined]
/ceph/sagnihot/miniconda3/envs/internimage/lib/python3.9/site-packages/torch/utils/cpp_extension.py:28: UserWarning: pkg_resources is deprecated as an API. See https://setuptools.pypa.io/en/latest/pkg_resources.html. The pkg_resources package is slated for removal as early as 2025-11-30. Refrain from using this package or pin to Setuptools<81.
  from pkg_resources import packaging  # type: ignore[attr-defined]
/ceph/sagnihot/miniconda3/envs/internimage/lib/python3.9/site-packages/torch/utils/cpp_extension.py:28: UserWarning: pkg_resources is deprecated as an API. See https://setuptools.pypa.io/en/latest/pkg_resources.html. The pkg_resources package is slated for removal as early as 2025-11-30. Refrain from using this package or pin to Setuptools<81.
  from pkg_resources import packaging  # type: ignore[attr-defined]
/ceph/sagnihot/miniconda3/envs/internimage/lib/python3.9/site-packages/torch/utils/cpp_extension.py:28: UserWarning: pkg_resources is deprecated as an API. See https://setuptools.pypa.io/en/latest/pkg_resources.html. The pkg_resources package is slated for removal as early as 2025-11-30. Refrain from using this package or pin to Setuptools<81.
  from pkg_resources import packaging  # type: ignore[attr-defined]
/ceph/sagnihot/miniconda3/envs/internimage/lib/python3.9/site-packages/torch/utils/cpp_extension.py:28: UserWarning: pkg_resources is deprecated as an API. See https://setuptools.pypa.io/en/latest/pkg_resources.html. The pkg_resources package is slated for removal as early as 2025-11-30. Refrain from using this package or pin to Setuptools<81.
  from pkg_resources import packaging  # type: ignore[attr-defined]
/ceph/sagnihot/miniconda3/envs/internimage/lib/python3.9/site-packages/torch/utils/cpp_extension.py:28: UserWarning: pkg_resources is deprecated as an API. See https://setuptools.pypa.io/en/latest/pkg_resources.html. The pkg_resources package is slated for removal as early as 2025-11-30. Refrain from using this package or pin to Setuptools<81.
  from pkg_resources import packaging  # type: ignore[attr-defined]
/ceph/sagnihot/miniconda3/envs/internimage/lib/python3.9/site-packages/torch/utils/cpp_extension.py:28: UserWarning: pkg_resources is deprecated as an API. See https://setuptools.pypa.io/en/latest/pkg_resources.html. The pkg_resources package is slated for removal as early as 2025-11-30. Refrain from using this package or pin to Setuptools<81.
  from pkg_resources import packaging  # type: ignore[attr-defined]
/ceph/sagnihot/miniconda3/envs/internimage/lib/python3.9/site-packages/torch/utils/cpp_extension.py:28: UserWarning: pkg_resources is deprecated as an API. See https://setuptools.pypa.io/en/latest/pkg_resources.html. The pkg_resources package is slated for removal as early as 2025-11-30. Refrain from using this package or pin to Setuptools<81.
  from pkg_resources import packaging  # type: ignore[attr-defined]
/ceph/sagnihot/miniconda3/envs/internimage/lib/python3.9/site-packages/torch/utils/cpp_extension.py:28: UserWarning: pkg_resources is deprecated as an API. See https://setuptools.pypa.io/en/latest/pkg_resources.html. The pkg_resources package is slated for removal as early as 2025-11-30. Refrain from using this package or pin to Setuptools<81.
  from pkg_resources import packaging  # type: ignore[attr-defined]
/ceph/sagnihot/miniconda3/envs/internimage/lib/python3.9/site-packages/torch/utils/cpp_extension.py:28: UserWarning: pkg_resources is deprecated as an API. See https://setuptools.pypa.io/en/latest/pkg_resources.html. The pkg_resources package is slated for removal as early as 2025-11-30. Refrain from using this package or pin to Setuptools<81.
  from pkg_resources import packaging  # type: ignore[attr-defined]
/ceph/sagnihot/miniconda3/envs/internimage/lib/python3.9/site-packages/torch/utils/cpp_extension.py:28: UserWarning: pkg_resources is deprecated as an API. See https://setuptools.pypa.io/en/latest/pkg_resources.html. The pkg_resources package is slated for removal as early as 2025-11-30. Refrain from using this package or pin to Setuptools<81.
  from pkg_resources import packaging  # type: ignore[attr-defined]
/ceph/sagnihot/miniconda3/envs/internimage/lib/python3.9/site-packages/torch/utils/cpp_extension.py:28: UserWarning: pkg_resources is deprecated as an API. See https://setuptools.pypa.io/en/latest/pkg_resources.html. The pkg_resources package is slated for removal as early as 2025-11-30. Refrain from using this package or pin to Setuptools<81.
  from pkg_resources import packaging  # type: ignore[attr-defined]
/ceph/sagnihot/miniconda3/envs/internimage/lib/python3.9/site-packages/torch/utils/cpp_extension.py:28: UserWarning: pkg_resources is deprecated as an API. See https://setuptools.pypa.io/en/latest/pkg_resources.html. The pkg_resources package is slated for removal as early as 2025-11-30. Refrain from using this package or pin to Setuptools<81.
  from pkg_resources import packaging  # type: ignore[attr-defined]
/ceph/sagnihot/miniconda3/envs/internimage/lib/python3.9/site-packages/torch/utils/cpp_extension.py:28: UserWarning: pkg_resources is deprecated as an API. See https://setuptools.pypa.io/en/latest/pkg_resources.html. The pkg_resources package is slated for removal as early as 2025-11-30. Refrain from using this package or pin to Setuptools<81.
  from pkg_resources import packaging  # type: ignore[attr-defined]
/ceph/sagnihot/miniconda3/envs/internimage/lib/python3.9/site-packages/torch/utils/cpp_extension.py:28: UserWarning: pkg_resources is deprecated as an API. See https://setuptools.pypa.io/en/latest/pkg_resources.html. The pkg_resources package is slated for removal as early as 2025-11-30. Refrain from using this package or pin to Setuptools<81.
  from pkg_resources import packaging  # type: ignore[attr-defined]
/ceph/sagnihot/miniconda3/envs/internimage/lib/python3.9/site-packages/torch/utils/cpp_extension.py:28: UserWarning: pkg_resources is deprecated as an API. See https://setuptools.pypa.io/en/latest/pkg_resources.html. The pkg_resources package is slated for removal as early as 2025-11-30. Refrain from using this package or pin to Setuptools<81.
  from pkg_resources import packaging  # type: ignore[attr-defined]
/ceph/sagnihot/miniconda3/envs/internimage/lib/python3.9/site-packages/torch/utils/cpp_extension.py:28: UserWarning: pkg_resources is deprecated as an API. See https://setuptools.pypa.io/en/latest/pkg_resources.html. The pkg_resources package is slated for removal as early as 2025-11-30. Refrain from using this package or pin to Setuptools<81.
  from pkg_resources import packaging  # type: ignore[attr-defined]
/ceph/sagnihot/miniconda3/envs/internimage/lib/python3.9/site-packages/torch/utils/cpp_extension.py:28: UserWarning: pkg_resources is deprecated as an API. See https://setuptools.pypa.io/en/latest/pkg_resources.html. The pkg_resources package is slated for removal as early as 2025-11-30. Refrain from using this package or pin to Setuptools<81.
  from pkg_resources import packaging  # type: ignore[attr-defined]
/ceph/sagnihot/miniconda3/envs/internimage/lib/python3.9/site-packages/torch/utils/cpp_extension.py:28: UserWarning: pkg_resources is deprecated as an API. See https://setuptools.pypa.io/en/latest/pkg_resources.html. The pkg_resources package is slated for removal as early as 2025-11-30. Refrain from using this package or pin to Setuptools<81.
  from pkg_resources import packaging  # type: ignore[attr-defined]
/ceph/sagnihot/miniconda3/envs/internimage/lib/python3.9/site-packages/torch/utils/cpp_extension.py:28: UserWarning: pkg_resources is deprecated as an API. See https://setuptools.pypa.io/en/latest/pkg_resources.html. The pkg_resources package is slated for removal as early as 2025-11-30. Refrain from using this package or pin to Setuptools<81.
  from pkg_resources import packaging  # type: ignore[attr-defined]
/ceph/sagnihot/projects/InternImage/segmentation/ops_dcnv3/modules/dcnv3.py:21: UserWarning: Now, we support DCNv4 in InternImage.
  warnings.warn('Now, we support DCNv4 in InternImage.')
/ceph/sagnihot/projects/InternImage/segmentation/ops_dcnv3/modules/dcnv3.py:21: UserWarning: Now, we support DCNv4 in InternImage.
  warnings.warn('Now, we support DCNv4 in InternImage.')
/ceph/sagnihot/miniconda3/envs/internimage/lib/python3.9/site-packages/torch/utils/cpp_extension.py:28: UserWarning: pkg_resources is deprecated as an API. See https://setuptools.pypa.io/en/latest/pkg_resources.html. The pkg_resources package is slated for removal as early as 2025-11-30. Refrain from using this package or pin to Setuptools<81.
  from pkg_resources import packaging  # type: ignore[attr-defined]
/ceph/sagnihot/projects/InternImage/segmentation/ops_dcnv3/modules/dcnv3.py:21: UserWarning: Now, we support DCNv4 in InternImage.
  warnings.warn('Now, we support DCNv4 in InternImage.')
/ceph/sagnihot/miniconda3/envs/internimage/lib/python3.9/site-packages/torch/utils/cpp_extension.py:28: UserWarning: pkg_resources is deprecated as an API. See https://setuptools.pypa.io/en/latest/pkg_resources.html. The pkg_resources package is slated for removal as early as 2025-11-30. Refrain from using this package or pin to Setuptools<81.
  from pkg_resources import packaging  # type: ignore[attr-defined]
/ceph/sagnihot/miniconda3/envs/internimage/lib/python3.9/site-packages/torch/utils/cpp_extension.py:28: UserWarning: pkg_resources is deprecated as an API. See https://setuptools.pypa.io/en/latest/pkg_resources.html. The pkg_resources package is slated for removal as early as 2025-11-30. Refrain from using this package or pin to Setuptools<81.
  from pkg_resources import packaging  # type: ignore[attr-defined]
/ceph/sagnihot/projects/InternImage/segmentation/ops_dcnv3/modules/dcnv3.py:21: UserWarning: Now, we support DCNv4 in InternImage.
  warnings.warn('Now, we support DCNv4 in InternImage.')
/ceph/sagnihot/projects/InternImage/segmentation/ops_dcnv3/modules/dcnv3.py:21: UserWarning: Now, we support DCNv4 in InternImage.
  warnings.warn('Now, we support DCNv4 in InternImage.')
/ceph/sagnihot/miniconda3/envs/internimage/lib/python3.9/site-packages/torch/utils/cpp_extension.py:28: UserWarning: pkg_resources is deprecated as an API. See https://setuptools.pypa.io/en/latest/pkg_resources.html. The pkg_resources package is slated for removal as early as 2025-11-30. Refrain from using this package or pin to Setuptools<81.
  from pkg_resources import packaging  # type: ignore[attr-defined]
/ceph/sagnihot/projects/InternImage/segmentation/ops_dcnv3/modules/dcnv3.py:21: UserWarning: Now, we support DCNv4 in InternImage.
  warnings.warn('Now, we support DCNv4 in InternImage.')
/ceph/sagnihot/projects/InternImage/segmentation/ops_dcnv3/modules/dcnv3.py:21: UserWarning: Now, we support DCNv4 in InternImage.
  warnings.warn('Now, we support DCNv4 in InternImage.')
/ceph/sagnihot/projects/InternImage/segmentation/ops_dcnv3/modules/dcnv3.py:21: UserWarning: Now, we support DCNv4 in InternImage.
  warnings.warn('Now, we support DCNv4 in InternImage.')
/ceph/sagnihot/projects/InternImage/segmentation/ops_dcnv3/modules/dcnv3.py:21: UserWarning: Now, we support DCNv4 in InternImage.
  warnings.warn('Now, we support DCNv4 in InternImage.')
/ceph/sagnihot/projects/InternImage/segmentation/ops_dcnv3/modules/dcnv3.py:21: UserWarning: Now, we support DCNv4 in InternImage.
  warnings.warn('Now, we support DCNv4 in InternImage.')
/ceph/sagnihot/projects/InternImage/segmentation/ops_dcnv3/modules/dcnv3.py:21: UserWarning: Now, we support DCNv4 in InternImage.
  warnings.warn('Now, we support DCNv4 in InternImage.')
/ceph/sagnihot/projects/InternImage/segmentation/ops_dcnv3/modules/dcnv3.py:21: UserWarning: Now, we support DCNv4 in InternImage.
  warnings.warn('Now, we support DCNv4 in InternImage.')
Traceback (most recent call last):
  File "/ceph/sagnihot/projects/InternImage/segmentation/train.py", line 677, in <module>
    main()
  File "/ceph/sagnihot/projects/InternImage/segmentation/train.py", line 655, in main
    train_segmentor(model,
  File "/ceph/sagnihot/miniconda3/envs/internimage/lib/python3.9/site-packages/mmseg/apis/train.py", line 194, in train_segmentor
    runner.run(data_loaders, cfg.workflow)
  File "/ceph/sagnihot/miniconda3/envs/internimage/lib/python3.9/site-packages/mmcv/runner/iter_based_runner.py", line 144, in run
    iter_runner(iter_loaders[i], **kwargs)
  File "/ceph/sagnihot/miniconda3/envs/internimage/lib/python3.9/site-packages/mmcv/runner/iter_based_runner.py", line 70, in train
    self.call_hook('after_train_iter')
  File "/ceph/sagnihot/miniconda3/envs/internimage/lib/python3.9/site-packages/mmcv/runner/base_runner.py", line 317, in call_hook
    getattr(hook, fn_name)(self)
  File "/ceph/sagnihot/miniconda3/envs/internimage/lib/python3.9/site-packages/mmcv/runner/hooks/evaluation.py", line 266, in after_train_iter
    self._do_evaluate(runner)
  File "/ceph/sagnihot/miniconda3/envs/internimage/lib/python3.9/site-packages/mmseg/core/evaluation/eval_hooks.py", line 117, in _do_evaluate
    results = multi_gpu_test(
  File "/ceph/sagnihot/miniconda3/envs/internimage/lib/python3.9/site-packages/mmseg/apis/test.py", line 208, in multi_gpu_test
    result = model(return_loss=False, rescale=True, **data)
  File "/ceph/sagnihot/miniconda3/envs/internimage/lib/python3.9/site-packages/torch/nn/modules/module.py", line 1518, in _wrapped_call_impl
    return self._call_impl(*args, **kwargs)
  File "/ceph/sagnihot/miniconda3/envs/internimage/lib/python3.9/site-packages/torch/nn/modules/module.py", line 1527, in _call_impl
    return forward_call(*args, **kwargs)
  File "/ceph/sagnihot/miniconda3/envs/internimage/lib/python3.9/site-packages/torch/nn/parallel/distributed.py", line 1519, in forward
    else self._run_ddp_forward(*inputs, **kwargs)
  File "/ceph/sagnihot/miniconda3/envs/internimage/lib/python3.9/site-packages/mmcv/parallel/distributed.py", line 160, in _run_ddp_forward
    self._use_replicated_tensor_module else self.module
  File "/ceph/sagnihot/miniconda3/envs/internimage/lib/python3.9/site-packages/torch/nn/modules/module.py", line 1695, in __getattr__
    raise AttributeError(f"'{type(self).__name__}' object has no attribute '{name}'")
AttributeError: 'MMDistributedDataParallel' object has no attribute '_use_replicated_tensor_module'
/ceph/sagnihot/projects/InternImage/segmentation/ops_dcnv3/modules/dcnv3.py:21: UserWarning: Now, we support DCNv4 in InternImage.
  warnings.warn('Now, we support DCNv4 in InternImage.')
/ceph/sagnihot/projects/InternImage/segmentation/ops_dcnv3/modules/dcnv3.py:21: UserWarning: Now, we support DCNv4 in InternImage.
  warnings.warn('Now, we support DCNv4 in InternImage.')
/ceph/sagnihot/projects/InternImage/segmentation/ops_dcnv3/modules/dcnv3.py:21: UserWarning: Now, we support DCNv4 in InternImage.
  warnings.warn('Now, we support DCNv4 in InternImage.')
/ceph/sagnihot/projects/InternImage/segmentation/ops_dcnv3/modules/dcnv3.py:21: UserWarning: Now, we support DCNv4 in InternImage.
  warnings.warn('Now, we support DCNv4 in InternImage.')
/ceph/sagnihot/projects/InternImage/segmentation/ops_dcnv3/modules/dcnv3.py:21: UserWarning: Now, we support DCNv4 in InternImage.
  warnings.warn('Now, we support DCNv4 in InternImage.')
/ceph/sagnihot/projects/InternImage/segmentation/ops_dcnv3/modules/dcnv3.py:21: UserWarning: Now, we support DCNv4 in InternImage.
  warnings.warn('Now, we support DCNv4 in InternImage.')
/ceph/sagnihot/projects/InternImage/segmentation/ops_dcnv3/modules/dcnv3.py:21: UserWarning: Now, we support DCNv4 in InternImage.
  warnings.warn('Now, we support DCNv4 in InternImage.')
/ceph/sagnihot/projects/InternImage/segmentation/ops_dcnv3/modules/dcnv3.py:21: UserWarning: Now, we support DCNv4 in InternImage.
  warnings.warn('Now, we support DCNv4 in InternImage.')
/ceph/sagnihot/projects/InternImage/segmentation/ops_dcnv3/modules/dcnv3.py:21: UserWarning: Now, we support DCNv4 in InternImage.
  warnings.warn('Now, we support DCNv4 in InternImage.')
/ceph/sagnihot/projects/InternImage/segmentation/ops_dcnv3/modules/dcnv3.py:21: UserWarning: Now, we support DCNv4 in InternImage.
  warnings.warn('Now, we support DCNv4 in InternImage.')
/ceph/sagnihot/miniconda3/envs/internimage/lib/python3.9/site-packages/torch/utils/cpp_extension.py:28: UserWarning: pkg_resources is deprecated as an API. See https://setuptools.pypa.io/en/latest/pkg_resources.html. The pkg_resources package is slated for removal as early as 2025-11-30. Refrain from using this package or pin to Setuptools<81.
  from pkg_resources import packaging  # type: ignore[attr-defined]
/ceph/sagnihot/miniconda3/envs/internimage/lib/python3.9/site-packages/torch/utils/cpp_extension.py:28: UserWarning: pkg_resources is deprecated as an API. See https://setuptools.pypa.io/en/latest/pkg_resources.html. The pkg_resources package is slated for removal as early as 2025-11-30. Refrain from using this package or pin to Setuptools<81.
  from pkg_resources import packaging  # type: ignore[attr-defined]
/ceph/sagnihot/miniconda3/envs/internimage/lib/python3.9/site-packages/torch/utils/cpp_extension.py:28: UserWarning: pkg_resources is deprecated as an API. See https://setuptools.pypa.io/en/latest/pkg_resources.html. The pkg_resources package is slated for removal as early as 2025-11-30. Refrain from using this package or pin to Setuptools<81.
  from pkg_resources import packaging  # type: ignore[attr-defined]
/ceph/sagnihot/miniconda3/envs/internimage/lib/python3.9/site-packages/torch/utils/cpp_extension.py:28: UserWarning: pkg_resources is deprecated as an API. See https://setuptools.pypa.io/en/latest/pkg_resources.html. The pkg_resources package is slated for removal as early as 2025-11-30. Refrain from using this package or pin to Setuptools<81.
  from pkg_resources import packaging  # type: ignore[attr-defined]
/ceph/sagnihot/miniconda3/envs/internimage/lib/python3.9/site-packages/torch/utils/cpp_extension.py:28: UserWarning: pkg_resources is deprecated as an API. See https://setuptools.pypa.io/en/latest/pkg_resources.html. The pkg_resources package is slated for removal as early as 2025-11-30. Refrain from using this package or pin to Setuptools<81.
  from pkg_resources import packaging  # type: ignore[attr-defined]
/ceph/sagnihot/miniconda3/envs/internimage/lib/python3.9/site-packages/torch/utils/cpp_extension.py:28: UserWarning: pkg_resources is deprecated as an API. See https://setuptools.pypa.io/en/latest/pkg_resources.html. The pkg_resources package is slated for removal as early as 2025-11-30. Refrain from using this package or pin to Setuptools<81.
  from pkg_resources import packaging  # type: ignore[attr-defined]
/ceph/sagnihot/projects/InternImage/segmentation/ops_dcnv3/modules/dcnv3.py:21: UserWarning: Now, we support DCNv4 in InternImage.
  warnings.warn('Now, we support DCNv4 in InternImage.')
/ceph/sagnihot/projects/InternImage/segmentation/ops_dcnv3/modules/dcnv3.py:21: UserWarning: Now, we support DCNv4 in InternImage.
  warnings.warn('Now, we support DCNv4 in InternImage.')
/ceph/sagnihot/projects/InternImage/segmentation/ops_dcnv3/modules/dcnv3.py:21: UserWarning: Now, we support DCNv4 in InternImage.
  warnings.warn('Now, we support DCNv4 in InternImage.')
Error in atexit._run_exitfuncs:
Traceback (most recent call last):
  File "/ceph/sagnihot/miniconda3/envs/internimage/lib/python3.9/site-packages/torch/utils/data/dataloader.py", line 1472, in _clean_up_worker
    w.join(timeout=_utils.MP_STATUS_CHECK_INTERVAL)
  File "/ceph/sagnihot/miniconda3/envs/internimage/lib/python3.9/multiprocessing/process.py", line 149, in join
    res = self._popen.wait(timeout)
  File "/ceph/sagnihot/miniconda3/envs/internimage/lib/python3.9/multiprocessing/popen_fork.py", line 40, in wait
    if not wait([self.sentinel], timeout):
  File "/ceph/sagnihot/miniconda3/envs/internimage/lib/python3.9/multiprocessing/connection.py", line 931, in wait
    ready = selector.select(timeout)
  File "/ceph/sagnihot/miniconda3/envs/internimage/lib/python3.9/selectors.py", line 416, in select
    fd_event_list = self._selector.poll(timeout)
  File "/ceph/sagnihot/miniconda3/envs/internimage/lib/python3.9/site-packages/torch/utils/data/_utils/signal_handling.py", line 66, in handler
    _error_if_any_worker_fails()
RuntimeError: DataLoader worker (pid 2939086) is killed by signal: Terminated. 
/ceph/sagnihot/projects/InternImage/segmentation/ops_dcnv3/modules/dcnv3.py:21: UserWarning: Now, we support DCNv4 in InternImage.
  warnings.warn('Now, we support DCNv4 in InternImage.')
/ceph/sagnihot/projects/InternImage/segmentation/ops_dcnv3/modules/dcnv3.py:21: UserWarning: Now, we support DCNv4 in InternImage.
  warnings.warn('Now, we support DCNv4 in InternImage.')
/ceph/sagnihot/projects/InternImage/segmentation/ops_dcnv3/modules/dcnv3.py:21: UserWarning: Now, we support DCNv4 in InternImage.
  warnings.warn('Now, we support DCNv4 in InternImage.')
/ceph/sagnihot/miniconda3/envs/internimage/lib/python3.9/site-packages/torch/utils/cpp_extension.py:28: UserWarning: pkg_resources is deprecated as an API. See https://setuptools.pypa.io/en/latest/pkg_resources.html. The pkg_resources package is slated for removal as early as 2025-11-30. Refrain from using this package or pin to Setuptools<81.
  from pkg_resources import packaging  # type: ignore[attr-defined]
/ceph/sagnihot/projects/InternImage/segmentation/ops_dcnv3/modules/dcnv3.py:21: UserWarning: Now, we support DCNv4 in InternImage.
  warnings.warn('Now, we support DCNv4 in InternImage.')
2026-03-02 16:00:10,775 - mmseg - INFO - Exp name: mask2former_internimage_h_1024x1024_80k_mapillary2cityscapes.py
2026-03-02 16:00:10,839 - mmseg - INFO - Iter [2000/80000]	lr: 7.127e-07, eta: 13:51:48, time: 1.084, data_time: 0.020, memory: 26389, decode.loss_cls: 0.3360, decode.loss_mask: 0.3641, decode.loss_dice: 0.9921, decode.d0.loss_cls: 0.7203, decode.d0.loss_mask: 0.3950, decode.d0.loss_dice: 1.0448, decode.d1.loss_cls: 0.4320, decode.d1.loss_mask: 0.3730, decode.d1.loss_dice: 1.0046, decode.d2.loss_cls: 0.3766, decode.d2.loss_mask: 0.3652, decode.d2.loss_dice: 0.9859, decode.d3.loss_cls: 0.3776, decode.d3.loss_mask: 0.3690, decode.d3.loss_dice: 0.9490, decode.d4.loss_cls: 0.3741, decode.d4.loss_mask: 0.3719, decode.d4.loss_dice: 0.9860, decode.d5.loss_cls: 0.3730, decode.d5.loss_mask: 0.3636, decode.d5.loss_dice: 0.9772, decode.d6.loss_cls: 0.3539, decode.d6.loss_mask: 0.3608, decode.d6.loss_dice: 0.9734, decode.d7.loss_cls: 0.3485, decode.d7.loss_mask: 0.3628, decode.d7.loss_dice: 0.9725, decode.d8.loss_cls: 0.3574, decode.d8.loss_mask: 0.3618, decode.d8.loss_dice: 0.9883, loss: 17.6105, grad_norm: 1452.9546
/ceph/sagnihot/projects/InternImage/segmentation/ops_dcnv3/modules/dcnv3.py:21: UserWarning: Now, we support DCNv4 in InternImage.
  warnings.warn('Now, we support DCNv4 in InternImage.')
/ceph/sagnihot/miniconda3/envs/internimage/lib/python3.9/site-packages/torch/utils/cpp_extension.py:28: UserWarning: pkg_resources is deprecated as an API. See https://setuptools.pypa.io/en/latest/pkg_resources.html. The pkg_resources package is slated for removal as early as 2025-11-30. Refrain from using this package or pin to Setuptools<81.
  from pkg_resources import packaging  # type: ignore[attr-defined]
/ceph/sagnihot/miniconda3/envs/internimage/lib/python3.9/site-packages/torch/utils/cpp_extension.py:28: UserWarning: pkg_resources is deprecated as an API. See https://setuptools.pypa.io/en/latest/pkg_resources.html. The pkg_resources package is slated for removal as early as 2025-11-30. Refrain from using this package or pin to Setuptools<81.
  from pkg_resources import packaging  # type: ignore[attr-defined]
/ceph/sagnihot/miniconda3/envs/internimage/lib/python3.9/site-packages/torch/utils/cpp_extension.py:28: UserWarning: pkg_resources is deprecated as an API. See https://setuptools.pypa.io/en/latest/pkg_resources.html. The pkg_resources package is slated for removal as early as 2025-11-30. Refrain from using this package or pin to Setuptools<81.
  from pkg_resources import packaging  # type: ignore[attr-defined]
/ceph/sagnihot/miniconda3/envs/internimage/lib/python3.9/site-packages/torch/utils/cpp_extension.py:28: UserWarning: pkg_resources is deprecated as an API. See https://setuptools.pypa.io/en/latest/pkg_resources.html. The pkg_resources package is slated for removal as early as 2025-11-30. Refrain from using this package or pin to Setuptools<81.
  from pkg_resources import packaging  # type: ignore[attr-defined]
/ceph/sagnihot/miniconda3/envs/internimage/lib/python3.9/site-packages/torch/utils/cpp_extension.py:28: UserWarning: pkg_resources is deprecated as an API. See https://setuptools.pypa.io/en/latest/pkg_resources.html. The pkg_resources package is slated for removal as early as 2025-11-30. Refrain from using this package or pin to Setuptools<81.
  from pkg_resources import packaging  # type: ignore[attr-defined]
/ceph/sagnihot/miniconda3/envs/internimage/lib/python3.9/site-packages/torch/utils/cpp_extension.py:28: UserWarning: pkg_resources is deprecated as an API. See https://setuptools.pypa.io/en/latest/pkg_resources.html. The pkg_resources package is slated for removal as early as 2025-11-30. Refrain from using this package or pin to Setuptools<81.
  from pkg_resources import packaging  # type: ignore[attr-defined]
/ceph/sagnihot/miniconda3/envs/internimage/lib/python3.9/site-packages/torch/utils/cpp_extension.py:28: UserWarning: pkg_resources is deprecated as an API. See https://setuptools.pypa.io/en/latest/pkg_resources.html. The pkg_resources package is slated for removal as early as 2025-11-30. Refrain from using this package or pin to Setuptools<81.
  from pkg_resources import packaging  # type: ignore[attr-defined]
/ceph/sagnihot/miniconda3/envs/internimage/lib/python3.9/site-packages/torch/utils/cpp_extension.py:28: UserWarning: pkg_resources is deprecated as an API. See https://setuptools.pypa.io/en/latest/pkg_resources.html. The pkg_resources package is slated for removal as early as 2025-11-30. Refrain from using this package or pin to Setuptools<81.
  from pkg_resources import packaging  # type: ignore[attr-defined]
/ceph/sagnihot/miniconda3/envs/internimage/lib/python3.9/site-packages/torch/utils/cpp_extension.py:28: UserWarning: pkg_resources is deprecated as an API. See https://setuptools.pypa.io/en/latest/pkg_resources.html. The pkg_resources package is slated for removal as early as 2025-11-30. Refrain from using this package or pin to Setuptools<81.
  from pkg_resources import packaging  # type: ignore[attr-defined]
/ceph/sagnihot/miniconda3/envs/internimage/lib/python3.9/site-packages/torch/utils/cpp_extension.py:28: UserWarning: pkg_resources is deprecated as an API. See https://setuptools.pypa.io/en/latest/pkg_resources.html. The pkg_resources package is slated for removal as early as 2025-11-30. Refrain from using this package or pin to Setuptools<81.
  from pkg_resources import packaging  # type: ignore[attr-defined]
/ceph/sagnihot/miniconda3/envs/internimage/lib/python3.9/site-packages/torch/utils/cpp_extension.py:28: UserWarning: pkg_resources is deprecated as an API. See https://setuptools.pypa.io/en/latest/pkg_resources.html. The pkg_resources package is slated for removal as early as 2025-11-30. Refrain from using this package or pin to Setuptools<81.
  from pkg_resources import packaging  # type: ignore[attr-defined]
/ceph/sagnihot/miniconda3/envs/internimage/lib/python3.9/site-packages/torch/utils/cpp_extension.py:28: UserWarning: pkg_resources is deprecated as an API. See https://setuptools.pypa.io/en/latest/pkg_resources.html. The pkg_resources package is slated for removal as early as 2025-11-30. Refrain from using this package or pin to Setuptools<81.
  from pkg_resources import packaging  # type: ignore[attr-defined]
/ceph/sagnihot/miniconda3/envs/internimage/lib/python3.9/site-packages/torch/utils/cpp_extension.py:28: UserWarning: pkg_resources is deprecated as an API. See https://setuptools.pypa.io/en/latest/pkg_resources.html. The pkg_resources package is slated for removal as early as 2025-11-30. Refrain from using this package or pin to Setuptools<81.
  from pkg_resources import packaging  # type: ignore[attr-defined]
/ceph/sagnihot/miniconda3/envs/internimage/lib/python3.9/site-packages/torch/utils/cpp_extension.py:28: UserWarning: pkg_resources is deprecated as an API. See https://setuptools.pypa.io/en/latest/pkg_resources.html. The pkg_resources package is slated for removal as early as 2025-11-30. Refrain from using this package or pin to Setuptools<81.
  from pkg_resources import packaging  # type: ignore[attr-defined]
/ceph/sagnihot/miniconda3/envs/internimage/lib/python3.9/site-packages/torch/utils/cpp_extension.py:28: UserWarning: pkg_resources is deprecated as an API. See https://setuptools.pypa.io/en/latest/pkg_resources.html. The pkg_resources package is slated for removal as early as 2025-11-30. Refrain from using this package or pin to Setuptools<81.
  from pkg_resources import packaging  # type: ignore[attr-defined]
/ceph/sagnihot/miniconda3/envs/internimage/lib/python3.9/site-packages/torch/utils/cpp_extension.py:28: UserWarning: pkg_resources is deprecated as an API. See https://setuptools.pypa.io/en/latest/pkg_resources.html. The pkg_resources package is slated for removal as early as 2025-11-30. Refrain from using this package or pin to Setuptools<81.
  from pkg_resources import packaging  # type: ignore[attr-defined]
/ceph/sagnihot/miniconda3/envs/internimage/lib/python3.9/site-packages/torch/utils/cpp_extension.py:28: UserWarning: pkg_resources is deprecated as an API. See https://setuptools.pypa.io/en/latest/pkg_resources.html. The pkg_resources package is slated for removal as early as 2025-11-30. Refrain from using this package or pin to Setuptools<81.
  from pkg_resources import packaging  # type: ignore[attr-defined]
/ceph/sagnihot/miniconda3/envs/internimage/lib/python3.9/site-packages/torch/utils/cpp_extension.py:28: UserWarning: pkg_resources is deprecated as an API. See https://setuptools.pypa.io/en/latest/pkg_resources.html. The pkg_resources package is slated for removal as early as 2025-11-30. Refrain from using this package or pin to Setuptools<81.
  from pkg_resources import packaging  # type: ignore[attr-defined]
/ceph/sagnihot/miniconda3/envs/internimage/lib/python3.9/site-packages/torch/utils/cpp_extension.py:28: UserWarning: pkg_resources is deprecated as an API. See https://setuptools.pypa.io/en/latest/pkg_resources.html. The pkg_resources package is slated for removal as early as 2025-11-30. Refrain from using this package or pin to Setuptools<81.
  from pkg_resources import packaging  # type: ignore[attr-defined]
/ceph/sagnihot/miniconda3/envs/internimage/lib/python3.9/site-packages/torch/utils/cpp_extension.py:28: UserWarning: pkg_resources is deprecated as an API. See https://setuptools.pypa.io/en/latest/pkg_resources.html. The pkg_resources package is slated for removal as early as 2025-11-30. Refrain from using this package or pin to Setuptools<81.
  from pkg_resources import packaging  # type: ignore[attr-defined]
/ceph/sagnihot/miniconda3/envs/internimage/lib/python3.9/site-packages/torch/utils/cpp_extension.py:28: UserWarning: pkg_resources is deprecated as an API. See https://setuptools.pypa.io/en/latest/pkg_resources.html. The pkg_resources package is slated for removal as early as 2025-11-30. Refrain from using this package or pin to Setuptools<81.
  from pkg_resources import packaging  # type: ignore[attr-defined]
/ceph/sagnihot/miniconda3/envs/internimage/lib/python3.9/site-packages/torch/utils/cpp_extension.py:28: UserWarning: pkg_resources is deprecated as an API. See https://setuptools.pypa.io/en/latest/pkg_resources.html. The pkg_resources package is slated for removal as early as 2025-11-30. Refrain from using this package or pin to Setuptools<81.
  from pkg_resources import packaging  # type: ignore[attr-defined]
/ceph/sagnihot/miniconda3/envs/internimage/lib/python3.9/site-packages/torch/utils/cpp_extension.py:28: UserWarning: pkg_resources is deprecated as an API. See https://setuptools.pypa.io/en/latest/pkg_resources.html. The pkg_resources package is slated for removal as early as 2025-11-30. Refrain from using this package or pin to Setuptools<81.
  from pkg_resources import packaging  # type: ignore[attr-defined]
/ceph/sagnihot/miniconda3/envs/internimage/lib/python3.9/site-packages/torch/utils/cpp_extension.py:28: UserWarning: pkg_resources is deprecated as an API. See https://setuptools.pypa.io/en/latest/pkg_resources.html. The pkg_resources package is slated for removal as early as 2025-11-30. Refrain from using this package or pin to Setuptools<81.
  from pkg_resources import packaging  # type: ignore[attr-defined]
/ceph/sagnihot/miniconda3/envs/internimage/lib/python3.9/site-packages/torch/utils/cpp_extension.py:28: UserWarning: pkg_resources is deprecated as an API. See https://setuptools.pypa.io/en/latest/pkg_resources.html. The pkg_resources package is slated for removal as early as 2025-11-30. Refrain from using this package or pin to Setuptools<81.
  from pkg_resources import packaging  # type: ignore[attr-defined]
/ceph/sagnihot/miniconda3/envs/internimage/lib/python3.9/site-packages/torch/utils/cpp_extension.py:28: UserWarning: pkg_resources is deprecated as an API. See https://setuptools.pypa.io/en/latest/pkg_resources.html. The pkg_resources package is slated for removal as early as 2025-11-30. Refrain from using this package or pin to Setuptools<81.
  from pkg_resources import packaging  # type: ignore[attr-defined]
/ceph/sagnihot/miniconda3/envs/internimage/lib/python3.9/site-packages/torch/utils/cpp_extension.py:28: UserWarning: pkg_resources is deprecated as an API. See https://setuptools.pypa.io/en/latest/pkg_resources.html. The pkg_resources package is slated for removal as early as 2025-11-30. Refrain from using this package or pin to Setuptools<81.
  from pkg_resources import packaging  # type: ignore[attr-defined]
/ceph/sagnihot/miniconda3/envs/internimage/lib/python3.9/site-packages/torch/utils/cpp_extension.py:28: UserWarning: pkg_resources is deprecated as an API. See https://setuptools.pypa.io/en/latest/pkg_resources.html. The pkg_resources package is slated for removal as early as 2025-11-30. Refrain from using this package or pin to Setuptools<81.
  from pkg_resources import packaging  # type: ignore[attr-defined]
/ceph/sagnihot/miniconda3/envs/internimage/lib/python3.9/site-packages/torch/utils/cpp_extension.py:28: UserWarning: pkg_resources is deprecated as an API. See https://setuptools.pypa.io/en/latest/pkg_resources.html. The pkg_resources package is slated for removal as early as 2025-11-30. Refrain from using this package or pin to Setuptools<81.
  from pkg_resources import packaging  # type: ignore[attr-defined]
/ceph/sagnihot/miniconda3/envs/internimage/lib/python3.9/site-packages/torch/utils/cpp_extension.py:28: UserWarning: pkg_resources is deprecated as an API. See https://setuptools.pypa.io/en/latest/pkg_resources.html. The pkg_resources package is slated for removal as early as 2025-11-30. Refrain from using this package or pin to Setuptools<81.
  from pkg_resources import packaging  # type: ignore[attr-defined]
/ceph/sagnihot/miniconda3/envs/internimage/lib/python3.9/site-packages/torch/utils/cpp_extension.py:28: UserWarning: pkg_resources is deprecated as an API. See https://setuptools.pypa.io/en/latest/pkg_resources.html. The pkg_resources package is slated for removal as early as 2025-11-30. Refrain from using this package or pin to Setuptools<81.
  from pkg_resources import packaging  # type: ignore[attr-defined]
/ceph/sagnihot/miniconda3/envs/internimage/lib/python3.9/site-packages/torch/utils/cpp_extension.py:28: UserWarning: pkg_resources is deprecated as an API. See https://setuptools.pypa.io/en/latest/pkg_resources.html. The pkg_resources package is slated for removal as early as 2025-11-30. Refrain from using this package or pin to Setuptools<81.
  from pkg_resources import packaging  # type: ignore[attr-defined]
/ceph/sagnihot/projects/InternImage/segmentation/ops_dcnv3/modules/dcnv3.py:21: UserWarning: Now, we support DCNv4 in InternImage.
  warnings.warn('Now, we support DCNv4 in InternImage.')
/ceph/sagnihot/projects/InternImage/segmentation/ops_dcnv3/modules/dcnv3.py:21: UserWarning: Now, we support DCNv4 in InternImage.
  warnings.warn('Now, we support DCNv4 in InternImage.')
/ceph/sagnihot/projects/InternImage/segmentation/ops_dcnv3/modules/dcnv3.py:21: UserWarning: Now, we support DCNv4 in InternImage.
  warnings.warn('Now, we support DCNv4 in InternImage.')
/ceph/sagnihot/projects/InternImage/segmentation/ops_dcnv3/modules/dcnv3.py:21: UserWarning: Now, we support DCNv4 in InternImage.
  warnings.warn('Now, we support DCNv4 in InternImage.')
/ceph/sagnihot/projects/InternImage/segmentation/ops_dcnv3/modules/dcnv3.py:21: UserWarning: Now, we support DCNv4 in InternImage.
  warnings.warn('Now, we support DCNv4 in InternImage.')
/ceph/sagnihot/projects/InternImage/segmentation/ops_dcnv3/modules/dcnv3.py:21: UserWarning: Now, we support DCNv4 in InternImage.
  warnings.warn('Now, we support DCNv4 in InternImage.')
/ceph/sagnihot/projects/InternImage/segmentation/ops_dcnv3/modules/dcnv3.py:21: UserWarning: Now, we support DCNv4 in InternImage.
  warnings.warn('Now, we support DCNv4 in InternImage.')
/ceph/sagnihot/projects/InternImage/segmentation/ops_dcnv3/modules/dcnv3.py:21: UserWarning: Now, we support DCNv4 in InternImage.
  warnings.warn('Now, we support DCNv4 in InternImage.')
/ceph/sagnihot/projects/InternImage/segmentation/ops_dcnv3/modules/dcnv3.py:21: UserWarning: Now, we support DCNv4 in InternImage.
  warnings.warn('Now, we support DCNv4 in InternImage.')
/ceph/sagnihot/projects/InternImage/segmentation/ops_dcnv3/modules/dcnv3.py:21: UserWarning: Now, we support DCNv4 in InternImage.
  warnings.warn('Now, we support DCNv4 in InternImage.')
/ceph/sagnihot/projects/InternImage/segmentation/ops_dcnv3/modules/dcnv3.py:21: UserWarning: Now, we support DCNv4 in InternImage.
  warnings.warn('Now, we support DCNv4 in InternImage.')
/ceph/sagnihot/projects/InternImage/segmentation/ops_dcnv3/modules/dcnv3.py:21: UserWarning: Now, we support DCNv4 in InternImage.
  warnings.warn('Now, we support DCNv4 in InternImage.')
/ceph/sagnihot/projects/InternImage/segmentation/ops_dcnv3/modules/dcnv3.py:21: UserWarning: Now, we support DCNv4 in InternImage.
  warnings.warn('Now, we support DCNv4 in InternImage.')
/ceph/sagnihot/projects/InternImage/segmentation/ops_dcnv3/modules/dcnv3.py:21: UserWarning: Now, we support DCNv4 in InternImage.
  warnings.warn('Now, we support DCNv4 in InternImage.')
/ceph/sagnihot/projects/InternImage/segmentation/ops_dcnv3/modules/dcnv3.py:21: UserWarning: Now, we support DCNv4 in InternImage.
  warnings.warn('Now, we support DCNv4 in InternImage.')
/ceph/sagnihot/projects/InternImage/segmentation/ops_dcnv3/modules/dcnv3.py:21: UserWarning: Now, we support DCNv4 in InternImage.
  warnings.warn('Now, we support DCNv4 in InternImage.')
/ceph/sagnihot/projects/InternImage/segmentation/ops_dcnv3/modules/dcnv3.py:21: UserWarning: Now, we support DCNv4 in InternImage.
  warnings.warn('Now, we support DCNv4 in InternImage.')
/ceph/sagnihot/projects/InternImage/segmentation/ops_dcnv3/modules/dcnv3.py:21: UserWarning: Now, we support DCNv4 in InternImage.
  warnings.warn('Now, we support DCNv4 in InternImage.')
/ceph/sagnihot/projects/InternImage/segmentation/ops_dcnv3/modules/dcnv3.py:21: UserWarning: Now, we support DCNv4 in InternImage.
  warnings.warn('Now, we support DCNv4 in InternImage.')
/ceph/sagnihot/projects/InternImage/segmentation/ops_dcnv3/modules/dcnv3.py:21: UserWarning: Now, we support DCNv4 in InternImage.
  warnings.warn('Now, we support DCNv4 in InternImage.')
/ceph/sagnihot/projects/InternImage/segmentation/ops_dcnv3/modules/dcnv3.py:21: UserWarning: Now, we support DCNv4 in InternImage.
  warnings.warn('Now, we support DCNv4 in InternImage.')
/ceph/sagnihot/projects/InternImage/segmentation/ops_dcnv3/modules/dcnv3.py:21: UserWarning: Now, we support DCNv4 in InternImage.
  warnings.warn('Now, we support DCNv4 in InternImage.')
/ceph/sagnihot/projects/InternImage/segmentation/ops_dcnv3/modules/dcnv3.py:21: UserWarning: Now, we support DCNv4 in InternImage.
  warnings.warn('Now, we support DCNv4 in InternImage.')
/ceph/sagnihot/projects/InternImage/segmentation/ops_dcnv3/modules/dcnv3.py:21: UserWarning: Now, we support DCNv4 in InternImage.
  warnings.warn('Now, we support DCNv4 in InternImage.')
/ceph/sagnihot/projects/InternImage/segmentation/ops_dcnv3/modules/dcnv3.py:21: UserWarning: Now, we support DCNv4 in InternImage.
  warnings.warn('Now, we support DCNv4 in InternImage.')
/ceph/sagnihot/projects/InternImage/segmentation/ops_dcnv3/modules/dcnv3.py:21: UserWarning: Now, we support DCNv4 in InternImage.
  warnings.warn('Now, we support DCNv4 in InternImage.')
/ceph/sagnihot/projects/InternImage/segmentation/ops_dcnv3/modules/dcnv3.py:21: UserWarning: Now, we support DCNv4 in InternImage.
  warnings.warn('Now, we support DCNv4 in InternImage.')
/ceph/sagnihot/projects/InternImage/segmentation/ops_dcnv3/modules/dcnv3.py:21: UserWarning: Now, we support DCNv4 in InternImage.
  warnings.warn('Now, we support DCNv4 in InternImage.')
/ceph/sagnihot/projects/InternImage/segmentation/ops_dcnv3/modules/dcnv3.py:21: UserWarning: Now, we support DCNv4 in InternImage.
  warnings.warn('Now, we support DCNv4 in InternImage.')
/ceph/sagnihot/projects/InternImage/segmentation/ops_dcnv3/modules/dcnv3.py:21: UserWarning: Now, we support DCNv4 in InternImage.
  warnings.warn('Now, we support DCNv4 in InternImage.')
/ceph/sagnihot/projects/InternImage/segmentation/ops_dcnv3/modules/dcnv3.py:21: UserWarning: Now, we support DCNv4 in InternImage.
  warnings.warn('Now, we support DCNv4 in InternImage.')
/ceph/sagnihot/projects/InternImage/segmentation/ops_dcnv3/modules/dcnv3.py:21: UserWarning: Now, we support DCNv4 in InternImage.
  warnings.warn('Now, we support DCNv4 in InternImage.')
Traceback (most recent call last):
  File "/ceph/sagnihot/projects/InternImage/segmentation/train.py", line 677, in <module>
    main()
  File "/ceph/sagnihot/projects/InternImage/segmentation/train.py", line 655, in main
    train_segmentor(model,
  File "/ceph/sagnihot/miniconda3/envs/internimage/lib/python3.9/site-packages/mmseg/apis/train.py", line 194, in train_segmentor
    runner.run(data_loaders, cfg.workflow)
  File "/ceph/sagnihot/miniconda3/envs/internimage/lib/python3.9/site-packages/mmcv/runner/iter_based_runner.py", line 144, in run
    iter_runner(iter_loaders[i], **kwargs)
  File "/ceph/sagnihot/miniconda3/envs/internimage/lib/python3.9/site-packages/mmcv/runner/iter_based_runner.py", line 70, in train
    self.call_hook('after_train_iter')
  File "/ceph/sagnihot/miniconda3/envs/internimage/lib/python3.9/site-packages/mmcv/runner/base_runner.py", line 317, in call_hook
    getattr(hook, fn_name)(self)
  File "/ceph/sagnihot/miniconda3/envs/internimage/lib/python3.9/site-packages/mmcv/runner/hooks/evaluation.py", line 266, in after_train_iter
    self._do_evaluate(runner)
  File "/ceph/sagnihot/miniconda3/envs/internimage/lib/python3.9/site-packages/mmseg/core/evaluation/eval_hooks.py", line 117, in _do_evaluate
    results = multi_gpu_test(
  File "/ceph/sagnihot/miniconda3/envs/internimage/lib/python3.9/site-packages/mmseg/apis/test.py", line 208, in multi_gpu_test
    result = model(return_loss=False, rescale=True, **data)
  File "/ceph/sagnihot/miniconda3/envs/internimage/lib/python3.9/site-packages/torch/nn/modules/module.py", line 1518, in _wrapped_call_impl
    return self._call_impl(*args, **kwargs)
  File "/ceph/sagnihot/miniconda3/envs/internimage/lib/python3.9/site-packages/torch/nn/modules/module.py", line 1527, in _call_impl
    return forward_call(*args, **kwargs)
  File "/ceph/sagnihot/miniconda3/envs/internimage/lib/python3.9/site-packages/torch/nn/parallel/distributed.py", line 1519, in forward
    else self._run_ddp_forward(*inputs, **kwargs)
  File "/ceph/sagnihot/miniconda3/envs/internimage/lib/python3.9/site-packages/mmcv/parallel/distributed.py", line 160, in _run_ddp_forward
    self._use_replicated_tensor_module else self.module
  File "/ceph/sagnihot/miniconda3/envs/internimage/lib/python3.9/site-packages/torch/nn/modules/module.py", line 1695, in __getattr__
    raise AttributeError(f"'{type(self).__name__}' object has no attribute '{name}'")
AttributeError: 'MMDistributedDataParallel' object has no attribute '_use_replicated_tensor_module'
[2026-03-02 16:05:23,352] torch.distributed.elastic.multiprocessing.api: [WARNING] Sending process 2928802 closing signal SIGTERM
[2026-03-02 16:05:24,922] torch.distributed.elastic.multiprocessing.api: [ERROR] failed (exitcode: 1) local_rank: 1 (pid: 2928804) of binary: /ceph/sagnihot/miniconda3/envs/internimage/bin/python
Traceback (most recent call last):
  File "/ceph/sagnihot/miniconda3/envs/internimage/lib/python3.9/runpy.py", line 197, in _run_module_as_main
    return _run_code(code, main_globals, None,
  File "/ceph/sagnihot/miniconda3/envs/internimage/lib/python3.9/runpy.py", line 87, in _run_code
    exec(code, run_globals)
  File "/ceph/sagnihot/miniconda3/envs/internimage/lib/python3.9/site-packages/torch/distributed/launch.py", line 196, in <module>
    main()
  File "/ceph/sagnihot/miniconda3/envs/internimage/lib/python3.9/site-packages/torch/distributed/launch.py", line 192, in main
    launch(args)
  File "/ceph/sagnihot/miniconda3/envs/internimage/lib/python3.9/site-packages/torch/distributed/launch.py", line 177, in launch
    run(args)
  File "/ceph/sagnihot/miniconda3/envs/internimage/lib/python3.9/site-packages/torch/distributed/run.py", line 797, in run
    elastic_launch(
  File "/ceph/sagnihot/miniconda3/envs/internimage/lib/python3.9/site-packages/torch/distributed/launcher/api.py", line 134, in __call__
    return launch_agent(self._config, self._entrypoint, list(args))
  File "/ceph/sagnihot/miniconda3/envs/internimage/lib/python3.9/site-packages/torch/distributed/launcher/api.py", line 264, in launch_agent
    raise ChildFailedError(
torch.distributed.elastic.multiprocessing.errors.ChildFailedError: 
============================================================
train.py FAILED
------------------------------------------------------------
Failures:
  <NO_OTHER_FAILURES>
------------------------------------------------------------
Root Cause (first observed failure):
[0]:
  time      : 2026-03-02_16:05:23
  host      : dws-12.informatik.uni-mannheim.de
  rank      : 1 (local_rank: 1)
  exitcode  : 1 (pid: 2928804)
  error_file: <N/A>
  traceback : To enable traceback see: https://pytorch.org/docs/stable/elastic/errors.html
============================================================
