[2026-03-02 15:31:16,835] torch.distributed.run: [WARNING] 
[2026-03-02 15:31:16,835] torch.distributed.run: [WARNING] *****************************************
[2026-03-02 15:31:16,835] torch.distributed.run: [WARNING] Setting OMP_NUM_THREADS environment variable for each process to be 1 in default, to avoid your system being overloaded, please further tune the variable for optimal performance in your application as needed. 
[2026-03-02 15:31:16,835] torch.distributed.run: [WARNING] *****************************************
/ceph/sagnihot/miniconda3/envs/internimage/lib/python3.9/site-packages/torch/utils/cpp_extension.py:28: UserWarning: pkg_resources is deprecated as an API. See https://setuptools.pypa.io/en/latest/pkg_resources.html. The pkg_resources package is slated for removal as early as 2025-11-30. Refrain from using this package or pin to Setuptools<81.
  from pkg_resources import packaging  # type: ignore[attr-defined]
/ceph/sagnihot/miniconda3/envs/internimage/lib/python3.9/site-packages/torch/utils/cpp_extension.py:28: UserWarning: pkg_resources is deprecated as an API. See https://setuptools.pypa.io/en/latest/pkg_resources.html. The pkg_resources package is slated for removal as early as 2025-11-30. Refrain from using this package or pin to Setuptools<81.
  from pkg_resources import packaging  # type: ignore[attr-defined]
/ceph/sagnihot/projects/InternImage/segmentation/ops_dcnv3/modules/dcnv3.py:21: UserWarning: Now, we support DCNv4 in InternImage.
  warnings.warn('Now, we support DCNv4 in InternImage.')
/ceph/sagnihot/projects/InternImage/segmentation/ops_dcnv3/modules/dcnv3.py:21: UserWarning: Now, we support DCNv4 in InternImage.
  warnings.warn('Now, we support DCNv4 in InternImage.')
2026-03-02 15:32:12,263 - mmseg - INFO - Multi-processing start method is `None`
2026-03-02 15:32:12,268 - mmseg - INFO - OpenCV num_threads is `32
2026-03-02 15:32:12,271 - mmseg - INFO - OMP num threads is 1
2026-03-02 15:32:12,533 - mmseg - INFO - Environment info:
------------------------------------------------------------
sys.platform: linux
Python: 3.9.25 (main, Nov  3 2025, 22:33:05) [GCC 11.2.0]
CUDA available: True
GPU 0,1: NVIDIA H100 NVL
CUDA_HOME: /usr/local/cuda
NVCC: Cuda compilation tools, release 12.9, V12.9.86
GCC: x86_64-conda-linux-gnu-gcc (GCC) 15.2.0
PyTorch: 2.1.2+cu121
PyTorch compiling details: PyTorch built with:
  - GCC 9.3
  - C++ Version: 201703
  - Intel(R) oneAPI Math Kernel Library Version 2022.2-Product Build 20220804 for Intel(R) 64 architecture applications
  - Intel(R) MKL-DNN v3.1.1 (Git Hash 64f6bcbcbab628e96f33a62c3e975f8535a7bde4)
  - OpenMP 201511 (a.k.a. OpenMP 4.5)
  - LAPACK is enabled (usually provided by MKL)
  - NNPACK is enabled
  - CPU capability usage: AVX512
  - CUDA Runtime 12.1
  - NVCC architecture flags: -gencode;arch=compute_50,code=sm_50;-gencode;arch=compute_60,code=sm_60;-gencode;arch=compute_70,code=sm_70;-gencode;arch=compute_75,code=sm_75;-gencode;arch=compute_80,code=sm_80;-gencode;arch=compute_86,code=sm_86;-gencode;arch=compute_90,code=sm_90
  - CuDNN 8.9.2
  - Magma 2.6.1
  - Build settings: BLAS_INFO=mkl, BUILD_TYPE=Release, CUDA_VERSION=12.1, CUDNN_VERSION=8.9.2, CXX_COMPILER=/opt/rh/devtoolset-9/root/usr/bin/c++, CXX_FLAGS= -D_GLIBCXX_USE_CXX11_ABI=0 -fabi-version=11 -fvisibility-inlines-hidden -DUSE_PTHREADPOOL -DNDEBUG -DUSE_KINETO -DLIBKINETO_NOROCTRACER -DUSE_FBGEMM -DUSE_QNNPACK -DUSE_PYTORCH_QNNPACK -DUSE_XNNPACK -DSYMBOLICATE_MOBILE_DEBUG_HANDLE -O2 -fPIC -Wall -Wextra -Werror=return-type -Werror=non-virtual-dtor -Werror=bool-operation -Wnarrowing -Wno-missing-field-initializers -Wno-type-limits -Wno-array-bounds -Wno-unknown-pragmas -Wno-unused-parameter -Wno-unused-function -Wno-unused-result -Wno-strict-overflow -Wno-strict-aliasing -Wno-stringop-overflow -Wno-psabi -Wno-error=pedantic -Wno-error=old-style-cast -Wno-invalid-partial-specialization -Wno-unused-private-field -Wno-aligned-allocation-unavailable -Wno-missing-braces -fdiagnostics-color=always -faligned-new -Wno-unused-but-set-variable -Wno-maybe-uninitialized -fno-math-errno -fno-trapping-math -Werror=format -Werror=cast-function-type -Wno-stringop-overflow, LAPACK_INFO=mkl, PERF_WITH_AVX=1, PERF_WITH_AVX2=1, PERF_WITH_AVX512=1, TORCH_DISABLE_GPU_ASSERTS=ON, TORCH_VERSION=2.1.2, USE_CUDA=ON, USE_CUDNN=ON, USE_EXCEPTION_PTR=1, USE_GFLAGS=OFF, USE_GLOG=OFF, USE_MKL=ON, USE_MKLDNN=ON, USE_MPI=OFF, USE_NCCL=1, USE_NNPACK=ON, USE_OPENMP=ON, USE_ROCM=OFF, 

TorchVision: 0.16.2+cu121
OpenCV: 4.13.0
MMCV: 1.6.2
MMCV Compiler: GCC 11.5
MMCV CUDA Compiler: 12.9
MMSegmentation: 0.27.0+31c962d
------------------------------------------------------------

2026-03-02 15:32:12,537 - mmseg - INFO - Distributed training: True
2026-03-02 15:32:12,541 - mmseg - INFO - Config:
/ceph/sagnihot/projects/InternImage/segmentation/configs/_base_/models/mask2former_beit.py
# model_cfg
num_things_classes = 100
num_stuff_classes = 50
num_classes = num_things_classes + num_stuff_classes
norm_cfg = dict(type='SyncBN', requires_grad=True)
model = dict(
    type='EncoderDecoderMask2Former',
    pretrained=None,
    backbone=dict(
        type='XCiT',
        patch_size=16,
        embed_dim=384,
        depth=12,
        num_heads=8,
        mlp_ratio=4,
        qkv_bias=True,
        use_abs_pos_emb=True,
        use_rel_pos_bias=False,
    ),
    decode_head=dict(
        type='Mask2FormerHead',
        in_channels=[256, 512, 1024, 2048],  # pass to pixel_decoder inside
        # strides=[4, 8, 16, 32],
        feat_channels=256,
        out_channels=256,
        in_index=[0, 1, 2, 3],
        num_things_classes=num_things_classes,
        num_stuff_classes=num_stuff_classes,
        num_queries=100,
        num_transformer_feat_level=3,
        pixel_decoder=dict(
            type='MSDeformAttnPixelDecoder',
            num_outs=3,
            norm_cfg=dict(type='GN', num_groups=32),
            act_cfg=dict(type='ReLU'),
            encoder=dict(
                type='DetrTransformerEncoder',
                num_layers=6,
                transformerlayers=dict(
                    type='BaseTransformerLayer',
                    attn_cfgs=dict(
                        type='MultiScaleDeformableAttention',
                        embed_dims=256,
                        num_heads=8,
                        num_levels=3,
                        num_points=4,
                        im2col_step=64,
                        dropout=0.0,
                        batch_first=False,
                        norm_cfg=None,
                        init_cfg=None),
                    ffn_cfgs=dict(
                        type='FFN',
                        embed_dims=256,
                        feedforward_channels=1024,
                        num_fcs=2,
                        ffn_drop=0.0,
                        act_cfg=dict(type='ReLU', inplace=True)),
                    operation_order=('self_attn', 'norm', 'ffn', 'norm')),
                init_cfg=None),
            positional_encoding=dict(
                type='SinePositionalEncoding', num_feats=128, normalize=True),
            init_cfg=None),
        enforce_decoder_input_project=False,
        positional_encoding=dict(
            type='SinePositionalEncoding', num_feats=128, normalize=True),
        transformer_decoder=dict(
            type='DetrTransformerDecoder',
            return_intermediate=True,
            num_layers=9,
            transformerlayers=dict(
                type='DetrTransformerDecoderLayer',
                attn_cfgs=dict(
                    type='MultiheadAttention',
                    embed_dims=256,
                    num_heads=8,
                    attn_drop=0.0,
                    proj_drop=0.0,
                    dropout_layer=None,
                    batch_first=False),
                ffn_cfgs=dict(
                    embed_dims=256,
                    feedforward_channels=2048,
                    num_fcs=2,
                    act_cfg=dict(type='ReLU', inplace=True),
                    ffn_drop=0.0,
                    dropout_layer=None,
                    add_identity=True),
                feedforward_channels=2048,
                operation_order=('cross_attn', 'norm', 'self_attn', 'norm',
                                 'ffn', 'norm')),
            init_cfg=None),
        loss_cls=dict(
            type='CrossEntropyLoss',
            use_sigmoid=False,
            loss_weight=2.0,
            reduction='mean',
            class_weight=[1.0] * num_classes + [0.1]),
        loss_mask=dict(
            type='CrossEntropyLoss',
            use_sigmoid=True,
            reduction='mean',
            loss_weight=5.0),
        loss_dice=dict(
            type='DiceLoss',
            use_sigmoid=True,
            activate=True,
            reduction='mean',
            naive_dice=True,
            eps=1.0,
            loss_weight=5.0)),
    train_cfg=dict(
        num_points=12544,
        oversample_ratio=3.0,
        importance_sample_ratio=0.75,
        assigner=dict(
            type='MaskHungarianAssigner',
            cls_cost=dict(type='ClassificationCost', weight=2.0),
            mask_cost=dict(
                type='CrossEntropyLossCost', weight=5.0, use_sigmoid=True),
            dice_cost=dict(
                type='DiceCost', weight=5.0, pred_act=True, eps=1.0)),
        sampler=dict(type='MaskPseudoSampler')),
    test_cfg=dict(
        panoptic_on=True,
        # For now, the dataset does not support
        # evaluating semantic segmentation metric.
        semantic_on=False,
        instance_on=True,
        # max_per_image is for instance segmentation.
        max_per_image=100,
        iou_thr=0.8,
        # In Mask2Former's panoptic postprocessing,
        # it will filter mask area where score is less than 0.5 .
        filter_low_score=True),
    init_cfg=None)

# find_unused_parameters = True

/ceph/sagnihot/projects/InternImage/segmentation/configs/_base_/datasets/cityscapes_extra.py
# dataset settings
dataset_type = 'CityscapesDataset'
data_root = '/ceph/sagnihot/datasets/cityscapes'
img_norm_cfg = dict(
    mean=[123.675, 116.28, 103.53], std=[58.395, 57.12, 57.375], to_rgb=True)
crop_size = (512, 1024)
train_pipeline = [
    dict(type='LoadImageFromFile'),
    dict(type='LoadAnnotations'),
    dict(type='Resize', img_scale=(2048, 1024), ratio_range=(0.5, 2.0)),
    dict(type='RandomCrop', crop_size=crop_size, cat_max_ratio=0.75),
    dict(type='RandomFlip', prob=0.5),
    dict(type='PhotoMetricDistortion'),
    dict(type='Normalize', **img_norm_cfg),
    dict(type='Pad', size=crop_size, pad_val=0, seg_pad_val=255),
    dict(type='DefaultFormatBundle'),
    dict(type='Collect', keys=['img', 'gt_semantic_seg']),
]
test_pipeline = [
    dict(type='LoadImageFromFile'),
    dict(
        type='MultiScaleFlipAug',
        img_scale=(2048, 1024),
        # img_ratios=[0.5, 0.75, 1.0, 1.25, 1.5, 1.75],
        flip=False,
        transforms=[
            dict(type='Resize', keep_ratio=True),
            dict(type='RandomFlip'),
            dict(type='Normalize', **img_norm_cfg),
            dict(type='ImageToTensor', keys=['img']),
            dict(type='Collect', keys=['img']),
        ])
]
data = dict(
    samples_per_gpu=2,
    workers_per_gpu=2,
    train=dict(
        type='ConcatDataset',
        datasets=[
            dict(
                type=dataset_type,
                data_root=data_root,
                img_dir='leftImg8bit/train',
                ann_dir='gtFine/train',
                pipeline=train_pipeline),
            dict(
                type=dataset_type,
                data_root=data_root,
                img_dir='leftImg8bit/train_extra',
                ann_dir='refinement_final_trainIds/train_extra',
                img_suffix='_leftImg8bit.png',
                seg_map_suffix='_leftImg8bit.png',
                pipeline=train_pipeline),
        ],
        separate_eval=False),
    val=dict(
        type=dataset_type,
        data_root=data_root,
        img_dir='leftImg8bit/val',
        ann_dir='gtFine/val',
        pipeline=test_pipeline),
    test=dict(
        type=dataset_type,
        data_root=data_root,
        img_dir='leftImg8bit/val',
        ann_dir='gtFine/val',
        pipeline=test_pipeline))

/ceph/sagnihot/projects/InternImage/segmentation/configs/_base_/datasets/cityscapes_extra_1024x1024.py
_base_ = './cityscapes_extra.py'
img_norm_cfg = dict(
    mean=[123.675, 116.28, 103.53], std=[58.395, 57.12, 57.375], to_rgb=True)
crop_size = (1024, 1024)
train_pipeline = [
    dict(type='LoadImageFromFile'),
    dict(type='LoadAnnotations'),
    dict(type='Resize', img_scale=(2048, 1024), ratio_range=(0.5, 2.0)),
    dict(type='RandomCrop', crop_size=crop_size, cat_max_ratio=0.75),
    dict(type='RandomFlip', prob=0.5),
    dict(type='PhotoMetricDistortion'),
    dict(type='Normalize', **img_norm_cfg),
    dict(type='Pad', size=crop_size, pad_val=0, seg_pad_val=255),
    dict(type='DefaultFormatBundle'),
    dict(type='Collect', keys=['img', 'gt_semantic_seg']),
]
test_pipeline = [
    dict(type='LoadImageFromFile'),
    dict(
        type='MultiScaleFlipAug',
        img_scale=(2048, 1024),
        # img_ratios=[0.5, 0.75, 1.0, 1.25, 1.5, 1.75],
        flip=False,
        transforms=[
            dict(type='Resize', keep_ratio=True),
            dict(type='RandomFlip'),
            dict(type='Normalize', **img_norm_cfg),
            dict(type='ImageToTensor', keys=['img']),
            dict(type='Collect', keys=['img']),
        ])
]
data = dict(
    train=dict(pipeline=train_pipeline),
    val=dict(pipeline=test_pipeline),
    test=dict(pipeline=test_pipeline))

/ceph/sagnihot/projects/InternImage/segmentation/configs/_base_/default_runtime.py
# yapf:disable
log_config = dict(
    interval=50,
    hooks=[
        dict(type='TextLoggerHook', by_epoch=False),
        dict(type='TensorboardLoggerHook', by_epoch=False)
    ])
# yapf:enable
dist_params = dict(backend='nccl')
log_level = 'INFO'
load_from = None
resume_from = None
workflow = [('train', 1)]
cudnn_benchmark = True

/ceph/sagnihot/projects/InternImage/segmentation/configs/_base_/schedules/schedule_80k.py
# optimizer
optimizer = dict(type='SGD', lr=0.01, momentum=0.9, weight_decay=0.0005)
optimizer_config = dict()
# learning policy
lr_config = dict(policy='poly', power=0.9, min_lr=1e-4, by_epoch=False)
# runtime settings
runner = dict(type='IterBasedRunner', max_iters=80000)
checkpoint_config = dict(by_epoch=False, interval=8000)
evaluation = dict(interval=8000, metric='mIoU', pre_eval=True)

/ceph/sagnihot/projects/InternImage/segmentation/configs/cityscapes/mask2former_internimage_h_1024x1024_80k_mapillary2cityscapes.py
# --------------------------------------------------------
# InternImage
# Copyright (c) 2022 OpenGVLab
# Licensed under The MIT License [see LICENSE for details]
# --------------------------------------------------------
_base_ = [
    '../_base_/models/mask2former_beit.py', '../_base_/datasets/cityscapes_extra_1024x1024.py',
    '../_base_/default_runtime.py', '../_base_/schedules/schedule_80k.py'
]
num_classes = 19
crop_size = (1024, 1024)
load_from = 'https://huggingface.co/OpenGVLab/InternImage/resolve/main/mask2former_internimage_h_896x896_80k_mapillary.pth'
model = dict(
    type='EncoderDecoderMask2Former',
    backbone=dict(
        _delete_=True,
        type='InternImage',
        core_op='DCNv3',
        channels=320,
        depths=[6, 6, 32, 6],
        groups=[10, 20, 40, 80],
        mlp_ratio=4.,
        drop_path_rate=0.5,
        norm_layer='LN',
        layer_scale=None,
        offset_scale=1.0,
        post_norm=False,
        dw_kernel_size=5, # for InternImage-H/G
        res_post_norm=True, # for InternImage-H/G
        level2_post_norm=True, # for InternImage-H/G
        level2_post_norm_block_ids=[5, 11, 17, 23, 29], # for InternImage-H/G
        center_feature_scale=True, # for InternImage-H/G
        with_cp=True,
        out_indices=(0, 1, 2, 3),
        init_cfg=None),
    decode_head=dict(
        in_channels=[320, 640, 1280, 2560],
        feat_channels=256,
        out_channels=256,
        num_classes=num_classes,
        num_queries=100,
        pixel_decoder=dict(
            type='MSDeformAttnPixelDecoder',
            num_outs=3,
            norm_cfg=dict(type='GN', num_groups=32),
            act_cfg=dict(type='ReLU'),
            encoder=dict(
                type='DetrTransformerEncoder',
                num_layers=6,
                transformerlayers=dict(
                    type='BaseTransformerLayer',
                    attn_cfgs=dict(
                        type='MultiScaleDeformableAttention',
                        embed_dims=256,
                        num_heads=8,
                        num_levels=3,
                        num_points=4,
                        im2col_step=64,
                        dropout=0.0,
                        batch_first=False,
                        norm_cfg=None,
                        init_cfg=None),
                    ffn_cfgs=dict(
                        type='FFN',
                        embed_dims=256,
                        feedforward_channels=1024,
                        num_fcs=2,
                        ffn_drop=0.0,
                        with_cp=True,  # set with_cp=True to save memory
                        act_cfg=dict(type='ReLU', inplace=True)),
                    operation_order=('self_attn', 'norm', 'ffn', 'norm')),
                init_cfg=None),
            positional_encoding=dict(
                type='SinePositionalEncoding', num_feats=128, normalize=True),
            init_cfg=None),
        positional_encoding=dict(
            type='SinePositionalEncoding', num_feats=128, normalize=True),
        transformer_decoder=dict(
            type='DetrTransformerDecoder',
            return_intermediate=True,
            num_layers=9,
            transformerlayers=dict(
                type='DetrTransformerDecoderLayer',
                attn_cfgs=dict(
                    type='MultiheadAttention',
                    embed_dims=256,
                    num_heads=8,
                    attn_drop=0.0,
                    proj_drop=0.0,
                    dropout_layer=None,
                    batch_first=False),
                ffn_cfgs=dict(
                    embed_dims=256,
                    feedforward_channels=2048,
                    num_fcs=2,
                    act_cfg=dict(type='ReLU', inplace=True),
                    ffn_drop=0.0,
                    dropout_layer=None,
                    with_cp=True,  # set with_cp=True to save memory
                    add_identity=True),
                feedforward_channels=2048,
                operation_order=('cross_attn', 'norm', 'self_attn', 'norm',
                                 'ffn', 'norm')),
            init_cfg=None),
        loss_cls=dict(
            type='CrossEntropyLoss',
            use_sigmoid=False,
            loss_weight=2.0,
            reduction='mean',
            class_weight=[1.0] * num_classes + [0.1])
    ),
    test_cfg=dict(mode='slide', crop_size=crop_size, stride=(512, 512)))
img_norm_cfg = dict(
    mean=[123.675, 116.28, 103.53], std=[58.395, 57.12, 57.375], to_rgb=True)
train_pipeline = [
    dict(type='LoadImageFromFile'),
    dict(type='LoadAnnotations'),
    dict(type='Resize', img_scale=(2048, 1024), ratio_range=(0.5, 2.0)),
    dict(type='RandomCrop', crop_size=crop_size, cat_max_ratio=0.75),
    dict(type='RandomFlip', prob=0.5),
    dict(type='PhotoMetricDistortion'),
    dict(type='Normalize', **img_norm_cfg),
    dict(type='Pad', size=crop_size, pad_val=0, seg_pad_val=255),
    dict(type='ToMask'),
    dict(type='DefaultFormatBundle'),
    dict(type='Collect', keys=['img', 'gt_semantic_seg', 'gt_masks', 'gt_labels'])
]
test_pipeline = [
    dict(type='LoadImageFromFile'),
    dict(
        type='MultiScaleFlipAug',
        img_scale=(2048, 1024),
        # img_ratios=[0.5, 0.75, 1.0, 1.25, 1.5, 1.75],
        flip=False,
        transforms=[
            dict(type='Resize', keep_ratio=True),
            dict(type='ResizeToMultiple', size_divisor=32),
            dict(type='RandomFlip'),
            dict(type='Normalize', **img_norm_cfg),
            dict(type='ImageToTensor', keys=['img']),
            dict(type='Collect', keys=['img']),
        ])
]
optimizer = dict(
    _delete_=True, type='AdamW', lr=1e-5, betas=(0.9, 0.999), weight_decay=0.05,
    constructor='CustomLayerDecayOptimizerConstructor',
    paramwise_cfg=dict(num_layers=50, layer_decay_rate=0.95,
                       depths=[6, 6, 32, 6], offset_lr_scale=1.0))
lr_config = dict(_delete_=True, policy='poly',
                 warmup='linear',
                 warmup_iters=1500,
                 warmup_ratio=1e-6,
                 power=1.0, min_lr=0.0, by_epoch=False)
# By default, models are trained on 8 GPUs with 2 images per GPU
data = dict(
    samples_per_gpu=1,
    train=dict(
        _delete_=True,
        type='ConcatDataset',
        datasets=[
            dict(
                type='CityscapesDataset',
                data_root='/ceph/sagnihot/datasets/cityscapes',
                img_dir='leftImg8bit/train',
                ann_dir='gtFine/train',
                pipeline=train_pipeline),
            dict(
                type='CityscapesDataset',
                data_root='/ceph/sagnihot/datasets/cityscapes',
                img_dir='leftImg8bit/train_extra',
                ann_dir='refinement_final_trainIds/train_extra',
                img_suffix='_leftImg8bit.png',
                seg_map_suffix='_leftImg8bit.png',
                pipeline=train_pipeline),
        ],
        separate_eval=False),
    val=dict(pipeline=test_pipeline),
    test=dict(pipeline=test_pipeline))
runner = dict(type='IterBasedRunner')
optimizer_config = dict(_delete_=True, grad_clip=dict(max_norm=0.1, norm_type=2))
checkpoint_config = dict(by_epoch=False, interval=1000, max_keep_ckpts=1)
evaluation = dict(interval=2000, metric='mIoU', save_best='mIoU')
post_validation = dict(
    metric='mIoU',
    acdc_subsets=[
        'acdc_rain_val', 'acdc_fog_val', 'acdc_night_val', 'acdc_snow_val'
    ],
    datasets=[
        dict(
            name='cityscapes_val',
            type='CityscapesDataset',
            data_root='/ceph/sagnihot/datasets/cityscapes',
            img_dir='leftImg8bit/val',
            ann_dir='gtFine/val',
            pipeline=test_pipeline),
        dict(
            name='acdc_rain_val',
            type='CityscapesDataset',
            data_root='/ceph/sagnihot/datasets/ACDC',
            img_dir='rgb_anon/rain/val',
            ann_dir='gt/rain/val',
            img_suffix='_rgb_anon.png',
            seg_map_suffix='_gt_labelTrainIds.png',
            pipeline=test_pipeline),
        dict(
            name='acdc_fog_val',
            type='CityscapesDataset',
            data_root='/ceph/sagnihot/datasets/ACDC',
            img_dir='rgb_anon/fog/val',
            ann_dir='gt/fog/val',
            img_suffix='_rgb_anon.png',
            seg_map_suffix='_gt_labelTrainIds.png',
            pipeline=test_pipeline),
        dict(
            name='acdc_night_val',
            type='CityscapesDataset',
            data_root='/ceph/sagnihot/datasets/ACDC',
            img_dir='rgb_anon/night/val',
            ann_dir='gt/night/val',
            img_suffix='_rgb_anon.png',
            seg_map_suffix='_gt_labelTrainIds.png',
            pipeline=test_pipeline),
        dict(
            name='acdc_snow_val',
            type='CityscapesDataset',
            data_root='/ceph/sagnihot/datasets/ACDC',
            img_dir='rgb_anon/snow/val',
            ann_dir='gt/snow/val',
            img_suffix='_rgb_anon.png',
            seg_map_suffix='_gt_labelTrainIds.png',
            pipeline=test_pipeline),
        dict(
            name='darkzurich_val',
            type='CityscapesDataset',
            data_root='/ceph/sagnihot/datasets/DarkZurich',
            img_dir='rgb_anon/val/night',
            ann_dir='gt/val/night',
            img_suffix='_rgb_anon.png',
            seg_map_suffix='_gt_labelTrainIds.png',
            pipeline=test_pipeline),
    ])
# fp16 = dict(loss_scale=dict(init_scale=512))

2026-03-02 15:32:12,567 - mmseg - WARNING - TensorBoard backend is unavailable; removed TensorboardLoggerHook from log_config.
2026-03-02 15:32:12,602 - mmseg - INFO - Set random seed to 0, deterministic: True
2026-03-02 15:32:12,606 - mmseg - INFO - using core type: DCNv3
2026-03-02 15:32:12,608 - mmseg - INFO - using activation layer: GELU
2026-03-02 15:32:12,657 - mmseg - INFO - using main norm layer: LN
2026-03-02 15:32:12,660 - mmseg - INFO - using dpr: linear, 0.5
2026-03-02 15:32:12,663 - mmseg - INFO - level2_post_norm: True
2026-03-02 15:32:12,665 - mmseg - INFO - level2_post_norm_block_ids: [5, 11, 17, 23, 29]
2026-03-02 15:32:12,667 - mmseg - INFO - res_post_norm: True
2026-03-02 15:32:12,669 - mmseg - INFO - use_dcn_v4_op: False
/ceph/sagnihot/projects/InternImage/segmentation/mmseg_custom/models/losses/cross_entropy_loss.py:230: UserWarning: Default ``avg_non_ignore`` is False, if you would like to ignore the certain label and average loss over non-ignore labels, which is the same with PyTorch official cross_entropy, set ``avg_non_ignore=True``.
  warnings.warn(
/ceph/sagnihot/projects/InternImage/segmentation/mmseg_custom/models/losses/cross_entropy_loss.py:230: UserWarning: Default ``avg_non_ignore`` is False, if you would like to ignore the certain label and average loss over non-ignore labels, which is the same with PyTorch official cross_entropy, set ``avg_non_ignore=True``.
  warnings.warn(
2026-03-02 15:32:23,712 - mmseg - WARNING - No pre-trained weights for InternImage, training start from scratch
2026-03-02 15:32:29,328 - mmseg - INFO - Loaded 2975 images
2026-03-02 15:32:29,689 - mmseg - INFO - Loaded 19998 images
2026-03-02 15:32:31,632 - mmseg - INFO - {'num_layers': 50, 'layer_decay_rate': 0.95, 'depths': [6, 6, 32, 6], 'offset_lr_scale': 1.0}
2026-03-02 15:32:31,635 - mmseg - INFO - Build CustomLayerDecayOptimizerConstructor 0.950000 - 52
2026-03-02 15:32:31,644 - mmseg - INFO - Param groups = {
  "layer_0_decay": {
    "param_names": [
      "backbone.patch_embed.conv1.weight",
      "backbone.patch_embed.conv2.weight",
      "decode_head.query_embed.weight",
      "decode_head.query_feat.weight",
      "decode_head.level_embed.weight",
      "decode_head.cls_embed.weight",
      "decode_head.mask_embed.0.weight",
      "decode_head.mask_embed.2.weight",
      "decode_head.mask_embed.4.weight"
    ],
    "lr_scale": 0.07309772651287749,
    "lr": 7.30977265128775e-07,
    "weight_decay": 0.05
  },
  "layer_0_no_decay": {
    "param_names": [
      "backbone.patch_embed.conv1.bias",
      "backbone.patch_embed.norm1.1.weight",
      "backbone.patch_embed.norm1.1.bias",
      "backbone.patch_embed.conv2.bias",
      "backbone.patch_embed.norm2.1.weight",
      "backbone.patch_embed.norm2.1.bias",
      "decode_head.cls_embed.bias",
      "decode_head.mask_embed.0.bias",
      "decode_head.mask_embed.2.bias",
      "decode_head.mask_embed.4.bias"
    ],
    "lr_scale": 0.07309772651287749,
    "lr": 7.30977265128775e-07,
    "weight_decay": 0.0
  },
  "layer_1_no_decay": {
    "param_names": [
      "backbone.levels.0.blocks.0.norm1.0.weight",
      "backbone.levels.0.blocks.0.norm1.0.bias",
      "backbone.levels.0.blocks.0.dcn.center_feature_scale_proj_bias",
      "backbone.levels.0.blocks.0.dcn.dw_conv.0.bias",
      "backbone.levels.0.blocks.0.dcn.dw_conv.1.1.weight",
      "backbone.levels.0.blocks.0.dcn.dw_conv.1.1.bias",
      "backbone.levels.0.blocks.0.dcn.offset.bias",
      "backbone.levels.0.blocks.0.dcn.mask.bias",
      "backbone.levels.0.blocks.0.dcn.input_proj.bias",
      "backbone.levels.0.blocks.0.dcn.output_proj.bias",
      "backbone.levels.0.blocks.0.norm2.0.weight",
      "backbone.levels.0.blocks.0.norm2.0.bias",
      "backbone.levels.0.blocks.0.mlp.fc1.bias",
      "backbone.levels.0.blocks.0.mlp.fc2.bias",
      "backbone.levels.0.blocks.0.res_post_norm1.0.weight",
      "backbone.levels.0.blocks.0.res_post_norm1.0.bias",
      "backbone.levels.0.blocks.0.res_post_norm2.0.weight",
      "backbone.levels.0.blocks.0.res_post_norm2.0.bias"
    ],
    "lr_scale": 0.07694497527671315,
    "lr": 7.694497527671315e-07,
    "weight_decay": 0.0
  },
  "layer_1_decay": {
    "param_names": [
      "backbone.levels.0.blocks.0.dcn.center_feature_scale_proj_weight",
      "backbone.levels.0.blocks.0.dcn.dw_conv.0.weight",
      "backbone.levels.0.blocks.0.dcn.offset.weight",
      "backbone.levels.0.blocks.0.dcn.mask.weight",
      "backbone.levels.0.blocks.0.dcn.input_proj.weight",
      "backbone.levels.0.blocks.0.dcn.output_proj.weight",
      "backbone.levels.0.blocks.0.mlp.fc1.weight",
      "backbone.levels.0.blocks.0.mlp.fc2.weight"
    ],
    "lr_scale": 0.07694497527671315,
    "lr": 7.694497527671315e-07,
    "weight_decay": 0.05
  },
  "layer_2_no_decay": {
    "param_names": [
      "backbone.levels.0.blocks.1.norm1.0.weight",
      "backbone.levels.0.blocks.1.norm1.0.bias",
      "backbone.levels.0.blocks.1.dcn.center_feature_scale_proj_bias",
      "backbone.levels.0.blocks.1.dcn.dw_conv.0.bias",
      "backbone.levels.0.blocks.1.dcn.dw_conv.1.1.weight",
      "backbone.levels.0.blocks.1.dcn.dw_conv.1.1.bias",
      "backbone.levels.0.blocks.1.dcn.offset.bias",
      "backbone.levels.0.blocks.1.dcn.mask.bias",
      "backbone.levels.0.blocks.1.dcn.input_proj.bias",
      "backbone.levels.0.blocks.1.dcn.output_proj.bias",
      "backbone.levels.0.blocks.1.norm2.0.weight",
      "backbone.levels.0.blocks.1.norm2.0.bias",
      "backbone.levels.0.blocks.1.mlp.fc1.bias",
      "backbone.levels.0.blocks.1.mlp.fc2.bias",
      "backbone.levels.0.blocks.1.res_post_norm1.0.weight",
      "backbone.levels.0.blocks.1.res_post_norm1.0.bias",
      "backbone.levels.0.blocks.1.res_post_norm2.0.weight",
      "backbone.levels.0.blocks.1.res_post_norm2.0.bias"
    ],
    "lr_scale": 0.0809947108175928,
    "lr": 8.099471081759281e-07,
    "weight_decay": 0.0
  },
  "layer_2_decay": {
    "param_names": [
      "backbone.levels.0.blocks.1.dcn.center_feature_scale_proj_weight",
      "backbone.levels.0.blocks.1.dcn.dw_conv.0.weight",
      "backbone.levels.0.blocks.1.dcn.offset.weight",
      "backbone.levels.0.blocks.1.dcn.mask.weight",
      "backbone.levels.0.blocks.1.dcn.input_proj.weight",
      "backbone.levels.0.blocks.1.dcn.output_proj.weight",
      "backbone.levels.0.blocks.1.mlp.fc1.weight",
      "backbone.levels.0.blocks.1.mlp.fc2.weight"
    ],
    "lr_scale": 0.0809947108175928,
    "lr": 8.099471081759281e-07,
    "weight_decay": 0.05
  },
  "layer_3_no_decay": {
    "param_names": [
      "backbone.levels.0.blocks.2.norm1.0.weight",
      "backbone.levels.0.blocks.2.norm1.0.bias",
      "backbone.levels.0.blocks.2.dcn.center_feature_scale_proj_bias",
      "backbone.levels.0.blocks.2.dcn.dw_conv.0.bias",
      "backbone.levels.0.blocks.2.dcn.dw_conv.1.1.weight",
      "backbone.levels.0.blocks.2.dcn.dw_conv.1.1.bias",
      "backbone.levels.0.blocks.2.dcn.offset.bias",
      "backbone.levels.0.blocks.2.dcn.mask.bias",
      "backbone.levels.0.blocks.2.dcn.input_proj.bias",
      "backbone.levels.0.blocks.2.dcn.output_proj.bias",
      "backbone.levels.0.blocks.2.norm2.0.weight",
      "backbone.levels.0.blocks.2.norm2.0.bias",
      "backbone.levels.0.blocks.2.mlp.fc1.bias",
      "backbone.levels.0.blocks.2.mlp.fc2.bias",
      "backbone.levels.0.blocks.2.res_post_norm1.0.weight",
      "backbone.levels.0.blocks.2.res_post_norm1.0.bias",
      "backbone.levels.0.blocks.2.res_post_norm2.0.weight",
      "backbone.levels.0.blocks.2.res_post_norm2.0.bias"
    ],
    "lr_scale": 0.0852575903343082,
    "lr": 8.525759033430821e-07,
    "weight_decay": 0.0
  },
  "layer_3_decay": {
    "param_names": [
      "backbone.levels.0.blocks.2.dcn.center_feature_scale_proj_weight",
      "backbone.levels.0.blocks.2.dcn.dw_conv.0.weight",
      "backbone.levels.0.blocks.2.dcn.offset.weight",
      "backbone.levels.0.blocks.2.dcn.mask.weight",
      "backbone.levels.0.blocks.2.dcn.input_proj.weight",
      "backbone.levels.0.blocks.2.dcn.output_proj.weight",
      "backbone.levels.0.blocks.2.mlp.fc1.weight",
      "backbone.levels.0.blocks.2.mlp.fc2.weight"
    ],
    "lr_scale": 0.0852575903343082,
    "lr": 8.525759033430821e-07,
    "weight_decay": 0.05
  },
  "layer_4_no_decay": {
    "param_names": [
      "backbone.levels.0.blocks.3.norm1.0.weight",
      "backbone.levels.0.blocks.3.norm1.0.bias",
      "backbone.levels.0.blocks.3.dcn.center_feature_scale_proj_bias",
      "backbone.levels.0.blocks.3.dcn.dw_conv.0.bias",
      "backbone.levels.0.blocks.3.dcn.dw_conv.1.1.weight",
      "backbone.levels.0.blocks.3.dcn.dw_conv.1.1.bias",
      "backbone.levels.0.blocks.3.dcn.offset.bias",
      "backbone.levels.0.blocks.3.dcn.mask.bias",
      "backbone.levels.0.blocks.3.dcn.input_proj.bias",
      "backbone.levels.0.blocks.3.dcn.output_proj.bias",
      "backbone.levels.0.blocks.3.norm2.0.weight",
      "backbone.levels.0.blocks.3.norm2.0.bias",
      "backbone.levels.0.blocks.3.mlp.fc1.bias",
      "backbone.levels.0.blocks.3.mlp.fc2.bias",
      "backbone.levels.0.blocks.3.res_post_norm1.0.weight",
      "backbone.levels.0.blocks.3.res_post_norm1.0.bias",
      "backbone.levels.0.blocks.3.res_post_norm2.0.weight",
      "backbone.levels.0.blocks.3.res_post_norm2.0.bias"
    ],
    "lr_scale": 0.08974483193085075,
    "lr": 8.974483193085076e-07,
    "weight_decay": 0.0
  },
  "layer_4_decay": {
    "param_names": [
      "backbone.levels.0.blocks.3.dcn.center_feature_scale_proj_weight",
      "backbone.levels.0.blocks.3.dcn.dw_conv.0.weight",
      "backbone.levels.0.blocks.3.dcn.offset.weight",
      "backbone.levels.0.blocks.3.dcn.mask.weight",
      "backbone.levels.0.blocks.3.dcn.input_proj.weight",
      "backbone.levels.0.blocks.3.dcn.output_proj.weight",
      "backbone.levels.0.blocks.3.mlp.fc1.weight",
      "backbone.levels.0.blocks.3.mlp.fc2.weight"
    ],
    "lr_scale": 0.08974483193085075,
    "lr": 8.974483193085076e-07,
    "weight_decay": 0.05
  },
  "layer_5_no_decay": {
    "param_names": [
      "backbone.levels.0.blocks.4.norm1.0.weight",
      "backbone.levels.0.blocks.4.norm1.0.bias",
      "backbone.levels.0.blocks.4.dcn.center_feature_scale_proj_bias",
      "backbone.levels.0.blocks.4.dcn.dw_conv.0.bias",
      "backbone.levels.0.blocks.4.dcn.dw_conv.1.1.weight",
      "backbone.levels.0.blocks.4.dcn.dw_conv.1.1.bias",
      "backbone.levels.0.blocks.4.dcn.offset.bias",
      "backbone.levels.0.blocks.4.dcn.mask.bias",
      "backbone.levels.0.blocks.4.dcn.input_proj.bias",
      "backbone.levels.0.blocks.4.dcn.output_proj.bias",
      "backbone.levels.0.blocks.4.norm2.0.weight",
      "backbone.levels.0.blocks.4.norm2.0.bias",
      "backbone.levels.0.blocks.4.mlp.fc1.bias",
      "backbone.levels.0.blocks.4.mlp.fc2.bias",
      "backbone.levels.0.blocks.4.res_post_norm1.0.weight",
      "backbone.levels.0.blocks.4.res_post_norm1.0.bias",
      "backbone.levels.0.blocks.4.res_post_norm2.0.weight",
      "backbone.levels.0.blocks.4.res_post_norm2.0.bias"
    ],
    "lr_scale": 0.09446824413773763,
    "lr": 9.446824413773764e-07,
    "weight_decay": 0.0
  },
  "layer_5_decay": {
    "param_names": [
      "backbone.levels.0.blocks.4.dcn.center_feature_scale_proj_weight",
      "backbone.levels.0.blocks.4.dcn.dw_conv.0.weight",
      "backbone.levels.0.blocks.4.dcn.offset.weight",
      "backbone.levels.0.blocks.4.dcn.mask.weight",
      "backbone.levels.0.blocks.4.dcn.input_proj.weight",
      "backbone.levels.0.blocks.4.dcn.output_proj.weight",
      "backbone.levels.0.blocks.4.mlp.fc1.weight",
      "backbone.levels.0.blocks.4.mlp.fc2.weight"
    ],
    "lr_scale": 0.09446824413773763,
    "lr": 9.446824413773764e-07,
    "weight_decay": 0.05
  },
  "layer_6_no_decay": {
    "param_names": [
      "backbone.levels.0.blocks.5.norm1.0.weight",
      "backbone.levels.0.blocks.5.norm1.0.bias",
      "backbone.levels.0.blocks.5.dcn.center_feature_scale_proj_bias",
      "backbone.levels.0.blocks.5.dcn.dw_conv.0.bias",
      "backbone.levels.0.blocks.5.dcn.dw_conv.1.1.weight",
      "backbone.levels.0.blocks.5.dcn.dw_conv.1.1.bias",
      "backbone.levels.0.blocks.5.dcn.offset.bias",
      "backbone.levels.0.blocks.5.dcn.mask.bias",
      "backbone.levels.0.blocks.5.dcn.input_proj.bias",
      "backbone.levels.0.blocks.5.dcn.output_proj.bias",
      "backbone.levels.0.blocks.5.norm2.0.weight",
      "backbone.levels.0.blocks.5.norm2.0.bias",
      "backbone.levels.0.blocks.5.mlp.fc1.bias",
      "backbone.levels.0.blocks.5.mlp.fc2.bias",
      "backbone.levels.0.blocks.5.res_post_norm1.0.weight",
      "backbone.levels.0.blocks.5.res_post_norm1.0.bias",
      "backbone.levels.0.blocks.5.res_post_norm2.0.weight",
      "backbone.levels.0.blocks.5.res_post_norm2.0.bias"
    ],
    "lr_scale": 0.09944025698709225,
    "lr": 9.944025698709225e-07,
    "weight_decay": 0.0
  },
  "layer_6_decay": {
    "param_names": [
      "backbone.levels.0.blocks.5.dcn.center_feature_scale_proj_weight",
      "backbone.levels.0.blocks.5.dcn.dw_conv.0.weight",
      "backbone.levels.0.blocks.5.dcn.offset.weight",
      "backbone.levels.0.blocks.5.dcn.mask.weight",
      "backbone.levels.0.blocks.5.dcn.input_proj.weight",
      "backbone.levels.0.blocks.5.dcn.output_proj.weight",
      "backbone.levels.0.blocks.5.mlp.fc1.weight",
      "backbone.levels.0.blocks.5.mlp.fc2.weight"
    ],
    "lr_scale": 0.09944025698709225,
    "lr": 9.944025698709225e-07,
    "weight_decay": 0.05
  },
  "layer_7_no_decay": {
    "param_names": [
      "backbone.levels.0.norm.0.weight",
      "backbone.levels.0.norm.0.bias",
      "backbone.levels.0.downsample.norm.1.weight",
      "backbone.levels.0.downsample.norm.1.bias",
      "backbone.levels.1.blocks.0.norm1.0.weight",
      "backbone.levels.1.blocks.0.norm1.0.bias",
      "backbone.levels.1.blocks.0.dcn.center_feature_scale_proj_bias",
      "backbone.levels.1.blocks.0.dcn.dw_conv.0.bias",
      "backbone.levels.1.blocks.0.dcn.dw_conv.1.1.weight",
      "backbone.levels.1.blocks.0.dcn.dw_conv.1.1.bias",
      "backbone.levels.1.blocks.0.dcn.offset.bias",
      "backbone.levels.1.blocks.0.dcn.mask.bias",
      "backbone.levels.1.blocks.0.dcn.input_proj.bias",
      "backbone.levels.1.blocks.0.dcn.output_proj.bias",
      "backbone.levels.1.blocks.0.norm2.0.weight",
      "backbone.levels.1.blocks.0.norm2.0.bias",
      "backbone.levels.1.blocks.0.mlp.fc1.bias",
      "backbone.levels.1.blocks.0.mlp.fc2.bias",
      "backbone.levels.1.blocks.0.res_post_norm1.0.weight",
      "backbone.levels.1.blocks.0.res_post_norm1.0.bias",
      "backbone.levels.1.blocks.0.res_post_norm2.0.weight",
      "backbone.levels.1.blocks.0.res_post_norm2.0.bias"
    ],
    "lr_scale": 0.10467395472325501,
    "lr": 1.0467395472325502e-06,
    "weight_decay": 0.0
  },
  "layer_7_decay": {
    "param_names": [
      "backbone.levels.0.downsample.conv.weight",
      "backbone.levels.1.blocks.0.dcn.center_feature_scale_proj_weight",
      "backbone.levels.1.blocks.0.dcn.dw_conv.0.weight",
      "backbone.levels.1.blocks.0.dcn.offset.weight",
      "backbone.levels.1.blocks.0.dcn.mask.weight",
      "backbone.levels.1.blocks.0.dcn.input_proj.weight",
      "backbone.levels.1.blocks.0.dcn.output_proj.weight",
      "backbone.levels.1.blocks.0.mlp.fc1.weight",
      "backbone.levels.1.blocks.0.mlp.fc2.weight"
    ],
    "lr_scale": 0.10467395472325501,
    "lr": 1.0467395472325502e-06,
    "weight_decay": 0.05
  },
  "layer_8_no_decay": {
    "param_names": [
      "backbone.levels.1.blocks.1.norm1.0.weight",
      "backbone.levels.1.blocks.1.norm1.0.bias",
      "backbone.levels.1.blocks.1.dcn.center_feature_scale_proj_bias",
      "backbone.levels.1.blocks.1.dcn.dw_conv.0.bias",
      "backbone.levels.1.blocks.1.dcn.dw_conv.1.1.weight",
      "backbone.levels.1.blocks.1.dcn.dw_conv.1.1.bias",
      "backbone.levels.1.blocks.1.dcn.offset.bias",
      "backbone.levels.1.blocks.1.dcn.mask.bias",
      "backbone.levels.1.blocks.1.dcn.input_proj.bias",
      "backbone.levels.1.blocks.1.dcn.output_proj.bias",
      "backbone.levels.1.blocks.1.norm2.0.weight",
      "backbone.levels.1.blocks.1.norm2.0.bias",
      "backbone.levels.1.blocks.1.mlp.fc1.bias",
      "backbone.levels.1.blocks.1.mlp.fc2.bias",
      "backbone.levels.1.blocks.1.res_post_norm1.0.weight",
      "backbone.levels.1.blocks.1.res_post_norm1.0.bias",
      "backbone.levels.1.blocks.1.res_post_norm2.0.weight",
      "backbone.levels.1.blocks.1.res_post_norm2.0.bias"
    ],
    "lr_scale": 0.11018311023500528,
    "lr": 1.1018311023500528e-06,
    "weight_decay": 0.0
  },
  "layer_8_decay": {
    "param_names": [
      "backbone.levels.1.blocks.1.dcn.center_feature_scale_proj_weight",
      "backbone.levels.1.blocks.1.dcn.dw_conv.0.weight",
      "backbone.levels.1.blocks.1.dcn.offset.weight",
      "backbone.levels.1.blocks.1.dcn.mask.weight",
      "backbone.levels.1.blocks.1.dcn.input_proj.weight",
      "backbone.levels.1.blocks.1.dcn.output_proj.weight",
      "backbone.levels.1.blocks.1.mlp.fc1.weight",
      "backbone.levels.1.blocks.1.mlp.fc2.weight"
    ],
    "lr_scale": 0.11018311023500528,
    "lr": 1.1018311023500528e-06,
    "weight_decay": 0.05
  },
  "layer_9_no_decay": {
    "param_names": [
      "backbone.levels.1.blocks.2.norm1.0.weight",
      "backbone.levels.1.blocks.2.norm1.0.bias",
      "backbone.levels.1.blocks.2.dcn.center_feature_scale_proj_bias",
      "backbone.levels.1.blocks.2.dcn.dw_conv.0.bias",
      "backbone.levels.1.blocks.2.dcn.dw_conv.1.1.weight",
      "backbone.levels.1.blocks.2.dcn.dw_conv.1.1.bias",
      "backbone.levels.1.blocks.2.dcn.offset.bias",
      "backbone.levels.1.blocks.2.dcn.mask.bias",
      "backbone.levels.1.blocks.2.dcn.input_proj.bias",
      "backbone.levels.1.blocks.2.dcn.output_proj.bias",
      "backbone.levels.1.blocks.2.norm2.0.weight",
      "backbone.levels.1.blocks.2.norm2.0.bias",
      "backbone.levels.1.blocks.2.mlp.fc1.bias",
      "backbone.levels.1.blocks.2.mlp.fc2.bias",
      "backbone.levels.1.blocks.2.res_post_norm1.0.weight",
      "backbone.levels.1.blocks.2.res_post_norm1.0.bias",
      "backbone.levels.1.blocks.2.res_post_norm2.0.weight",
      "backbone.levels.1.blocks.2.res_post_norm2.0.bias"
    ],
    "lr_scale": 0.11598222130000556,
    "lr": 1.1598222130000556e-06,
    "weight_decay": 0.0
  },
  "layer_9_decay": {
    "param_names": [
      "backbone.levels.1.blocks.2.dcn.center_feature_scale_proj_weight",
      "backbone.levels.1.blocks.2.dcn.dw_conv.0.weight",
      "backbone.levels.1.blocks.2.dcn.offset.weight",
      "backbone.levels.1.blocks.2.dcn.mask.weight",
      "backbone.levels.1.blocks.2.dcn.input_proj.weight",
      "backbone.levels.1.blocks.2.dcn.output_proj.weight",
      "backbone.levels.1.blocks.2.mlp.fc1.weight",
      "backbone.levels.1.blocks.2.mlp.fc2.weight"
    ],
    "lr_scale": 0.11598222130000556,
    "lr": 1.1598222130000556e-06,
    "weight_decay": 0.05
  },
  "layer_10_no_decay": {
    "param_names": [
      "backbone.levels.1.blocks.3.norm1.0.weight",
      "backbone.levels.1.blocks.3.norm1.0.bias",
      "backbone.levels.1.blocks.3.dcn.center_feature_scale_proj_bias",
      "backbone.levels.1.blocks.3.dcn.dw_conv.0.bias",
      "backbone.levels.1.blocks.3.dcn.dw_conv.1.1.weight",
      "backbone.levels.1.blocks.3.dcn.dw_conv.1.1.bias",
      "backbone.levels.1.blocks.3.dcn.offset.bias",
      "backbone.levels.1.blocks.3.dcn.mask.bias",
      "backbone.levels.1.blocks.3.dcn.input_proj.bias",
      "backbone.levels.1.blocks.3.dcn.output_proj.bias",
      "backbone.levels.1.blocks.3.norm2.0.weight",
      "backbone.levels.1.blocks.3.norm2.0.bias",
      "backbone.levels.1.blocks.3.mlp.fc1.bias",
      "backbone.levels.1.blocks.3.mlp.fc2.bias",
      "backbone.levels.1.blocks.3.res_post_norm1.0.weight",
      "backbone.levels.1.blocks.3.res_post_norm1.0.bias",
      "backbone.levels.1.blocks.3.res_post_norm2.0.weight",
      "backbone.levels.1.blocks.3.res_post_norm2.0.bias"
    ],
    "lr_scale": 0.12208654873684796,
    "lr": 1.2208654873684798e-06,
    "weight_decay": 0.0
  },
  "layer_10_decay": {
    "param_names": [
      "backbone.levels.1.blocks.3.dcn.center_feature_scale_proj_weight",
      "backbone.levels.1.blocks.3.dcn.dw_conv.0.weight",
      "backbone.levels.1.blocks.3.dcn.offset.weight",
      "backbone.levels.1.blocks.3.dcn.mask.weight",
      "backbone.levels.1.blocks.3.dcn.input_proj.weight",
      "backbone.levels.1.blocks.3.dcn.output_proj.weight",
      "backbone.levels.1.blocks.3.mlp.fc1.weight",
      "backbone.levels.1.blocks.3.mlp.fc2.weight"
    ],
    "lr_scale": 0.12208654873684796,
    "lr": 1.2208654873684798e-06,
    "weight_decay": 0.05
  },
  "layer_11_no_decay": {
    "param_names": [
      "backbone.levels.1.blocks.4.norm1.0.weight",
      "backbone.levels.1.blocks.4.norm1.0.bias",
      "backbone.levels.1.blocks.4.dcn.center_feature_scale_proj_bias",
      "backbone.levels.1.blocks.4.dcn.dw_conv.0.bias",
      "backbone.levels.1.blocks.4.dcn.dw_conv.1.1.weight",
      "backbone.levels.1.blocks.4.dcn.dw_conv.1.1.bias",
      "backbone.levels.1.blocks.4.dcn.offset.bias",
      "backbone.levels.1.blocks.4.dcn.mask.bias",
      "backbone.levels.1.blocks.4.dcn.input_proj.bias",
      "backbone.levels.1.blocks.4.dcn.output_proj.bias",
      "backbone.levels.1.blocks.4.norm2.0.weight",
      "backbone.levels.1.blocks.4.norm2.0.bias",
      "backbone.levels.1.blocks.4.mlp.fc1.bias",
      "backbone.levels.1.blocks.4.mlp.fc2.bias",
      "backbone.levels.1.blocks.4.res_post_norm1.0.weight",
      "backbone.levels.1.blocks.4.res_post_norm1.0.bias",
      "backbone.levels.1.blocks.4.res_post_norm2.0.weight",
      "backbone.levels.1.blocks.4.res_post_norm2.0.bias"
    ],
    "lr_scale": 0.12851215656510312,
    "lr": 1.2851215656510314e-06,
    "weight_decay": 0.0
  },
  "layer_11_decay": {
    "param_names": [
      "backbone.levels.1.blocks.4.dcn.center_feature_scale_proj_weight",
      "backbone.levels.1.blocks.4.dcn.dw_conv.0.weight",
      "backbone.levels.1.blocks.4.dcn.offset.weight",
      "backbone.levels.1.blocks.4.dcn.mask.weight",
      "backbone.levels.1.blocks.4.dcn.input_proj.weight",
      "backbone.levels.1.blocks.4.dcn.output_proj.weight",
      "backbone.levels.1.blocks.4.mlp.fc1.weight",
      "backbone.levels.1.blocks.4.mlp.fc2.weight"
    ],
    "lr_scale": 0.12851215656510312,
    "lr": 1.2851215656510314e-06,
    "weight_decay": 0.05
  },
  "layer_12_no_decay": {
    "param_names": [
      "backbone.levels.1.blocks.5.norm1.0.weight",
      "backbone.levels.1.blocks.5.norm1.0.bias",
      "backbone.levels.1.blocks.5.dcn.center_feature_scale_proj_bias",
      "backbone.levels.1.blocks.5.dcn.dw_conv.0.bias",
      "backbone.levels.1.blocks.5.dcn.dw_conv.1.1.weight",
      "backbone.levels.1.blocks.5.dcn.dw_conv.1.1.bias",
      "backbone.levels.1.blocks.5.dcn.offset.bias",
      "backbone.levels.1.blocks.5.dcn.mask.bias",
      "backbone.levels.1.blocks.5.dcn.input_proj.bias",
      "backbone.levels.1.blocks.5.dcn.output_proj.bias",
      "backbone.levels.1.blocks.5.norm2.0.weight",
      "backbone.levels.1.blocks.5.norm2.0.bias",
      "backbone.levels.1.blocks.5.mlp.fc1.bias",
      "backbone.levels.1.blocks.5.mlp.fc2.bias",
      "backbone.levels.1.blocks.5.res_post_norm1.0.weight",
      "backbone.levels.1.blocks.5.res_post_norm1.0.bias",
      "backbone.levels.1.blocks.5.res_post_norm2.0.weight",
      "backbone.levels.1.blocks.5.res_post_norm2.0.bias"
    ],
    "lr_scale": 0.13527595427905592,
    "lr": 1.3527595427905593e-06,
    "weight_decay": 0.0
  },
  "layer_12_decay": {
    "param_names": [
      "backbone.levels.1.blocks.5.dcn.center_feature_scale_proj_weight",
      "backbone.levels.1.blocks.5.dcn.dw_conv.0.weight",
      "backbone.levels.1.blocks.5.dcn.offset.weight",
      "backbone.levels.1.blocks.5.dcn.mask.weight",
      "backbone.levels.1.blocks.5.dcn.input_proj.weight",
      "backbone.levels.1.blocks.5.dcn.output_proj.weight",
      "backbone.levels.1.blocks.5.mlp.fc1.weight",
      "backbone.levels.1.blocks.5.mlp.fc2.weight"
    ],
    "lr_scale": 0.13527595427905592,
    "lr": 1.3527595427905593e-06,
    "weight_decay": 0.05
  },
  "layer_13_no_decay": {
    "param_names": [
      "backbone.levels.1.norm.0.weight",
      "backbone.levels.1.norm.0.bias",
      "backbone.levels.1.downsample.norm.1.weight",
      "backbone.levels.1.downsample.norm.1.bias",
      "backbone.levels.2.blocks.0.norm1.0.weight",
      "backbone.levels.2.blocks.0.norm1.0.bias",
      "backbone.levels.2.blocks.0.dcn.center_feature_scale_proj_bias",
      "backbone.levels.2.blocks.0.dcn.dw_conv.0.bias",
      "backbone.levels.2.blocks.0.dcn.dw_conv.1.1.weight",
      "backbone.levels.2.blocks.0.dcn.dw_conv.1.1.bias",
      "backbone.levels.2.blocks.0.dcn.offset.bias",
      "backbone.levels.2.blocks.0.dcn.mask.bias",
      "backbone.levels.2.blocks.0.dcn.input_proj.bias",
      "backbone.levels.2.blocks.0.dcn.output_proj.bias",
      "backbone.levels.2.blocks.0.norm2.0.weight",
      "backbone.levels.2.blocks.0.norm2.0.bias",
      "backbone.levels.2.blocks.0.mlp.fc1.bias",
      "backbone.levels.2.blocks.0.mlp.fc2.bias",
      "backbone.levels.2.blocks.0.res_post_norm1.0.weight",
      "backbone.levels.2.blocks.0.res_post_norm1.0.bias",
      "backbone.levels.2.blocks.0.res_post_norm2.0.weight",
      "backbone.levels.2.blocks.0.res_post_norm2.0.bias",
      "backbone.levels.2.post_norms.0.0.weight",
      "backbone.levels.2.post_norms.0.0.bias"
    ],
    "lr_scale": 0.14239574134637467,
    "lr": 1.4239574134637468e-06,
    "weight_decay": 0.0
  },
  "layer_13_decay": {
    "param_names": [
      "backbone.levels.1.downsample.conv.weight",
      "backbone.levels.2.blocks.0.dcn.center_feature_scale_proj_weight",
      "backbone.levels.2.blocks.0.dcn.dw_conv.0.weight",
      "backbone.levels.2.blocks.0.dcn.offset.weight",
      "backbone.levels.2.blocks.0.dcn.mask.weight",
      "backbone.levels.2.blocks.0.dcn.input_proj.weight",
      "backbone.levels.2.blocks.0.dcn.output_proj.weight",
      "backbone.levels.2.blocks.0.mlp.fc1.weight",
      "backbone.levels.2.blocks.0.mlp.fc2.weight"
    ],
    "lr_scale": 0.14239574134637467,
    "lr": 1.4239574134637468e-06,
    "weight_decay": 0.05
  },
  "layer_14_no_decay": {
    "param_names": [
      "backbone.levels.2.blocks.1.norm1.0.weight",
      "backbone.levels.2.blocks.1.norm1.0.bias",
      "backbone.levels.2.blocks.1.dcn.center_feature_scale_proj_bias",
      "backbone.levels.2.blocks.1.dcn.dw_conv.0.bias",
      "backbone.levels.2.blocks.1.dcn.dw_conv.1.1.weight",
      "backbone.levels.2.blocks.1.dcn.dw_conv.1.1.bias",
      "backbone.levels.2.blocks.1.dcn.offset.bias",
      "backbone.levels.2.blocks.1.dcn.mask.bias",
      "backbone.levels.2.blocks.1.dcn.input_proj.bias",
      "backbone.levels.2.blocks.1.dcn.output_proj.bias",
      "backbone.levels.2.blocks.1.norm2.0.weight",
      "backbone.levels.2.blocks.1.norm2.0.bias",
      "backbone.levels.2.blocks.1.mlp.fc1.bias",
      "backbone.levels.2.blocks.1.mlp.fc2.bias",
      "backbone.levels.2.blocks.1.res_post_norm1.0.weight",
      "backbone.levels.2.blocks.1.res_post_norm1.0.bias",
      "backbone.levels.2.blocks.1.res_post_norm2.0.weight",
      "backbone.levels.2.blocks.1.res_post_norm2.0.bias",
      "backbone.levels.2.post_norms.1.0.weight",
      "backbone.levels.2.post_norms.1.0.bias"
    ],
    "lr_scale": 0.14989025404881545,
    "lr": 1.4989025404881547e-06,
    "weight_decay": 0.0
  },
  "layer_14_decay": {
    "param_names": [
      "backbone.levels.2.blocks.1.dcn.center_feature_scale_proj_weight",
      "backbone.levels.2.blocks.1.dcn.dw_conv.0.weight",
      "backbone.levels.2.blocks.1.dcn.offset.weight",
      "backbone.levels.2.blocks.1.dcn.mask.weight",
      "backbone.levels.2.blocks.1.dcn.input_proj.weight",
      "backbone.levels.2.blocks.1.dcn.output_proj.weight",
      "backbone.levels.2.blocks.1.mlp.fc1.weight",
      "backbone.levels.2.blocks.1.mlp.fc2.weight"
    ],
    "lr_scale": 0.14989025404881545,
    "lr": 1.4989025404881547e-06,
    "weight_decay": 0.05
  },
  "layer_15_no_decay": {
    "param_names": [
      "backbone.levels.2.blocks.2.norm1.0.weight",
      "backbone.levels.2.blocks.2.norm1.0.bias",
      "backbone.levels.2.blocks.2.dcn.center_feature_scale_proj_bias",
      "backbone.levels.2.blocks.2.dcn.dw_conv.0.bias",
      "backbone.levels.2.blocks.2.dcn.dw_conv.1.1.weight",
      "backbone.levels.2.blocks.2.dcn.dw_conv.1.1.bias",
      "backbone.levels.2.blocks.2.dcn.offset.bias",
      "backbone.levels.2.blocks.2.dcn.mask.bias",
      "backbone.levels.2.blocks.2.dcn.input_proj.bias",
      "backbone.levels.2.blocks.2.dcn.output_proj.bias",
      "backbone.levels.2.blocks.2.norm2.0.weight",
      "backbone.levels.2.blocks.2.norm2.0.bias",
      "backbone.levels.2.blocks.2.mlp.fc1.bias",
      "backbone.levels.2.blocks.2.mlp.fc2.bias",
      "backbone.levels.2.blocks.2.res_post_norm1.0.weight",
      "backbone.levels.2.blocks.2.res_post_norm1.0.bias",
      "backbone.levels.2.blocks.2.res_post_norm2.0.weight",
      "backbone.levels.2.blocks.2.res_post_norm2.0.bias",
      "backbone.levels.2.post_norms.2.0.weight",
      "backbone.levels.2.post_norms.2.0.bias"
    ],
    "lr_scale": 0.1577792147882268,
    "lr": 1.577792147882268e-06,
    "weight_decay": 0.0
  },
  "layer_15_decay": {
    "param_names": [
      "backbone.levels.2.blocks.2.dcn.center_feature_scale_proj_weight",
      "backbone.levels.2.blocks.2.dcn.dw_conv.0.weight",
      "backbone.levels.2.blocks.2.dcn.offset.weight",
      "backbone.levels.2.blocks.2.dcn.mask.weight",
      "backbone.levels.2.blocks.2.dcn.input_proj.weight",
      "backbone.levels.2.blocks.2.dcn.output_proj.weight",
      "backbone.levels.2.blocks.2.mlp.fc1.weight",
      "backbone.levels.2.blocks.2.mlp.fc2.weight"
    ],
    "lr_scale": 0.1577792147882268,
    "lr": 1.577792147882268e-06,
    "weight_decay": 0.05
  },
  "layer_16_no_decay": {
    "param_names": [
      "backbone.levels.2.blocks.3.norm1.0.weight",
      "backbone.levels.2.blocks.3.norm1.0.bias",
      "backbone.levels.2.blocks.3.dcn.center_feature_scale_proj_bias",
      "backbone.levels.2.blocks.3.dcn.dw_conv.0.bias",
      "backbone.levels.2.blocks.3.dcn.dw_conv.1.1.weight",
      "backbone.levels.2.blocks.3.dcn.dw_conv.1.1.bias",
      "backbone.levels.2.blocks.3.dcn.offset.bias",
      "backbone.levels.2.blocks.3.dcn.mask.bias",
      "backbone.levels.2.blocks.3.dcn.input_proj.bias",
      "backbone.levels.2.blocks.3.dcn.output_proj.bias",
      "backbone.levels.2.blocks.3.norm2.0.weight",
      "backbone.levels.2.blocks.3.norm2.0.bias",
      "backbone.levels.2.blocks.3.mlp.fc1.bias",
      "backbone.levels.2.blocks.3.mlp.fc2.bias",
      "backbone.levels.2.blocks.3.res_post_norm1.0.weight",
      "backbone.levels.2.blocks.3.res_post_norm1.0.bias",
      "backbone.levels.2.blocks.3.res_post_norm2.0.weight",
      "backbone.levels.2.blocks.3.res_post_norm2.0.bias",
      "backbone.levels.2.post_norms.3.0.weight",
      "backbone.levels.2.post_norms.3.0.bias"
    ],
    "lr_scale": 0.16608338398760716,
    "lr": 1.6608338398760719e-06,
    "weight_decay": 0.0
  },
  "layer_16_decay": {
    "param_names": [
      "backbone.levels.2.blocks.3.dcn.center_feature_scale_proj_weight",
      "backbone.levels.2.blocks.3.dcn.dw_conv.0.weight",
      "backbone.levels.2.blocks.3.dcn.offset.weight",
      "backbone.levels.2.blocks.3.dcn.mask.weight",
      "backbone.levels.2.blocks.3.dcn.input_proj.weight",
      "backbone.levels.2.blocks.3.dcn.output_proj.weight",
      "backbone.levels.2.blocks.3.mlp.fc1.weight",
      "backbone.levels.2.blocks.3.mlp.fc2.weight"
    ],
    "lr_scale": 0.16608338398760716,
    "lr": 1.6608338398760719e-06,
    "weight_decay": 0.05
  },
  "layer_17_no_decay": {
    "param_names": [
      "backbone.levels.2.blocks.4.norm1.0.weight",
      "backbone.levels.2.blocks.4.norm1.0.bias",
      "backbone.levels.2.blocks.4.dcn.center_feature_scale_proj_bias",
      "backbone.levels.2.blocks.4.dcn.dw_conv.0.bias",
      "backbone.levels.2.blocks.4.dcn.dw_conv.1.1.weight",
      "backbone.levels.2.blocks.4.dcn.dw_conv.1.1.bias",
      "backbone.levels.2.blocks.4.dcn.offset.bias",
      "backbone.levels.2.blocks.4.dcn.mask.bias",
      "backbone.levels.2.blocks.4.dcn.input_proj.bias",
      "backbone.levels.2.blocks.4.dcn.output_proj.bias",
      "backbone.levels.2.blocks.4.norm2.0.weight",
      "backbone.levels.2.blocks.4.norm2.0.bias",
      "backbone.levels.2.blocks.4.mlp.fc1.bias",
      "backbone.levels.2.blocks.4.mlp.fc2.bias",
      "backbone.levels.2.blocks.4.res_post_norm1.0.weight",
      "backbone.levels.2.blocks.4.res_post_norm1.0.bias",
      "backbone.levels.2.blocks.4.res_post_norm2.0.weight",
      "backbone.levels.2.blocks.4.res_post_norm2.0.bias",
      "backbone.levels.2.post_norms.4.0.weight",
      "backbone.levels.2.post_norms.4.0.bias"
    ],
    "lr_scale": 0.174824614723797,
    "lr": 1.7482461472379704e-06,
    "weight_decay": 0.0
  },
  "layer_17_decay": {
    "param_names": [
      "backbone.levels.2.blocks.4.dcn.center_feature_scale_proj_weight",
      "backbone.levels.2.blocks.4.dcn.dw_conv.0.weight",
      "backbone.levels.2.blocks.4.dcn.offset.weight",
      "backbone.levels.2.blocks.4.dcn.mask.weight",
      "backbone.levels.2.blocks.4.dcn.input_proj.weight",
      "backbone.levels.2.blocks.4.dcn.output_proj.weight",
      "backbone.levels.2.blocks.4.mlp.fc1.weight",
      "backbone.levels.2.blocks.4.mlp.fc2.weight"
    ],
    "lr_scale": 0.174824614723797,
    "lr": 1.7482461472379704e-06,
    "weight_decay": 0.05
  },
  "layer_18_no_decay": {
    "param_names": [
      "backbone.levels.2.blocks.5.norm1.0.weight",
      "backbone.levels.2.blocks.5.norm1.0.bias",
      "backbone.levels.2.blocks.5.dcn.center_feature_scale_proj_bias",
      "backbone.levels.2.blocks.5.dcn.dw_conv.0.bias",
      "backbone.levels.2.blocks.5.dcn.dw_conv.1.1.weight",
      "backbone.levels.2.blocks.5.dcn.dw_conv.1.1.bias",
      "backbone.levels.2.blocks.5.dcn.offset.bias",
      "backbone.levels.2.blocks.5.dcn.mask.bias",
      "backbone.levels.2.blocks.5.dcn.input_proj.bias",
      "backbone.levels.2.blocks.5.dcn.output_proj.bias",
      "backbone.levels.2.blocks.5.norm2.0.weight",
      "backbone.levels.2.blocks.5.norm2.0.bias",
      "backbone.levels.2.blocks.5.mlp.fc1.bias",
      "backbone.levels.2.blocks.5.mlp.fc2.bias",
      "backbone.levels.2.blocks.5.res_post_norm1.0.weight",
      "backbone.levels.2.blocks.5.res_post_norm1.0.bias",
      "backbone.levels.2.blocks.5.res_post_norm2.0.weight",
      "backbone.levels.2.blocks.5.res_post_norm2.0.bias"
    ],
    "lr_scale": 0.18402591023557582,
    "lr": 1.8402591023557584e-06,
    "weight_decay": 0.0
  },
  "layer_18_decay": {
    "param_names": [
      "backbone.levels.2.blocks.5.dcn.center_feature_scale_proj_weight",
      "backbone.levels.2.blocks.5.dcn.dw_conv.0.weight",
      "backbone.levels.2.blocks.5.dcn.offset.weight",
      "backbone.levels.2.blocks.5.dcn.mask.weight",
      "backbone.levels.2.blocks.5.dcn.input_proj.weight",
      "backbone.levels.2.blocks.5.dcn.output_proj.weight",
      "backbone.levels.2.blocks.5.mlp.fc1.weight",
      "backbone.levels.2.blocks.5.mlp.fc2.weight"
    ],
    "lr_scale": 0.18402591023557582,
    "lr": 1.8402591023557584e-06,
    "weight_decay": 0.05
  },
  "layer_19_no_decay": {
    "param_names": [
      "backbone.levels.2.blocks.6.norm1.0.weight",
      "backbone.levels.2.blocks.6.norm1.0.bias",
      "backbone.levels.2.blocks.6.dcn.center_feature_scale_proj_bias",
      "backbone.levels.2.blocks.6.dcn.dw_conv.0.bias",
      "backbone.levels.2.blocks.6.dcn.dw_conv.1.1.weight",
      "backbone.levels.2.blocks.6.dcn.dw_conv.1.1.bias",
      "backbone.levels.2.blocks.6.dcn.offset.bias",
      "backbone.levels.2.blocks.6.dcn.mask.bias",
      "backbone.levels.2.blocks.6.dcn.input_proj.bias",
      "backbone.levels.2.blocks.6.dcn.output_proj.bias",
      "backbone.levels.2.blocks.6.norm2.0.weight",
      "backbone.levels.2.blocks.6.norm2.0.bias",
      "backbone.levels.2.blocks.6.mlp.fc1.bias",
      "backbone.levels.2.blocks.6.mlp.fc2.bias",
      "backbone.levels.2.blocks.6.res_post_norm1.0.weight",
      "backbone.levels.2.blocks.6.res_post_norm1.0.bias",
      "backbone.levels.2.blocks.6.res_post_norm2.0.weight",
      "backbone.levels.2.blocks.6.res_post_norm2.0.bias"
    ],
    "lr_scale": 0.19371148445850087,
    "lr": 1.937114844585009e-06,
    "weight_decay": 0.0
  },
  "layer_19_decay": {
    "param_names": [
      "backbone.levels.2.blocks.6.dcn.center_feature_scale_proj_weight",
      "backbone.levels.2.blocks.6.dcn.dw_conv.0.weight",
      "backbone.levels.2.blocks.6.dcn.offset.weight",
      "backbone.levels.2.blocks.6.dcn.mask.weight",
      "backbone.levels.2.blocks.6.dcn.input_proj.weight",
      "backbone.levels.2.blocks.6.dcn.output_proj.weight",
      "backbone.levels.2.blocks.6.mlp.fc1.weight",
      "backbone.levels.2.blocks.6.mlp.fc2.weight"
    ],
    "lr_scale": 0.19371148445850087,
    "lr": 1.937114844585009e-06,
    "weight_decay": 0.05
  },
  "layer_20_no_decay": {
    "param_names": [
      "backbone.levels.2.blocks.7.norm1.0.weight",
      "backbone.levels.2.blocks.7.norm1.0.bias",
      "backbone.levels.2.blocks.7.dcn.center_feature_scale_proj_bias",
      "backbone.levels.2.blocks.7.dcn.dw_conv.0.bias",
      "backbone.levels.2.blocks.7.dcn.dw_conv.1.1.weight",
      "backbone.levels.2.blocks.7.dcn.dw_conv.1.1.bias",
      "backbone.levels.2.blocks.7.dcn.offset.bias",
      "backbone.levels.2.blocks.7.dcn.mask.bias",
      "backbone.levels.2.blocks.7.dcn.input_proj.bias",
      "backbone.levels.2.blocks.7.dcn.output_proj.bias",
      "backbone.levels.2.blocks.7.norm2.0.weight",
      "backbone.levels.2.blocks.7.norm2.0.bias",
      "backbone.levels.2.blocks.7.mlp.fc1.bias",
      "backbone.levels.2.blocks.7.mlp.fc2.bias",
      "backbone.levels.2.blocks.7.res_post_norm1.0.weight",
      "backbone.levels.2.blocks.7.res_post_norm1.0.bias",
      "backbone.levels.2.blocks.7.res_post_norm2.0.weight",
      "backbone.levels.2.blocks.7.res_post_norm2.0.bias"
    ],
    "lr_scale": 0.2039068257457904,
    "lr": 2.039068257457904e-06,
    "weight_decay": 0.0
  },
  "layer_20_decay": {
    "param_names": [
      "backbone.levels.2.blocks.7.dcn.center_feature_scale_proj_weight",
      "backbone.levels.2.blocks.7.dcn.dw_conv.0.weight",
      "backbone.levels.2.blocks.7.dcn.offset.weight",
      "backbone.levels.2.blocks.7.dcn.mask.weight",
      "backbone.levels.2.blocks.7.dcn.input_proj.weight",
      "backbone.levels.2.blocks.7.dcn.output_proj.weight",
      "backbone.levels.2.blocks.7.mlp.fc1.weight",
      "backbone.levels.2.blocks.7.mlp.fc2.weight"
    ],
    "lr_scale": 0.2039068257457904,
    "lr": 2.039068257457904e-06,
    "weight_decay": 0.05
  },
  "layer_21_no_decay": {
    "param_names": [
      "backbone.levels.2.blocks.8.norm1.0.weight",
      "backbone.levels.2.blocks.8.norm1.0.bias",
      "backbone.levels.2.blocks.8.dcn.center_feature_scale_proj_bias",
      "backbone.levels.2.blocks.8.dcn.dw_conv.0.bias",
      "backbone.levels.2.blocks.8.dcn.dw_conv.1.1.weight",
      "backbone.levels.2.blocks.8.dcn.dw_conv.1.1.bias",
      "backbone.levels.2.blocks.8.dcn.offset.bias",
      "backbone.levels.2.blocks.8.dcn.mask.bias",
      "backbone.levels.2.blocks.8.dcn.input_proj.bias",
      "backbone.levels.2.blocks.8.dcn.output_proj.bias",
      "backbone.levels.2.blocks.8.norm2.0.weight",
      "backbone.levels.2.blocks.8.norm2.0.bias",
      "backbone.levels.2.blocks.8.mlp.fc1.bias",
      "backbone.levels.2.blocks.8.mlp.fc2.bias",
      "backbone.levels.2.blocks.8.res_post_norm1.0.weight",
      "backbone.levels.2.blocks.8.res_post_norm1.0.bias",
      "backbone.levels.2.blocks.8.res_post_norm2.0.weight",
      "backbone.levels.2.blocks.8.res_post_norm2.0.bias"
    ],
    "lr_scale": 0.21463876394293727,
    "lr": 2.146387639429373e-06,
    "weight_decay": 0.0
  },
  "layer_21_decay": {
    "param_names": [
      "backbone.levels.2.blocks.8.dcn.center_feature_scale_proj_weight",
      "backbone.levels.2.blocks.8.dcn.dw_conv.0.weight",
      "backbone.levels.2.blocks.8.dcn.offset.weight",
      "backbone.levels.2.blocks.8.dcn.mask.weight",
      "backbone.levels.2.blocks.8.dcn.input_proj.weight",
      "backbone.levels.2.blocks.8.dcn.output_proj.weight",
      "backbone.levels.2.blocks.8.mlp.fc1.weight",
      "backbone.levels.2.blocks.8.mlp.fc2.weight"
    ],
    "lr_scale": 0.21463876394293727,
    "lr": 2.146387639429373e-06,
    "weight_decay": 0.05
  },
  "layer_22_no_decay": {
    "param_names": [
      "backbone.levels.2.blocks.9.norm1.0.weight",
      "backbone.levels.2.blocks.9.norm1.0.bias",
      "backbone.levels.2.blocks.9.dcn.center_feature_scale_proj_bias",
      "backbone.levels.2.blocks.9.dcn.dw_conv.0.bias",
      "backbone.levels.2.blocks.9.dcn.dw_conv.1.1.weight",
      "backbone.levels.2.blocks.9.dcn.dw_conv.1.1.bias",
      "backbone.levels.2.blocks.9.dcn.offset.bias",
      "backbone.levels.2.blocks.9.dcn.mask.bias",
      "backbone.levels.2.blocks.9.dcn.input_proj.bias",
      "backbone.levels.2.blocks.9.dcn.output_proj.bias",
      "backbone.levels.2.blocks.9.norm2.0.weight",
      "backbone.levels.2.blocks.9.norm2.0.bias",
      "backbone.levels.2.blocks.9.mlp.fc1.bias",
      "backbone.levels.2.blocks.9.mlp.fc2.bias",
      "backbone.levels.2.blocks.9.res_post_norm1.0.weight",
      "backbone.levels.2.blocks.9.res_post_norm1.0.bias",
      "backbone.levels.2.blocks.9.res_post_norm2.0.weight",
      "backbone.levels.2.blocks.9.res_post_norm2.0.bias"
    ],
    "lr_scale": 0.22593554099256555,
    "lr": 2.2593554099256557e-06,
    "weight_decay": 0.0
  },
  "layer_22_decay": {
    "param_names": [
      "backbone.levels.2.blocks.9.dcn.center_feature_scale_proj_weight",
      "backbone.levels.2.blocks.9.dcn.dw_conv.0.weight",
      "backbone.levels.2.blocks.9.dcn.offset.weight",
      "backbone.levels.2.blocks.9.dcn.mask.weight",
      "backbone.levels.2.blocks.9.dcn.input_proj.weight",
      "backbone.levels.2.blocks.9.dcn.output_proj.weight",
      "backbone.levels.2.blocks.9.mlp.fc1.weight",
      "backbone.levels.2.blocks.9.mlp.fc2.weight"
    ],
    "lr_scale": 0.22593554099256555,
    "lr": 2.2593554099256557e-06,
    "weight_decay": 0.05
  },
  "layer_23_no_decay": {
    "param_names": [
      "backbone.levels.2.blocks.10.norm1.0.weight",
      "backbone.levels.2.blocks.10.norm1.0.bias",
      "backbone.levels.2.blocks.10.dcn.center_feature_scale_proj_bias",
      "backbone.levels.2.blocks.10.dcn.dw_conv.0.bias",
      "backbone.levels.2.blocks.10.dcn.dw_conv.1.1.weight",
      "backbone.levels.2.blocks.10.dcn.dw_conv.1.1.bias",
      "backbone.levels.2.blocks.10.dcn.offset.bias",
      "backbone.levels.2.blocks.10.dcn.mask.bias",
      "backbone.levels.2.blocks.10.dcn.input_proj.bias",
      "backbone.levels.2.blocks.10.dcn.output_proj.bias",
      "backbone.levels.2.blocks.10.norm2.0.weight",
      "backbone.levels.2.blocks.10.norm2.0.bias",
      "backbone.levels.2.blocks.10.mlp.fc1.bias",
      "backbone.levels.2.blocks.10.mlp.fc2.bias",
      "backbone.levels.2.blocks.10.res_post_norm1.0.weight",
      "backbone.levels.2.blocks.10.res_post_norm1.0.bias",
      "backbone.levels.2.blocks.10.res_post_norm2.0.weight",
      "backbone.levels.2.blocks.10.res_post_norm2.0.bias"
    ],
    "lr_scale": 0.23782688525533216,
    "lr": 2.378268852553322e-06,
    "weight_decay": 0.0
  },
  "layer_23_decay": {
    "param_names": [
      "backbone.levels.2.blocks.10.dcn.center_feature_scale_proj_weight",
      "backbone.levels.2.blocks.10.dcn.dw_conv.0.weight",
      "backbone.levels.2.blocks.10.dcn.offset.weight",
      "backbone.levels.2.blocks.10.dcn.mask.weight",
      "backbone.levels.2.blocks.10.dcn.input_proj.weight",
      "backbone.levels.2.blocks.10.dcn.output_proj.weight",
      "backbone.levels.2.blocks.10.mlp.fc1.weight",
      "backbone.levels.2.blocks.10.mlp.fc2.weight"
    ],
    "lr_scale": 0.23782688525533216,
    "lr": 2.378268852553322e-06,
    "weight_decay": 0.05
  },
  "layer_24_no_decay": {
    "param_names": [
      "backbone.levels.2.blocks.11.norm1.0.weight",
      "backbone.levels.2.blocks.11.norm1.0.bias",
      "backbone.levels.2.blocks.11.dcn.center_feature_scale_proj_bias",
      "backbone.levels.2.blocks.11.dcn.dw_conv.0.bias",
      "backbone.levels.2.blocks.11.dcn.dw_conv.1.1.weight",
      "backbone.levels.2.blocks.11.dcn.dw_conv.1.1.bias",
      "backbone.levels.2.blocks.11.dcn.offset.bias",
      "backbone.levels.2.blocks.11.dcn.mask.bias",
      "backbone.levels.2.blocks.11.dcn.input_proj.bias",
      "backbone.levels.2.blocks.11.dcn.output_proj.bias",
      "backbone.levels.2.blocks.11.norm2.0.weight",
      "backbone.levels.2.blocks.11.norm2.0.bias",
      "backbone.levels.2.blocks.11.mlp.fc1.bias",
      "backbone.levels.2.blocks.11.mlp.fc2.bias",
      "backbone.levels.2.blocks.11.res_post_norm1.0.weight",
      "backbone.levels.2.blocks.11.res_post_norm1.0.bias",
      "backbone.levels.2.blocks.11.res_post_norm2.0.weight",
      "backbone.levels.2.blocks.11.res_post_norm2.0.bias"
    ],
    "lr_scale": 0.2503440897424549,
    "lr": 2.5034408974245495e-06,
    "weight_decay": 0.0
  },
  "layer_24_decay": {
    "param_names": [
      "backbone.levels.2.blocks.11.dcn.center_feature_scale_proj_weight",
      "backbone.levels.2.blocks.11.dcn.dw_conv.0.weight",
      "backbone.levels.2.blocks.11.dcn.offset.weight",
      "backbone.levels.2.blocks.11.dcn.mask.weight",
      "backbone.levels.2.blocks.11.dcn.input_proj.weight",
      "backbone.levels.2.blocks.11.dcn.output_proj.weight",
      "backbone.levels.2.blocks.11.mlp.fc1.weight",
      "backbone.levels.2.blocks.11.mlp.fc2.weight"
    ],
    "lr_scale": 0.2503440897424549,
    "lr": 2.5034408974245495e-06,
    "weight_decay": 0.05
  },
  "layer_25_no_decay": {
    "param_names": [
      "backbone.levels.2.blocks.12.norm1.0.weight",
      "backbone.levels.2.blocks.12.norm1.0.bias",
      "backbone.levels.2.blocks.12.dcn.center_feature_scale_proj_bias",
      "backbone.levels.2.blocks.12.dcn.dw_conv.0.bias",
      "backbone.levels.2.blocks.12.dcn.dw_conv.1.1.weight",
      "backbone.levels.2.blocks.12.dcn.dw_conv.1.1.bias",
      "backbone.levels.2.blocks.12.dcn.offset.bias",
      "backbone.levels.2.blocks.12.dcn.mask.bias",
      "backbone.levels.2.blocks.12.dcn.input_proj.bias",
      "backbone.levels.2.blocks.12.dcn.output_proj.bias",
      "backbone.levels.2.blocks.12.norm2.0.weight",
      "backbone.levels.2.blocks.12.norm2.0.bias",
      "backbone.levels.2.blocks.12.mlp.fc1.bias",
      "backbone.levels.2.blocks.12.mlp.fc2.bias",
      "backbone.levels.2.blocks.12.res_post_norm1.0.weight",
      "backbone.levels.2.blocks.12.res_post_norm1.0.bias",
      "backbone.levels.2.blocks.12.res_post_norm2.0.weight",
      "backbone.levels.2.blocks.12.res_post_norm2.0.bias"
    ],
    "lr_scale": 0.26352009446574204,
    "lr": 2.6352009446574206e-06,
    "weight_decay": 0.0
  },
  "layer_25_decay": {
    "param_names": [
      "backbone.levels.2.blocks.12.dcn.center_feature_scale_proj_weight",
      "backbone.levels.2.blocks.12.dcn.dw_conv.0.weight",
      "backbone.levels.2.blocks.12.dcn.offset.weight",
      "backbone.levels.2.blocks.12.dcn.mask.weight",
      "backbone.levels.2.blocks.12.dcn.input_proj.weight",
      "backbone.levels.2.blocks.12.dcn.output_proj.weight",
      "backbone.levels.2.blocks.12.mlp.fc1.weight",
      "backbone.levels.2.blocks.12.mlp.fc2.weight"
    ],
    "lr_scale": 0.26352009446574204,
    "lr": 2.6352009446574206e-06,
    "weight_decay": 0.05
  },
  "layer_26_no_decay": {
    "param_names": [
      "backbone.levels.2.blocks.13.norm1.0.weight",
      "backbone.levels.2.blocks.13.norm1.0.bias",
      "backbone.levels.2.blocks.13.dcn.center_feature_scale_proj_bias",
      "backbone.levels.2.blocks.13.dcn.dw_conv.0.bias",
      "backbone.levels.2.blocks.13.dcn.dw_conv.1.1.weight",
      "backbone.levels.2.blocks.13.dcn.dw_conv.1.1.bias",
      "backbone.levels.2.blocks.13.dcn.offset.bias",
      "backbone.levels.2.blocks.13.dcn.mask.bias",
      "backbone.levels.2.blocks.13.dcn.input_proj.bias",
      "backbone.levels.2.blocks.13.dcn.output_proj.bias",
      "backbone.levels.2.blocks.13.norm2.0.weight",
      "backbone.levels.2.blocks.13.norm2.0.bias",
      "backbone.levels.2.blocks.13.mlp.fc1.bias",
      "backbone.levels.2.blocks.13.mlp.fc2.bias",
      "backbone.levels.2.blocks.13.res_post_norm1.0.weight",
      "backbone.levels.2.blocks.13.res_post_norm1.0.bias",
      "backbone.levels.2.blocks.13.res_post_norm2.0.weight",
      "backbone.levels.2.blocks.13.res_post_norm2.0.bias"
    ],
    "lr_scale": 0.27738957312183377,
    "lr": 2.7738957312183377e-06,
    "weight_decay": 0.0
  },
  "layer_26_decay": {
    "param_names": [
      "backbone.levels.2.blocks.13.dcn.center_feature_scale_proj_weight",
      "backbone.levels.2.blocks.13.dcn.dw_conv.0.weight",
      "backbone.levels.2.blocks.13.dcn.offset.weight",
      "backbone.levels.2.blocks.13.dcn.mask.weight",
      "backbone.levels.2.blocks.13.dcn.input_proj.weight",
      "backbone.levels.2.blocks.13.dcn.output_proj.weight",
      "backbone.levels.2.blocks.13.mlp.fc1.weight",
      "backbone.levels.2.blocks.13.mlp.fc2.weight"
    ],
    "lr_scale": 0.27738957312183377,
    "lr": 2.7738957312183377e-06,
    "weight_decay": 0.05
  },
  "layer_27_no_decay": {
    "param_names": [
      "backbone.levels.2.blocks.14.norm1.0.weight",
      "backbone.levels.2.blocks.14.norm1.0.bias",
      "backbone.levels.2.blocks.14.dcn.center_feature_scale_proj_bias",
      "backbone.levels.2.blocks.14.dcn.dw_conv.0.bias",
      "backbone.levels.2.blocks.14.dcn.dw_conv.1.1.weight",
      "backbone.levels.2.blocks.14.dcn.dw_conv.1.1.bias",
      "backbone.levels.2.blocks.14.dcn.offset.bias",
      "backbone.levels.2.blocks.14.dcn.mask.bias",
      "backbone.levels.2.blocks.14.dcn.input_proj.bias",
      "backbone.levels.2.blocks.14.dcn.output_proj.bias",
      "backbone.levels.2.blocks.14.norm2.0.weight",
      "backbone.levels.2.blocks.14.norm2.0.bias",
      "backbone.levels.2.blocks.14.mlp.fc1.bias",
      "backbone.levels.2.blocks.14.mlp.fc2.bias",
      "backbone.levels.2.blocks.14.res_post_norm1.0.weight",
      "backbone.levels.2.blocks.14.res_post_norm1.0.bias",
      "backbone.levels.2.blocks.14.res_post_norm2.0.weight",
      "backbone.levels.2.blocks.14.res_post_norm2.0.bias"
    ],
    "lr_scale": 0.2919890243387724,
    "lr": 2.919890243387724e-06,
    "weight_decay": 0.0
  },
  "layer_27_decay": {
    "param_names": [
      "backbone.levels.2.blocks.14.dcn.center_feature_scale_proj_weight",
      "backbone.levels.2.blocks.14.dcn.dw_conv.0.weight",
      "backbone.levels.2.blocks.14.dcn.offset.weight",
      "backbone.levels.2.blocks.14.dcn.mask.weight",
      "backbone.levels.2.blocks.14.dcn.input_proj.weight",
      "backbone.levels.2.blocks.14.dcn.output_proj.weight",
      "backbone.levels.2.blocks.14.mlp.fc1.weight",
      "backbone.levels.2.blocks.14.mlp.fc2.weight"
    ],
    "lr_scale": 0.2919890243387724,
    "lr": 2.919890243387724e-06,
    "weight_decay": 0.05
  },
  "layer_28_no_decay": {
    "param_names": [
      "backbone.levels.2.blocks.15.norm1.0.weight",
      "backbone.levels.2.blocks.15.norm1.0.bias",
      "backbone.levels.2.blocks.15.dcn.center_feature_scale_proj_bias",
      "backbone.levels.2.blocks.15.dcn.dw_conv.0.bias",
      "backbone.levels.2.blocks.15.dcn.dw_conv.1.1.weight",
      "backbone.levels.2.blocks.15.dcn.dw_conv.1.1.bias",
      "backbone.levels.2.blocks.15.dcn.offset.bias",
      "backbone.levels.2.blocks.15.dcn.mask.bias",
      "backbone.levels.2.blocks.15.dcn.input_proj.bias",
      "backbone.levels.2.blocks.15.dcn.output_proj.bias",
      "backbone.levels.2.blocks.15.norm2.0.weight",
      "backbone.levels.2.blocks.15.norm2.0.bias",
      "backbone.levels.2.blocks.15.mlp.fc1.bias",
      "backbone.levels.2.blocks.15.mlp.fc2.bias",
      "backbone.levels.2.blocks.15.res_post_norm1.0.weight",
      "backbone.levels.2.blocks.15.res_post_norm1.0.bias",
      "backbone.levels.2.blocks.15.res_post_norm2.0.weight",
      "backbone.levels.2.blocks.15.res_post_norm2.0.bias"
    ],
    "lr_scale": 0.3073568677250236,
    "lr": 3.073568677250236e-06,
    "weight_decay": 0.0
  },
  "layer_28_decay": {
    "param_names": [
      "backbone.levels.2.blocks.15.dcn.center_feature_scale_proj_weight",
      "backbone.levels.2.blocks.15.dcn.dw_conv.0.weight",
      "backbone.levels.2.blocks.15.dcn.offset.weight",
      "backbone.levels.2.blocks.15.dcn.mask.weight",
      "backbone.levels.2.blocks.15.dcn.input_proj.weight",
      "backbone.levels.2.blocks.15.dcn.output_proj.weight",
      "backbone.levels.2.blocks.15.mlp.fc1.weight",
      "backbone.levels.2.blocks.15.mlp.fc2.weight"
    ],
    "lr_scale": 0.3073568677250236,
    "lr": 3.073568677250236e-06,
    "weight_decay": 0.05
  },
  "layer_29_no_decay": {
    "param_names": [
      "backbone.levels.2.blocks.16.norm1.0.weight",
      "backbone.levels.2.blocks.16.norm1.0.bias",
      "backbone.levels.2.blocks.16.dcn.center_feature_scale_proj_bias",
      "backbone.levels.2.blocks.16.dcn.dw_conv.0.bias",
      "backbone.levels.2.blocks.16.dcn.dw_conv.1.1.weight",
      "backbone.levels.2.blocks.16.dcn.dw_conv.1.1.bias",
      "backbone.levels.2.blocks.16.dcn.offset.bias",
      "backbone.levels.2.blocks.16.dcn.mask.bias",
      "backbone.levels.2.blocks.16.dcn.input_proj.bias",
      "backbone.levels.2.blocks.16.dcn.output_proj.bias",
      "backbone.levels.2.blocks.16.norm2.0.weight",
      "backbone.levels.2.blocks.16.norm2.0.bias",
      "backbone.levels.2.blocks.16.mlp.fc1.bias",
      "backbone.levels.2.blocks.16.mlp.fc2.bias",
      "backbone.levels.2.blocks.16.res_post_norm1.0.weight",
      "backbone.levels.2.blocks.16.res_post_norm1.0.bias",
      "backbone.levels.2.blocks.16.res_post_norm2.0.weight",
      "backbone.levels.2.blocks.16.res_post_norm2.0.bias"
    ],
    "lr_scale": 0.323533544973709,
    "lr": 3.2353354497370905e-06,
    "weight_decay": 0.0
  },
  "layer_29_decay": {
    "param_names": [
      "backbone.levels.2.blocks.16.dcn.center_feature_scale_proj_weight",
      "backbone.levels.2.blocks.16.dcn.dw_conv.0.weight",
      "backbone.levels.2.blocks.16.dcn.offset.weight",
      "backbone.levels.2.blocks.16.dcn.mask.weight",
      "backbone.levels.2.blocks.16.dcn.input_proj.weight",
      "backbone.levels.2.blocks.16.dcn.output_proj.weight",
      "backbone.levels.2.blocks.16.mlp.fc1.weight",
      "backbone.levels.2.blocks.16.mlp.fc2.weight"
    ],
    "lr_scale": 0.323533544973709,
    "lr": 3.2353354497370905e-06,
    "weight_decay": 0.05
  },
  "layer_30_no_decay": {
    "param_names": [
      "backbone.levels.2.blocks.17.norm1.0.weight",
      "backbone.levels.2.blocks.17.norm1.0.bias",
      "backbone.levels.2.blocks.17.dcn.center_feature_scale_proj_bias",
      "backbone.levels.2.blocks.17.dcn.dw_conv.0.bias",
      "backbone.levels.2.blocks.17.dcn.dw_conv.1.1.weight",
      "backbone.levels.2.blocks.17.dcn.dw_conv.1.1.bias",
      "backbone.levels.2.blocks.17.dcn.offset.bias",
      "backbone.levels.2.blocks.17.dcn.mask.bias",
      "backbone.levels.2.blocks.17.dcn.input_proj.bias",
      "backbone.levels.2.blocks.17.dcn.output_proj.bias",
      "backbone.levels.2.blocks.17.norm2.0.weight",
      "backbone.levels.2.blocks.17.norm2.0.bias",
      "backbone.levels.2.blocks.17.mlp.fc1.bias",
      "backbone.levels.2.blocks.17.mlp.fc2.bias",
      "backbone.levels.2.blocks.17.res_post_norm1.0.weight",
      "backbone.levels.2.blocks.17.res_post_norm1.0.bias",
      "backbone.levels.2.blocks.17.res_post_norm2.0.weight",
      "backbone.levels.2.blocks.17.res_post_norm2.0.bias"
    ],
    "lr_scale": 0.3405616262881148,
    "lr": 3.4056162628811484e-06,
    "weight_decay": 0.0
  },
  "layer_30_decay": {
    "param_names": [
      "backbone.levels.2.blocks.17.dcn.center_feature_scale_proj_weight",
      "backbone.levels.2.blocks.17.dcn.dw_conv.0.weight",
      "backbone.levels.2.blocks.17.dcn.offset.weight",
      "backbone.levels.2.blocks.17.dcn.mask.weight",
      "backbone.levels.2.blocks.17.dcn.input_proj.weight",
      "backbone.levels.2.blocks.17.dcn.output_proj.weight",
      "backbone.levels.2.blocks.17.mlp.fc1.weight",
      "backbone.levels.2.blocks.17.mlp.fc2.weight"
    ],
    "lr_scale": 0.3405616262881148,
    "lr": 3.4056162628811484e-06,
    "weight_decay": 0.05
  },
  "layer_31_no_decay": {
    "param_names": [
      "backbone.levels.2.blocks.18.norm1.0.weight",
      "backbone.levels.2.blocks.18.norm1.0.bias",
      "backbone.levels.2.blocks.18.dcn.center_feature_scale_proj_bias",
      "backbone.levels.2.blocks.18.dcn.dw_conv.0.bias",
      "backbone.levels.2.blocks.18.dcn.dw_conv.1.1.weight",
      "backbone.levels.2.blocks.18.dcn.dw_conv.1.1.bias",
      "backbone.levels.2.blocks.18.dcn.offset.bias",
      "backbone.levels.2.blocks.18.dcn.mask.bias",
      "backbone.levels.2.blocks.18.dcn.input_proj.bias",
      "backbone.levels.2.blocks.18.dcn.output_proj.bias",
      "backbone.levels.2.blocks.18.norm2.0.weight",
      "backbone.levels.2.blocks.18.norm2.0.bias",
      "backbone.levels.2.blocks.18.mlp.fc1.bias",
      "backbone.levels.2.blocks.18.mlp.fc2.bias",
      "backbone.levels.2.blocks.18.res_post_norm1.0.weight",
      "backbone.levels.2.blocks.18.res_post_norm1.0.bias",
      "backbone.levels.2.blocks.18.res_post_norm2.0.weight",
      "backbone.levels.2.blocks.18.res_post_norm2.0.bias"
    ],
    "lr_scale": 0.3584859224085419,
    "lr": 3.584859224085419e-06,
    "weight_decay": 0.0
  },
  "layer_31_decay": {
    "param_names": [
      "backbone.levels.2.blocks.18.dcn.center_feature_scale_proj_weight",
      "backbone.levels.2.blocks.18.dcn.dw_conv.0.weight",
      "backbone.levels.2.blocks.18.dcn.offset.weight",
      "backbone.levels.2.blocks.18.dcn.mask.weight",
      "backbone.levels.2.blocks.18.dcn.input_proj.weight",
      "backbone.levels.2.blocks.18.dcn.output_proj.weight",
      "backbone.levels.2.blocks.18.mlp.fc1.weight",
      "backbone.levels.2.blocks.18.mlp.fc2.weight"
    ],
    "lr_scale": 0.3584859224085419,
    "lr": 3.584859224085419e-06,
    "weight_decay": 0.05
  },
  "layer_32_no_decay": {
    "param_names": [
      "backbone.levels.2.blocks.19.norm1.0.weight",
      "backbone.levels.2.blocks.19.norm1.0.bias",
      "backbone.levels.2.blocks.19.dcn.center_feature_scale_proj_bias",
      "backbone.levels.2.blocks.19.dcn.dw_conv.0.bias",
      "backbone.levels.2.blocks.19.dcn.dw_conv.1.1.weight",
      "backbone.levels.2.blocks.19.dcn.dw_conv.1.1.bias",
      "backbone.levels.2.blocks.19.dcn.offset.bias",
      "backbone.levels.2.blocks.19.dcn.mask.bias",
      "backbone.levels.2.blocks.19.dcn.input_proj.bias",
      "backbone.levels.2.blocks.19.dcn.output_proj.bias",
      "backbone.levels.2.blocks.19.norm2.0.weight",
      "backbone.levels.2.blocks.19.norm2.0.bias",
      "backbone.levels.2.blocks.19.mlp.fc1.bias",
      "backbone.levels.2.blocks.19.mlp.fc2.bias",
      "backbone.levels.2.blocks.19.res_post_norm1.0.weight",
      "backbone.levels.2.blocks.19.res_post_norm1.0.bias",
      "backbone.levels.2.blocks.19.res_post_norm2.0.weight",
      "backbone.levels.2.blocks.19.res_post_norm2.0.bias"
    ],
    "lr_scale": 0.37735360253530725,
    "lr": 3.7735360253530726e-06,
    "weight_decay": 0.0
  },
  "layer_32_decay": {
    "param_names": [
      "backbone.levels.2.blocks.19.dcn.center_feature_scale_proj_weight",
      "backbone.levels.2.blocks.19.dcn.dw_conv.0.weight",
      "backbone.levels.2.blocks.19.dcn.offset.weight",
      "backbone.levels.2.blocks.19.dcn.mask.weight",
      "backbone.levels.2.blocks.19.dcn.input_proj.weight",
      "backbone.levels.2.blocks.19.dcn.output_proj.weight",
      "backbone.levels.2.blocks.19.mlp.fc1.weight",
      "backbone.levels.2.blocks.19.mlp.fc2.weight"
    ],
    "lr_scale": 0.37735360253530725,
    "lr": 3.7735360253530726e-06,
    "weight_decay": 0.05
  },
  "layer_33_no_decay": {
    "param_names": [
      "backbone.levels.2.blocks.20.norm1.0.weight",
      "backbone.levels.2.blocks.20.norm1.0.bias",
      "backbone.levels.2.blocks.20.dcn.center_feature_scale_proj_bias",
      "backbone.levels.2.blocks.20.dcn.dw_conv.0.bias",
      "backbone.levels.2.blocks.20.dcn.dw_conv.1.1.weight",
      "backbone.levels.2.blocks.20.dcn.dw_conv.1.1.bias",
      "backbone.levels.2.blocks.20.dcn.offset.bias",
      "backbone.levels.2.blocks.20.dcn.mask.bias",
      "backbone.levels.2.blocks.20.dcn.input_proj.bias",
      "backbone.levels.2.blocks.20.dcn.output_proj.bias",
      "backbone.levels.2.blocks.20.norm2.0.weight",
      "backbone.levels.2.blocks.20.norm2.0.bias",
      "backbone.levels.2.blocks.20.mlp.fc1.bias",
      "backbone.levels.2.blocks.20.mlp.fc2.bias",
      "backbone.levels.2.blocks.20.res_post_norm1.0.weight",
      "backbone.levels.2.blocks.20.res_post_norm1.0.bias",
      "backbone.levels.2.blocks.20.res_post_norm2.0.weight",
      "backbone.levels.2.blocks.20.res_post_norm2.0.bias"
    ],
    "lr_scale": 0.3972143184582182,
    "lr": 3.972143184582182e-06,
    "weight_decay": 0.0
  },
  "layer_33_decay": {
    "param_names": [
      "backbone.levels.2.blocks.20.dcn.center_feature_scale_proj_weight",
      "backbone.levels.2.blocks.20.dcn.dw_conv.0.weight",
      "backbone.levels.2.blocks.20.dcn.offset.weight",
      "backbone.levels.2.blocks.20.dcn.mask.weight",
      "backbone.levels.2.blocks.20.dcn.input_proj.weight",
      "backbone.levels.2.blocks.20.dcn.output_proj.weight",
      "backbone.levels.2.blocks.20.mlp.fc1.weight",
      "backbone.levels.2.blocks.20.mlp.fc2.weight"
    ],
    "lr_scale": 0.3972143184582182,
    "lr": 3.972143184582182e-06,
    "weight_decay": 0.05
  },
  "layer_34_no_decay": {
    "param_names": [
      "backbone.levels.2.blocks.21.norm1.0.weight",
      "backbone.levels.2.blocks.21.norm1.0.bias",
      "backbone.levels.2.blocks.21.dcn.center_feature_scale_proj_bias",
      "backbone.levels.2.blocks.21.dcn.dw_conv.0.bias",
      "backbone.levels.2.blocks.21.dcn.dw_conv.1.1.weight",
      "backbone.levels.2.blocks.21.dcn.dw_conv.1.1.bias",
      "backbone.levels.2.blocks.21.dcn.offset.bias",
      "backbone.levels.2.blocks.21.dcn.mask.bias",
      "backbone.levels.2.blocks.21.dcn.input_proj.bias",
      "backbone.levels.2.blocks.21.dcn.output_proj.bias",
      "backbone.levels.2.blocks.21.norm2.0.weight",
      "backbone.levels.2.blocks.21.norm2.0.bias",
      "backbone.levels.2.blocks.21.mlp.fc1.bias",
      "backbone.levels.2.blocks.21.mlp.fc2.bias",
      "backbone.levels.2.blocks.21.res_post_norm1.0.weight",
      "backbone.levels.2.blocks.21.res_post_norm1.0.bias",
      "backbone.levels.2.blocks.21.res_post_norm2.0.weight",
      "backbone.levels.2.blocks.21.res_post_norm2.0.bias"
    ],
    "lr_scale": 0.4181203352191771,
    "lr": 4.181203352191771e-06,
    "weight_decay": 0.0
  },
  "layer_34_decay": {
    "param_names": [
      "backbone.levels.2.blocks.21.dcn.center_feature_scale_proj_weight",
      "backbone.levels.2.blocks.21.dcn.dw_conv.0.weight",
      "backbone.levels.2.blocks.21.dcn.offset.weight",
      "backbone.levels.2.blocks.21.dcn.mask.weight",
      "backbone.levels.2.blocks.21.dcn.input_proj.weight",
      "backbone.levels.2.blocks.21.dcn.output_proj.weight",
      "backbone.levels.2.blocks.21.mlp.fc1.weight",
      "backbone.levels.2.blocks.21.mlp.fc2.weight"
    ],
    "lr_scale": 0.4181203352191771,
    "lr": 4.181203352191771e-06,
    "weight_decay": 0.05
  },
  "layer_35_no_decay": {
    "param_names": [
      "backbone.levels.2.blocks.22.norm1.0.weight",
      "backbone.levels.2.blocks.22.norm1.0.bias",
      "backbone.levels.2.blocks.22.dcn.center_feature_scale_proj_bias",
      "backbone.levels.2.blocks.22.dcn.dw_conv.0.bias",
      "backbone.levels.2.blocks.22.dcn.dw_conv.1.1.weight",
      "backbone.levels.2.blocks.22.dcn.dw_conv.1.1.bias",
      "backbone.levels.2.blocks.22.dcn.offset.bias",
      "backbone.levels.2.blocks.22.dcn.mask.bias",
      "backbone.levels.2.blocks.22.dcn.input_proj.bias",
      "backbone.levels.2.blocks.22.dcn.output_proj.bias",
      "backbone.levels.2.blocks.22.norm2.0.weight",
      "backbone.levels.2.blocks.22.norm2.0.bias",
      "backbone.levels.2.blocks.22.mlp.fc1.bias",
      "backbone.levels.2.blocks.22.mlp.fc2.bias",
      "backbone.levels.2.blocks.22.res_post_norm1.0.weight",
      "backbone.levels.2.blocks.22.res_post_norm1.0.bias",
      "backbone.levels.2.blocks.22.res_post_norm2.0.weight",
      "backbone.levels.2.blocks.22.res_post_norm2.0.bias"
    ],
    "lr_scale": 0.44012666865176536,
    "lr": 4.401266686517654e-06,
    "weight_decay": 0.0
  },
  "layer_35_decay": {
    "param_names": [
      "backbone.levels.2.blocks.22.dcn.center_feature_scale_proj_weight",
      "backbone.levels.2.blocks.22.dcn.dw_conv.0.weight",
      "backbone.levels.2.blocks.22.dcn.offset.weight",
      "backbone.levels.2.blocks.22.dcn.mask.weight",
      "backbone.levels.2.blocks.22.dcn.input_proj.weight",
      "backbone.levels.2.blocks.22.dcn.output_proj.weight",
      "backbone.levels.2.blocks.22.mlp.fc1.weight",
      "backbone.levels.2.blocks.22.mlp.fc2.weight"
    ],
    "lr_scale": 0.44012666865176536,
    "lr": 4.401266686517654e-06,
    "weight_decay": 0.05
  },
  "layer_36_no_decay": {
    "param_names": [
      "backbone.levels.2.blocks.23.norm1.0.weight",
      "backbone.levels.2.blocks.23.norm1.0.bias",
      "backbone.levels.2.blocks.23.dcn.center_feature_scale_proj_bias",
      "backbone.levels.2.blocks.23.dcn.dw_conv.0.bias",
      "backbone.levels.2.blocks.23.dcn.dw_conv.1.1.weight",
      "backbone.levels.2.blocks.23.dcn.dw_conv.1.1.bias",
      "backbone.levels.2.blocks.23.dcn.offset.bias",
      "backbone.levels.2.blocks.23.dcn.mask.bias",
      "backbone.levels.2.blocks.23.dcn.input_proj.bias",
      "backbone.levels.2.blocks.23.dcn.output_proj.bias",
      "backbone.levels.2.blocks.23.norm2.0.weight",
      "backbone.levels.2.blocks.23.norm2.0.bias",
      "backbone.levels.2.blocks.23.mlp.fc1.bias",
      "backbone.levels.2.blocks.23.mlp.fc2.bias",
      "backbone.levels.2.blocks.23.res_post_norm1.0.weight",
      "backbone.levels.2.blocks.23.res_post_norm1.0.bias",
      "backbone.levels.2.blocks.23.res_post_norm2.0.weight",
      "backbone.levels.2.blocks.23.res_post_norm2.0.bias"
    ],
    "lr_scale": 0.46329123015975304,
    "lr": 4.632912301597531e-06,
    "weight_decay": 0.0
  },
  "layer_36_decay": {
    "param_names": [
      "backbone.levels.2.blocks.23.dcn.center_feature_scale_proj_weight",
      "backbone.levels.2.blocks.23.dcn.dw_conv.0.weight",
      "backbone.levels.2.blocks.23.dcn.offset.weight",
      "backbone.levels.2.blocks.23.dcn.mask.weight",
      "backbone.levels.2.blocks.23.dcn.input_proj.weight",
      "backbone.levels.2.blocks.23.dcn.output_proj.weight",
      "backbone.levels.2.blocks.23.mlp.fc1.weight",
      "backbone.levels.2.blocks.23.mlp.fc2.weight"
    ],
    "lr_scale": 0.46329123015975304,
    "lr": 4.632912301597531e-06,
    "weight_decay": 0.05
  },
  "layer_37_no_decay": {
    "param_names": [
      "backbone.levels.2.blocks.24.norm1.0.weight",
      "backbone.levels.2.blocks.24.norm1.0.bias",
      "backbone.levels.2.blocks.24.dcn.center_feature_scale_proj_bias",
      "backbone.levels.2.blocks.24.dcn.dw_conv.0.bias",
      "backbone.levels.2.blocks.24.dcn.dw_conv.1.1.weight",
      "backbone.levels.2.blocks.24.dcn.dw_conv.1.1.bias",
      "backbone.levels.2.blocks.24.dcn.offset.bias",
      "backbone.levels.2.blocks.24.dcn.mask.bias",
      "backbone.levels.2.blocks.24.dcn.input_proj.bias",
      "backbone.levels.2.blocks.24.dcn.output_proj.bias",
      "backbone.levels.2.blocks.24.norm2.0.weight",
      "backbone.levels.2.blocks.24.norm2.0.bias",
      "backbone.levels.2.blocks.24.mlp.fc1.bias",
      "backbone.levels.2.blocks.24.mlp.fc2.bias",
      "backbone.levels.2.blocks.24.res_post_norm1.0.weight",
      "backbone.levels.2.blocks.24.res_post_norm1.0.bias",
      "backbone.levels.2.blocks.24.res_post_norm2.0.weight",
      "backbone.levels.2.blocks.24.res_post_norm2.0.bias"
    ],
    "lr_scale": 0.48767497911552954,
    "lr": 4.876749791155296e-06,
    "weight_decay": 0.0
  },
  "layer_37_decay": {
    "param_names": [
      "backbone.levels.2.blocks.24.dcn.center_feature_scale_proj_weight",
      "backbone.levels.2.blocks.24.dcn.dw_conv.0.weight",
      "backbone.levels.2.blocks.24.dcn.offset.weight",
      "backbone.levels.2.blocks.24.dcn.mask.weight",
      "backbone.levels.2.blocks.24.dcn.input_proj.weight",
      "backbone.levels.2.blocks.24.dcn.output_proj.weight",
      "backbone.levels.2.blocks.24.mlp.fc1.weight",
      "backbone.levels.2.blocks.24.mlp.fc2.weight"
    ],
    "lr_scale": 0.48767497911552954,
    "lr": 4.876749791155296e-06,
    "weight_decay": 0.05
  },
  "layer_38_no_decay": {
    "param_names": [
      "backbone.levels.2.blocks.25.norm1.0.weight",
      "backbone.levels.2.blocks.25.norm1.0.bias",
      "backbone.levels.2.blocks.25.dcn.center_feature_scale_proj_bias",
      "backbone.levels.2.blocks.25.dcn.dw_conv.0.bias",
      "backbone.levels.2.blocks.25.dcn.dw_conv.1.1.weight",
      "backbone.levels.2.blocks.25.dcn.dw_conv.1.1.bias",
      "backbone.levels.2.blocks.25.dcn.offset.bias",
      "backbone.levels.2.blocks.25.dcn.mask.bias",
      "backbone.levels.2.blocks.25.dcn.input_proj.bias",
      "backbone.levels.2.blocks.25.dcn.output_proj.bias",
      "backbone.levels.2.blocks.25.norm2.0.weight",
      "backbone.levels.2.blocks.25.norm2.0.bias",
      "backbone.levels.2.blocks.25.mlp.fc1.bias",
      "backbone.levels.2.blocks.25.mlp.fc2.bias",
      "backbone.levels.2.blocks.25.res_post_norm1.0.weight",
      "backbone.levels.2.blocks.25.res_post_norm1.0.bias",
      "backbone.levels.2.blocks.25.res_post_norm2.0.weight",
      "backbone.levels.2.blocks.25.res_post_norm2.0.bias"
    ],
    "lr_scale": 0.5133420832795048,
    "lr": 5.133420832795049e-06,
    "weight_decay": 0.0
  },
  "layer_38_decay": {
    "param_names": [
      "backbone.levels.2.blocks.25.dcn.center_feature_scale_proj_weight",
      "backbone.levels.2.blocks.25.dcn.dw_conv.0.weight",
      "backbone.levels.2.blocks.25.dcn.offset.weight",
      "backbone.levels.2.blocks.25.dcn.mask.weight",
      "backbone.levels.2.blocks.25.dcn.input_proj.weight",
      "backbone.levels.2.blocks.25.dcn.output_proj.weight",
      "backbone.levels.2.blocks.25.mlp.fc1.weight",
      "backbone.levels.2.blocks.25.mlp.fc2.weight"
    ],
    "lr_scale": 0.5133420832795048,
    "lr": 5.133420832795049e-06,
    "weight_decay": 0.05
  },
  "layer_39_no_decay": {
    "param_names": [
      "backbone.levels.2.blocks.26.norm1.0.weight",
      "backbone.levels.2.blocks.26.norm1.0.bias",
      "backbone.levels.2.blocks.26.dcn.center_feature_scale_proj_bias",
      "backbone.levels.2.blocks.26.dcn.dw_conv.0.bias",
      "backbone.levels.2.blocks.26.dcn.dw_conv.1.1.weight",
      "backbone.levels.2.blocks.26.dcn.dw_conv.1.1.bias",
      "backbone.levels.2.blocks.26.dcn.offset.bias",
      "backbone.levels.2.blocks.26.dcn.mask.bias",
      "backbone.levels.2.blocks.26.dcn.input_proj.bias",
      "backbone.levels.2.blocks.26.dcn.output_proj.bias",
      "backbone.levels.2.blocks.26.norm2.0.weight",
      "backbone.levels.2.blocks.26.norm2.0.bias",
      "backbone.levels.2.blocks.26.mlp.fc1.bias",
      "backbone.levels.2.blocks.26.mlp.fc2.bias",
      "backbone.levels.2.blocks.26.res_post_norm1.0.weight",
      "backbone.levels.2.blocks.26.res_post_norm1.0.bias",
      "backbone.levels.2.blocks.26.res_post_norm2.0.weight",
      "backbone.levels.2.blocks.26.res_post_norm2.0.bias"
    ],
    "lr_scale": 0.5403600876626367,
    "lr": 5.403600876626367e-06,
    "weight_decay": 0.0
  },
  "layer_39_decay": {
    "param_names": [
      "backbone.levels.2.blocks.26.dcn.center_feature_scale_proj_weight",
      "backbone.levels.2.blocks.26.dcn.dw_conv.0.weight",
      "backbone.levels.2.blocks.26.dcn.offset.weight",
      "backbone.levels.2.blocks.26.dcn.mask.weight",
      "backbone.levels.2.blocks.26.dcn.input_proj.weight",
      "backbone.levels.2.blocks.26.dcn.output_proj.weight",
      "backbone.levels.2.blocks.26.mlp.fc1.weight",
      "backbone.levels.2.blocks.26.mlp.fc2.weight"
    ],
    "lr_scale": 0.5403600876626367,
    "lr": 5.403600876626367e-06,
    "weight_decay": 0.05
  },
  "layer_40_no_decay": {
    "param_names": [
      "backbone.levels.2.blocks.27.norm1.0.weight",
      "backbone.levels.2.blocks.27.norm1.0.bias",
      "backbone.levels.2.blocks.27.dcn.center_feature_scale_proj_bias",
      "backbone.levels.2.blocks.27.dcn.dw_conv.0.bias",
      "backbone.levels.2.blocks.27.dcn.dw_conv.1.1.weight",
      "backbone.levels.2.blocks.27.dcn.dw_conv.1.1.bias",
      "backbone.levels.2.blocks.27.dcn.offset.bias",
      "backbone.levels.2.blocks.27.dcn.mask.bias",
      "backbone.levels.2.blocks.27.dcn.input_proj.bias",
      "backbone.levels.2.blocks.27.dcn.output_proj.bias",
      "backbone.levels.2.blocks.27.norm2.0.weight",
      "backbone.levels.2.blocks.27.norm2.0.bias",
      "backbone.levels.2.blocks.27.mlp.fc1.bias",
      "backbone.levels.2.blocks.27.mlp.fc2.bias",
      "backbone.levels.2.blocks.27.res_post_norm1.0.weight",
      "backbone.levels.2.blocks.27.res_post_norm1.0.bias",
      "backbone.levels.2.blocks.27.res_post_norm2.0.weight",
      "backbone.levels.2.blocks.27.res_post_norm2.0.bias"
    ],
    "lr_scale": 0.5688000922764597,
    "lr": 5.688000922764597e-06,
    "weight_decay": 0.0
  },
  "layer_40_decay": {
    "param_names": [
      "backbone.levels.2.blocks.27.dcn.center_feature_scale_proj_weight",
      "backbone.levels.2.blocks.27.dcn.dw_conv.0.weight",
      "backbone.levels.2.blocks.27.dcn.offset.weight",
      "backbone.levels.2.blocks.27.dcn.mask.weight",
      "backbone.levels.2.blocks.27.dcn.input_proj.weight",
      "backbone.levels.2.blocks.27.dcn.output_proj.weight",
      "backbone.levels.2.blocks.27.mlp.fc1.weight",
      "backbone.levels.2.blocks.27.mlp.fc2.weight"
    ],
    "lr_scale": 0.5688000922764597,
    "lr": 5.688000922764597e-06,
    "weight_decay": 0.05
  },
  "layer_41_no_decay": {
    "param_names": [
      "backbone.levels.2.blocks.28.norm1.0.weight",
      "backbone.levels.2.blocks.28.norm1.0.bias",
      "backbone.levels.2.blocks.28.dcn.center_feature_scale_proj_bias",
      "backbone.levels.2.blocks.28.dcn.dw_conv.0.bias",
      "backbone.levels.2.blocks.28.dcn.dw_conv.1.1.weight",
      "backbone.levels.2.blocks.28.dcn.dw_conv.1.1.bias",
      "backbone.levels.2.blocks.28.dcn.offset.bias",
      "backbone.levels.2.blocks.28.dcn.mask.bias",
      "backbone.levels.2.blocks.28.dcn.input_proj.bias",
      "backbone.levels.2.blocks.28.dcn.output_proj.bias",
      "backbone.levels.2.blocks.28.norm2.0.weight",
      "backbone.levels.2.blocks.28.norm2.0.bias",
      "backbone.levels.2.blocks.28.mlp.fc1.bias",
      "backbone.levels.2.blocks.28.mlp.fc2.bias",
      "backbone.levels.2.blocks.28.res_post_norm1.0.weight",
      "backbone.levels.2.blocks.28.res_post_norm1.0.bias",
      "backbone.levels.2.blocks.28.res_post_norm2.0.weight",
      "backbone.levels.2.blocks.28.res_post_norm2.0.bias"
    ],
    "lr_scale": 0.5987369392383787,
    "lr": 5.987369392383788e-06,
    "weight_decay": 0.0
  },
  "layer_41_decay": {
    "param_names": [
      "backbone.levels.2.blocks.28.dcn.center_feature_scale_proj_weight",
      "backbone.levels.2.blocks.28.dcn.dw_conv.0.weight",
      "backbone.levels.2.blocks.28.dcn.offset.weight",
      "backbone.levels.2.blocks.28.dcn.mask.weight",
      "backbone.levels.2.blocks.28.dcn.input_proj.weight",
      "backbone.levels.2.blocks.28.dcn.output_proj.weight",
      "backbone.levels.2.blocks.28.mlp.fc1.weight",
      "backbone.levels.2.blocks.28.mlp.fc2.weight"
    ],
    "lr_scale": 0.5987369392383787,
    "lr": 5.987369392383788e-06,
    "weight_decay": 0.05
  },
  "layer_42_no_decay": {
    "param_names": [
      "backbone.levels.2.blocks.29.norm1.0.weight",
      "backbone.levels.2.blocks.29.norm1.0.bias",
      "backbone.levels.2.blocks.29.dcn.center_feature_scale_proj_bias",
      "backbone.levels.2.blocks.29.dcn.dw_conv.0.bias",
      "backbone.levels.2.blocks.29.dcn.dw_conv.1.1.weight",
      "backbone.levels.2.blocks.29.dcn.dw_conv.1.1.bias",
      "backbone.levels.2.blocks.29.dcn.offset.bias",
      "backbone.levels.2.blocks.29.dcn.mask.bias",
      "backbone.levels.2.blocks.29.dcn.input_proj.bias",
      "backbone.levels.2.blocks.29.dcn.output_proj.bias",
      "backbone.levels.2.blocks.29.norm2.0.weight",
      "backbone.levels.2.blocks.29.norm2.0.bias",
      "backbone.levels.2.blocks.29.mlp.fc1.bias",
      "backbone.levels.2.blocks.29.mlp.fc2.bias",
      "backbone.levels.2.blocks.29.res_post_norm1.0.weight",
      "backbone.levels.2.blocks.29.res_post_norm1.0.bias",
      "backbone.levels.2.blocks.29.res_post_norm2.0.weight",
      "backbone.levels.2.blocks.29.res_post_norm2.0.bias"
    ],
    "lr_scale": 0.6302494097246091,
    "lr": 6.302494097246091e-06,
    "weight_decay": 0.0
  },
  "layer_42_decay": {
    "param_names": [
      "backbone.levels.2.blocks.29.dcn.center_feature_scale_proj_weight",
      "backbone.levels.2.blocks.29.dcn.dw_conv.0.weight",
      "backbone.levels.2.blocks.29.dcn.offset.weight",
      "backbone.levels.2.blocks.29.dcn.mask.weight",
      "backbone.levels.2.blocks.29.dcn.input_proj.weight",
      "backbone.levels.2.blocks.29.dcn.output_proj.weight",
      "backbone.levels.2.blocks.29.mlp.fc1.weight",
      "backbone.levels.2.blocks.29.mlp.fc2.weight"
    ],
    "lr_scale": 0.6302494097246091,
    "lr": 6.302494097246091e-06,
    "weight_decay": 0.05
  },
  "layer_43_no_decay": {
    "param_names": [
      "backbone.levels.2.blocks.30.norm1.0.weight",
      "backbone.levels.2.blocks.30.norm1.0.bias",
      "backbone.levels.2.blocks.30.dcn.center_feature_scale_proj_bias",
      "backbone.levels.2.blocks.30.dcn.dw_conv.0.bias",
      "backbone.levels.2.blocks.30.dcn.dw_conv.1.1.weight",
      "backbone.levels.2.blocks.30.dcn.dw_conv.1.1.bias",
      "backbone.levels.2.blocks.30.dcn.offset.bias",
      "backbone.levels.2.blocks.30.dcn.mask.bias",
      "backbone.levels.2.blocks.30.dcn.input_proj.bias",
      "backbone.levels.2.blocks.30.dcn.output_proj.bias",
      "backbone.levels.2.blocks.30.norm2.0.weight",
      "backbone.levels.2.blocks.30.norm2.0.bias",
      "backbone.levels.2.blocks.30.mlp.fc1.bias",
      "backbone.levels.2.blocks.30.mlp.fc2.bias",
      "backbone.levels.2.blocks.30.res_post_norm1.0.weight",
      "backbone.levels.2.blocks.30.res_post_norm1.0.bias",
      "backbone.levels.2.blocks.30.res_post_norm2.0.weight",
      "backbone.levels.2.blocks.30.res_post_norm2.0.bias"
    ],
    "lr_scale": 0.6634204312890623,
    "lr": 6.634204312890623e-06,
    "weight_decay": 0.0
  },
  "layer_43_decay": {
    "param_names": [
      "backbone.levels.2.blocks.30.dcn.center_feature_scale_proj_weight",
      "backbone.levels.2.blocks.30.dcn.dw_conv.0.weight",
      "backbone.levels.2.blocks.30.dcn.offset.weight",
      "backbone.levels.2.blocks.30.dcn.mask.weight",
      "backbone.levels.2.blocks.30.dcn.input_proj.weight",
      "backbone.levels.2.blocks.30.dcn.output_proj.weight",
      "backbone.levels.2.blocks.30.mlp.fc1.weight",
      "backbone.levels.2.blocks.30.mlp.fc2.weight"
    ],
    "lr_scale": 0.6634204312890623,
    "lr": 6.634204312890623e-06,
    "weight_decay": 0.05
  },
  "layer_44_no_decay": {
    "param_names": [
      "backbone.levels.2.blocks.31.norm1.0.weight",
      "backbone.levels.2.blocks.31.norm1.0.bias",
      "backbone.levels.2.blocks.31.dcn.center_feature_scale_proj_bias",
      "backbone.levels.2.blocks.31.dcn.dw_conv.0.bias",
      "backbone.levels.2.blocks.31.dcn.dw_conv.1.1.weight",
      "backbone.levels.2.blocks.31.dcn.dw_conv.1.1.bias",
      "backbone.levels.2.blocks.31.dcn.offset.bias",
      "backbone.levels.2.blocks.31.dcn.mask.bias",
      "backbone.levels.2.blocks.31.dcn.input_proj.bias",
      "backbone.levels.2.blocks.31.dcn.output_proj.bias",
      "backbone.levels.2.blocks.31.norm2.0.weight",
      "backbone.levels.2.blocks.31.norm2.0.bias",
      "backbone.levels.2.blocks.31.mlp.fc1.bias",
      "backbone.levels.2.blocks.31.mlp.fc2.bias",
      "backbone.levels.2.blocks.31.res_post_norm1.0.weight",
      "backbone.levels.2.blocks.31.res_post_norm1.0.bias",
      "backbone.levels.2.blocks.31.res_post_norm2.0.weight",
      "backbone.levels.2.blocks.31.res_post_norm2.0.bias"
    ],
    "lr_scale": 0.6983372960937497,
    "lr": 6.983372960937498e-06,
    "weight_decay": 0.0
  },
  "layer_44_decay": {
    "param_names": [
      "backbone.levels.2.blocks.31.dcn.center_feature_scale_proj_weight",
      "backbone.levels.2.blocks.31.dcn.dw_conv.0.weight",
      "backbone.levels.2.blocks.31.dcn.offset.weight",
      "backbone.levels.2.blocks.31.dcn.mask.weight",
      "backbone.levels.2.blocks.31.dcn.input_proj.weight",
      "backbone.levels.2.blocks.31.dcn.output_proj.weight",
      "backbone.levels.2.blocks.31.mlp.fc1.weight",
      "backbone.levels.2.blocks.31.mlp.fc2.weight"
    ],
    "lr_scale": 0.6983372960937497,
    "lr": 6.983372960937498e-06,
    "weight_decay": 0.05
  },
  "layer_45_no_decay": {
    "param_names": [
      "backbone.levels.2.norm.0.weight",
      "backbone.levels.2.norm.0.bias",
      "backbone.levels.2.downsample.norm.1.weight",
      "backbone.levels.2.downsample.norm.1.bias",
      "backbone.levels.3.blocks.0.norm1.0.weight",
      "backbone.levels.3.blocks.0.norm1.0.bias",
      "backbone.levels.3.blocks.0.dcn.center_feature_scale_proj_bias",
      "backbone.levels.3.blocks.0.dcn.dw_conv.0.bias",
      "backbone.levels.3.blocks.0.dcn.dw_conv.1.1.weight",
      "backbone.levels.3.blocks.0.dcn.dw_conv.1.1.bias",
      "backbone.levels.3.blocks.0.dcn.offset.bias",
      "backbone.levels.3.blocks.0.dcn.mask.bias",
      "backbone.levels.3.blocks.0.dcn.input_proj.bias",
      "backbone.levels.3.blocks.0.dcn.output_proj.bias",
      "backbone.levels.3.blocks.0.norm2.0.weight",
      "backbone.levels.3.blocks.0.norm2.0.bias",
      "backbone.levels.3.blocks.0.mlp.fc1.bias",
      "backbone.levels.3.blocks.0.mlp.fc2.bias",
      "backbone.levels.3.blocks.0.res_post_norm1.0.weight",
      "backbone.levels.3.blocks.0.res_post_norm1.0.bias",
      "backbone.levels.3.blocks.0.res_post_norm2.0.weight",
      "backbone.levels.3.blocks.0.res_post_norm2.0.bias",
      "backbone.levels.3.norm.0.weight",
      "backbone.levels.3.norm.0.bias"
    ],
    "lr_scale": 0.7350918906249998,
    "lr": 7.350918906249998e-06,
    "weight_decay": 0.0
  },
  "layer_45_decay": {
    "param_names": [
      "backbone.levels.2.downsample.conv.weight",
      "backbone.levels.3.blocks.0.dcn.center_feature_scale_proj_weight",
      "backbone.levels.3.blocks.0.dcn.dw_conv.0.weight",
      "backbone.levels.3.blocks.0.dcn.offset.weight",
      "backbone.levels.3.blocks.0.dcn.mask.weight",
      "backbone.levels.3.blocks.0.dcn.input_proj.weight",
      "backbone.levels.3.blocks.0.dcn.output_proj.weight",
      "backbone.levels.3.blocks.0.mlp.fc1.weight",
      "backbone.levels.3.blocks.0.mlp.fc2.weight"
    ],
    "lr_scale": 0.7350918906249998,
    "lr": 7.350918906249998e-06,
    "weight_decay": 0.05
  },
  "layer_46_no_decay": {
    "param_names": [
      "backbone.levels.3.blocks.1.norm1.0.weight",
      "backbone.levels.3.blocks.1.norm1.0.bias",
      "backbone.levels.3.blocks.1.dcn.center_feature_scale_proj_bias",
      "backbone.levels.3.blocks.1.dcn.dw_conv.0.bias",
      "backbone.levels.3.blocks.1.dcn.dw_conv.1.1.weight",
      "backbone.levels.3.blocks.1.dcn.dw_conv.1.1.bias",
      "backbone.levels.3.blocks.1.dcn.offset.bias",
      "backbone.levels.3.blocks.1.dcn.mask.bias",
      "backbone.levels.3.blocks.1.dcn.input_proj.bias",
      "backbone.levels.3.blocks.1.dcn.output_proj.bias",
      "backbone.levels.3.blocks.1.norm2.0.weight",
      "backbone.levels.3.blocks.1.norm2.0.bias",
      "backbone.levels.3.blocks.1.mlp.fc1.bias",
      "backbone.levels.3.blocks.1.mlp.fc2.bias",
      "backbone.levels.3.blocks.1.res_post_norm1.0.weight",
      "backbone.levels.3.blocks.1.res_post_norm1.0.bias",
      "backbone.levels.3.blocks.1.res_post_norm2.0.weight",
      "backbone.levels.3.blocks.1.res_post_norm2.0.bias"
    ],
    "lr_scale": 0.7737809374999998,
    "lr": 7.737809374999999e-06,
    "weight_decay": 0.0
  },
  "layer_46_decay": {
    "param_names": [
      "backbone.levels.3.blocks.1.dcn.center_feature_scale_proj_weight",
      "backbone.levels.3.blocks.1.dcn.dw_conv.0.weight",
      "backbone.levels.3.blocks.1.dcn.offset.weight",
      "backbone.levels.3.blocks.1.dcn.mask.weight",
      "backbone.levels.3.blocks.1.dcn.input_proj.weight",
      "backbone.levels.3.blocks.1.dcn.output_proj.weight",
      "backbone.levels.3.blocks.1.mlp.fc1.weight",
      "backbone.levels.3.blocks.1.mlp.fc2.weight"
    ],
    "lr_scale": 0.7737809374999998,
    "lr": 7.737809374999999e-06,
    "weight_decay": 0.05
  },
  "layer_47_no_decay": {
    "param_names": [
      "backbone.levels.3.blocks.2.norm1.0.weight",
      "backbone.levels.3.blocks.2.norm1.0.bias",
      "backbone.levels.3.blocks.2.dcn.center_feature_scale_proj_bias",
      "backbone.levels.3.blocks.2.dcn.dw_conv.0.bias",
      "backbone.levels.3.blocks.2.dcn.dw_conv.1.1.weight",
      "backbone.levels.3.blocks.2.dcn.dw_conv.1.1.bias",
      "backbone.levels.3.blocks.2.dcn.offset.bias",
      "backbone.levels.3.blocks.2.dcn.mask.bias",
      "backbone.levels.3.blocks.2.dcn.input_proj.bias",
      "backbone.levels.3.blocks.2.dcn.output_proj.bias",
      "backbone.levels.3.blocks.2.norm2.0.weight",
      "backbone.levels.3.blocks.2.norm2.0.bias",
      "backbone.levels.3.blocks.2.mlp.fc1.bias",
      "backbone.levels.3.blocks.2.mlp.fc2.bias",
      "backbone.levels.3.blocks.2.res_post_norm1.0.weight",
      "backbone.levels.3.blocks.2.res_post_norm1.0.bias",
      "backbone.levels.3.blocks.2.res_post_norm2.0.weight",
      "backbone.levels.3.blocks.2.res_post_norm2.0.bias"
    ],
    "lr_scale": 0.8145062499999999,
    "lr": 8.1450625e-06,
    "weight_decay": 0.0
  },
  "layer_47_decay": {
    "param_names": [
      "backbone.levels.3.blocks.2.dcn.center_feature_scale_proj_weight",
      "backbone.levels.3.blocks.2.dcn.dw_conv.0.weight",
      "backbone.levels.3.blocks.2.dcn.offset.weight",
      "backbone.levels.3.blocks.2.dcn.mask.weight",
      "backbone.levels.3.blocks.2.dcn.input_proj.weight",
      "backbone.levels.3.blocks.2.dcn.output_proj.weight",
      "backbone.levels.3.blocks.2.mlp.fc1.weight",
      "backbone.levels.3.blocks.2.mlp.fc2.weight"
    ],
    "lr_scale": 0.8145062499999999,
    "lr": 8.1450625e-06,
    "weight_decay": 0.05
  },
  "layer_48_no_decay": {
    "param_names": [
      "backbone.levels.3.blocks.3.norm1.0.weight",
      "backbone.levels.3.blocks.3.norm1.0.bias",
      "backbone.levels.3.blocks.3.dcn.center_feature_scale_proj_bias",
      "backbone.levels.3.blocks.3.dcn.dw_conv.0.bias",
      "backbone.levels.3.blocks.3.dcn.dw_conv.1.1.weight",
      "backbone.levels.3.blocks.3.dcn.dw_conv.1.1.bias",
      "backbone.levels.3.blocks.3.dcn.offset.bias",
      "backbone.levels.3.blocks.3.dcn.mask.bias",
      "backbone.levels.3.blocks.3.dcn.input_proj.bias",
      "backbone.levels.3.blocks.3.dcn.output_proj.bias",
      "backbone.levels.3.blocks.3.norm2.0.weight",
      "backbone.levels.3.blocks.3.norm2.0.bias",
      "backbone.levels.3.blocks.3.mlp.fc1.bias",
      "backbone.levels.3.blocks.3.mlp.fc2.bias",
      "backbone.levels.3.blocks.3.res_post_norm1.0.weight",
      "backbone.levels.3.blocks.3.res_post_norm1.0.bias",
      "backbone.levels.3.blocks.3.res_post_norm2.0.weight",
      "backbone.levels.3.blocks.3.res_post_norm2.0.bias"
    ],
    "lr_scale": 0.8573749999999999,
    "lr": 8.573749999999999e-06,
    "weight_decay": 0.0
  },
  "layer_48_decay": {
    "param_names": [
      "backbone.levels.3.blocks.3.dcn.center_feature_scale_proj_weight",
      "backbone.levels.3.blocks.3.dcn.dw_conv.0.weight",
      "backbone.levels.3.blocks.3.dcn.offset.weight",
      "backbone.levels.3.blocks.3.dcn.mask.weight",
      "backbone.levels.3.blocks.3.dcn.input_proj.weight",
      "backbone.levels.3.blocks.3.dcn.output_proj.weight",
      "backbone.levels.3.blocks.3.mlp.fc1.weight",
      "backbone.levels.3.blocks.3.mlp.fc2.weight"
    ],
    "lr_scale": 0.8573749999999999,
    "lr": 8.573749999999999e-06,
    "weight_decay": 0.05
  },
  "layer_49_no_decay": {
    "param_names": [
      "backbone.levels.3.blocks.4.norm1.0.weight",
      "backbone.levels.3.blocks.4.norm1.0.bias",
      "backbone.levels.3.blocks.4.dcn.center_feature_scale_proj_bias",
      "backbone.levels.3.blocks.4.dcn.dw_conv.0.bias",
      "backbone.levels.3.blocks.4.dcn.dw_conv.1.1.weight",
      "backbone.levels.3.blocks.4.dcn.dw_conv.1.1.bias",
      "backbone.levels.3.blocks.4.dcn.offset.bias",
      "backbone.levels.3.blocks.4.dcn.mask.bias",
      "backbone.levels.3.blocks.4.dcn.input_proj.bias",
      "backbone.levels.3.blocks.4.dcn.output_proj.bias",
      "backbone.levels.3.blocks.4.norm2.0.weight",
      "backbone.levels.3.blocks.4.norm2.0.bias",
      "backbone.levels.3.blocks.4.mlp.fc1.bias",
      "backbone.levels.3.blocks.4.mlp.fc2.bias",
      "backbone.levels.3.blocks.4.res_post_norm1.0.weight",
      "backbone.levels.3.blocks.4.res_post_norm1.0.bias",
      "backbone.levels.3.blocks.4.res_post_norm2.0.weight",
      "backbone.levels.3.blocks.4.res_post_norm2.0.bias"
    ],
    "lr_scale": 0.9025,
    "lr": 9.025e-06,
    "weight_decay": 0.0
  },
  "layer_49_decay": {
    "param_names": [
      "backbone.levels.3.blocks.4.dcn.center_feature_scale_proj_weight",
      "backbone.levels.3.blocks.4.dcn.dw_conv.0.weight",
      "backbone.levels.3.blocks.4.dcn.offset.weight",
      "backbone.levels.3.blocks.4.dcn.mask.weight",
      "backbone.levels.3.blocks.4.dcn.input_proj.weight",
      "backbone.levels.3.blocks.4.dcn.output_proj.weight",
      "backbone.levels.3.blocks.4.mlp.fc1.weight",
      "backbone.levels.3.blocks.4.mlp.fc2.weight"
    ],
    "lr_scale": 0.9025,
    "lr": 9.025e-06,
    "weight_decay": 0.05
  },
  "layer_50_no_decay": {
    "param_names": [
      "backbone.levels.3.blocks.5.norm1.0.weight",
      "backbone.levels.3.blocks.5.norm1.0.bias",
      "backbone.levels.3.blocks.5.dcn.center_feature_scale_proj_bias",
      "backbone.levels.3.blocks.5.dcn.dw_conv.0.bias",
      "backbone.levels.3.blocks.5.dcn.dw_conv.1.1.weight",
      "backbone.levels.3.blocks.5.dcn.dw_conv.1.1.bias",
      "backbone.levels.3.blocks.5.dcn.offset.bias",
      "backbone.levels.3.blocks.5.dcn.mask.bias",
      "backbone.levels.3.blocks.5.dcn.input_proj.bias",
      "backbone.levels.3.blocks.5.dcn.output_proj.bias",
      "backbone.levels.3.blocks.5.norm2.0.weight",
      "backbone.levels.3.blocks.5.norm2.0.bias",
      "backbone.levels.3.blocks.5.mlp.fc1.bias",
      "backbone.levels.3.blocks.5.mlp.fc2.bias",
      "backbone.levels.3.blocks.5.res_post_norm1.0.weight",
      "backbone.levels.3.blocks.5.res_post_norm1.0.bias",
      "backbone.levels.3.blocks.5.res_post_norm2.0.weight",
      "backbone.levels.3.blocks.5.res_post_norm2.0.bias"
    ],
    "lr_scale": 0.95,
    "lr": 9.5e-06,
    "weight_decay": 0.0
  },
  "layer_50_decay": {
    "param_names": [
      "backbone.levels.3.blocks.5.dcn.center_feature_scale_proj_weight",
      "backbone.levels.3.blocks.5.dcn.dw_conv.0.weight",
      "backbone.levels.3.blocks.5.dcn.offset.weight",
      "backbone.levels.3.blocks.5.dcn.mask.weight",
      "backbone.levels.3.blocks.5.dcn.input_proj.weight",
      "backbone.levels.3.blocks.5.dcn.output_proj.weight",
      "backbone.levels.3.blocks.5.mlp.fc1.weight",
      "backbone.levels.3.blocks.5.mlp.fc2.weight"
    ],
    "lr_scale": 0.95,
    "lr": 9.5e-06,
    "weight_decay": 0.05
  },
  "layer_51_decay": {
    "param_names": [
      "decode_head.pixel_decoder.input_convs.0.conv.weight",
      "decode_head.pixel_decoder.input_convs.1.conv.weight",
      "decode_head.pixel_decoder.input_convs.2.conv.weight",
      "decode_head.pixel_decoder.encoder.layers.0.attentions.0.attention_weights.weight",
      "decode_head.pixel_decoder.encoder.layers.0.attentions.0.value_proj.weight",
      "decode_head.pixel_decoder.encoder.layers.0.attentions.0.output_proj.weight",
      "decode_head.pixel_decoder.encoder.layers.0.ffns.0.layers.0.0.weight",
      "decode_head.pixel_decoder.encoder.layers.0.ffns.0.layers.1.weight",
      "decode_head.pixel_decoder.encoder.layers.1.attentions.0.attention_weights.weight",
      "decode_head.pixel_decoder.encoder.layers.1.attentions.0.value_proj.weight",
      "decode_head.pixel_decoder.encoder.layers.1.attentions.0.output_proj.weight",
      "decode_head.pixel_decoder.encoder.layers.1.ffns.0.layers.0.0.weight",
      "decode_head.pixel_decoder.encoder.layers.1.ffns.0.layers.1.weight",
      "decode_head.pixel_decoder.encoder.layers.2.attentions.0.attention_weights.weight",
      "decode_head.pixel_decoder.encoder.layers.2.attentions.0.value_proj.weight",
      "decode_head.pixel_decoder.encoder.layers.2.attentions.0.output_proj.weight",
      "decode_head.pixel_decoder.encoder.layers.2.ffns.0.layers.0.0.weight",
      "decode_head.pixel_decoder.encoder.layers.2.ffns.0.layers.1.weight",
      "decode_head.pixel_decoder.encoder.layers.3.attentions.0.attention_weights.weight",
      "decode_head.pixel_decoder.encoder.layers.3.attentions.0.value_proj.weight",
      "decode_head.pixel_decoder.encoder.layers.3.attentions.0.output_proj.weight",
      "decode_head.pixel_decoder.encoder.layers.3.ffns.0.layers.0.0.weight",
      "decode_head.pixel_decoder.encoder.layers.3.ffns.0.layers.1.weight",
      "decode_head.pixel_decoder.encoder.layers.4.attentions.0.attention_weights.weight",
      "decode_head.pixel_decoder.encoder.layers.4.attentions.0.value_proj.weight",
      "decode_head.pixel_decoder.encoder.layers.4.attentions.0.output_proj.weight",
      "decode_head.pixel_decoder.encoder.layers.4.ffns.0.layers.0.0.weight",
      "decode_head.pixel_decoder.encoder.layers.4.ffns.0.layers.1.weight",
      "decode_head.pixel_decoder.encoder.layers.5.attentions.0.attention_weights.weight",
      "decode_head.pixel_decoder.encoder.layers.5.attentions.0.value_proj.weight",
      "decode_head.pixel_decoder.encoder.layers.5.attentions.0.output_proj.weight",
      "decode_head.pixel_decoder.encoder.layers.5.ffns.0.layers.0.0.weight",
      "decode_head.pixel_decoder.encoder.layers.5.ffns.0.layers.1.weight",
      "decode_head.pixel_decoder.level_encoding.weight",
      "decode_head.pixel_decoder.lateral_convs.0.conv.weight",
      "decode_head.pixel_decoder.output_convs.0.conv.weight",
      "decode_head.pixel_decoder.mask_feature.weight",
      "decode_head.transformer_decoder.layers.0.attentions.0.attn.in_proj_weight",
      "decode_head.transformer_decoder.layers.0.attentions.0.attn.out_proj.weight",
      "decode_head.transformer_decoder.layers.0.attentions.1.attn.in_proj_weight",
      "decode_head.transformer_decoder.layers.0.attentions.1.attn.out_proj.weight",
      "decode_head.transformer_decoder.layers.0.ffns.0.layers.0.0.weight",
      "decode_head.transformer_decoder.layers.0.ffns.0.layers.1.weight",
      "decode_head.transformer_decoder.layers.1.attentions.0.attn.in_proj_weight",
      "decode_head.transformer_decoder.layers.1.attentions.0.attn.out_proj.weight",
      "decode_head.transformer_decoder.layers.1.attentions.1.attn.in_proj_weight",
      "decode_head.transformer_decoder.layers.1.attentions.1.attn.out_proj.weight",
      "decode_head.transformer_decoder.layers.1.ffns.0.layers.0.0.weight",
      "decode_head.transformer_decoder.layers.1.ffns.0.layers.1.weight",
      "decode_head.transformer_decoder.layers.2.attentions.0.attn.in_proj_weight",
      "decode_head.transformer_decoder.layers.2.attentions.0.attn.out_proj.weight",
      "decode_head.transformer_decoder.layers.2.attentions.1.attn.in_proj_weight",
      "decode_head.transformer_decoder.layers.2.attentions.1.attn.out_proj.weight",
      "decode_head.transformer_decoder.layers.2.ffns.0.layers.0.0.weight",
      "decode_head.transformer_decoder.layers.2.ffns.0.layers.1.weight",
      "decode_head.transformer_decoder.layers.3.attentions.0.attn.in_proj_weight",
      "decode_head.transformer_decoder.layers.3.attentions.0.attn.out_proj.weight",
      "decode_head.transformer_decoder.layers.3.attentions.1.attn.in_proj_weight",
      "decode_head.transformer_decoder.layers.3.attentions.1.attn.out_proj.weight",
      "decode_head.transformer_decoder.layers.3.ffns.0.layers.0.0.weight",
      "decode_head.transformer_decoder.layers.3.ffns.0.layers.1.weight",
      "decode_head.transformer_decoder.layers.4.attentions.0.attn.in_proj_weight",
      "decode_head.transformer_decoder.layers.4.attentions.0.attn.out_proj.weight",
      "decode_head.transformer_decoder.layers.4.attentions.1.attn.in_proj_weight",
      "decode_head.transformer_decoder.layers.4.attentions.1.attn.out_proj.weight",
      "decode_head.transformer_decoder.layers.4.ffns.0.layers.0.0.weight",
      "decode_head.transformer_decoder.layers.4.ffns.0.layers.1.weight",
      "decode_head.transformer_decoder.layers.5.attentions.0.attn.in_proj_weight",
      "decode_head.transformer_decoder.layers.5.attentions.0.attn.out_proj.weight",
      "decode_head.transformer_decoder.layers.5.attentions.1.attn.in_proj_weight",
      "decode_head.transformer_decoder.layers.5.attentions.1.attn.out_proj.weight",
      "decode_head.transformer_decoder.layers.5.ffns.0.layers.0.0.weight",
      "decode_head.transformer_decoder.layers.5.ffns.0.layers.1.weight",
      "decode_head.transformer_decoder.layers.6.attentions.0.attn.in_proj_weight",
      "decode_head.transformer_decoder.layers.6.attentions.0.attn.out_proj.weight",
      "decode_head.transformer_decoder.layers.6.attentions.1.attn.in_proj_weight",
      "decode_head.transformer_decoder.layers.6.attentions.1.attn.out_proj.weight",
      "decode_head.transformer_decoder.layers.6.ffns.0.layers.0.0.weight",
      "decode_head.transformer_decoder.layers.6.ffns.0.layers.1.weight",
      "decode_head.transformer_decoder.layers.7.attentions.0.attn.in_proj_weight",
      "decode_head.transformer_decoder.layers.7.attentions.0.attn.out_proj.weight",
      "decode_head.transformer_decoder.layers.7.attentions.1.attn.in_proj_weight",
      "decode_head.transformer_decoder.layers.7.attentions.1.attn.out_proj.weight",
      "decode_head.transformer_decoder.layers.7.ffns.0.layers.0.0.weight",
      "decode_head.transformer_decoder.layers.7.ffns.0.layers.1.weight",
      "decode_head.transformer_decoder.layers.8.attentions.0.attn.in_proj_weight",
      "decode_head.transformer_decoder.layers.8.attentions.0.attn.out_proj.weight",
      "decode_head.transformer_decoder.layers.8.attentions.1.attn.in_proj_weight",
      "decode_head.transformer_decoder.layers.8.attentions.1.attn.out_proj.weight",
      "decode_head.transformer_decoder.layers.8.ffns.0.layers.0.0.weight",
      "decode_head.transformer_decoder.layers.8.ffns.0.layers.1.weight"
    ],
    "lr_scale": 1.0,
    "lr": 1e-05,
    "weight_decay": 0.05
  },
  "layer_51_no_decay": {
    "param_names": [
      "decode_head.pixel_decoder.input_convs.0.conv.bias",
      "decode_head.pixel_decoder.input_convs.0.gn.weight",
      "decode_head.pixel_decoder.input_convs.0.gn.bias",
      "decode_head.pixel_decoder.input_convs.1.conv.bias",
      "decode_head.pixel_decoder.input_convs.1.gn.weight",
      "decode_head.pixel_decoder.input_convs.1.gn.bias",
      "decode_head.pixel_decoder.input_convs.2.conv.bias",
      "decode_head.pixel_decoder.input_convs.2.gn.weight",
      "decode_head.pixel_decoder.input_convs.2.gn.bias",
      "decode_head.pixel_decoder.encoder.layers.0.attentions.0.sampling_offsets.weight",
      "decode_head.pixel_decoder.encoder.layers.0.attentions.0.sampling_offsets.bias",
      "decode_head.pixel_decoder.encoder.layers.0.attentions.0.attention_weights.bias",
      "decode_head.pixel_decoder.encoder.layers.0.attentions.0.value_proj.bias",
      "decode_head.pixel_decoder.encoder.layers.0.attentions.0.output_proj.bias",
      "decode_head.pixel_decoder.encoder.layers.0.ffns.0.layers.0.0.bias",
      "decode_head.pixel_decoder.encoder.layers.0.ffns.0.layers.1.bias",
      "decode_head.pixel_decoder.encoder.layers.0.norms.0.weight",
      "decode_head.pixel_decoder.encoder.layers.0.norms.0.bias",
      "decode_head.pixel_decoder.encoder.layers.0.norms.1.weight",
      "decode_head.pixel_decoder.encoder.layers.0.norms.1.bias",
      "decode_head.pixel_decoder.encoder.layers.1.attentions.0.sampling_offsets.weight",
      "decode_head.pixel_decoder.encoder.layers.1.attentions.0.sampling_offsets.bias",
      "decode_head.pixel_decoder.encoder.layers.1.attentions.0.attention_weights.bias",
      "decode_head.pixel_decoder.encoder.layers.1.attentions.0.value_proj.bias",
      "decode_head.pixel_decoder.encoder.layers.1.attentions.0.output_proj.bias",
      "decode_head.pixel_decoder.encoder.layers.1.ffns.0.layers.0.0.bias",
      "decode_head.pixel_decoder.encoder.layers.1.ffns.0.layers.1.bias",
      "decode_head.pixel_decoder.encoder.layers.1.norms.0.weight",
      "decode_head.pixel_decoder.encoder.layers.1.norms.0.bias",
      "decode_head.pixel_decoder.encoder.layers.1.norms.1.weight",
      "decode_head.pixel_decoder.encoder.layers.1.norms.1.bias",
      "decode_head.pixel_decoder.encoder.layers.2.attentions.0.sampling_offsets.weight",
      "decode_head.pixel_decoder.encoder.layers.2.attentions.0.sampling_offsets.bias",
      "decode_head.pixel_decoder.encoder.layers.2.attentions.0.attention_weights.bias",
      "decode_head.pixel_decoder.encoder.layers.2.attentions.0.value_proj.bias",
      "decode_head.pixel_decoder.encoder.layers.2.attentions.0.output_proj.bias",
      "decode_head.pixel_decoder.encoder.layers.2.ffns.0.layers.0.0.bias",
      "decode_head.pixel_decoder.encoder.layers.2.ffns.0.layers.1.bias",
      "decode_head.pixel_decoder.encoder.layers.2.norms.0.weight",
      "decode_head.pixel_decoder.encoder.layers.2.norms.0.bias",
      "decode_head.pixel_decoder.encoder.layers.2.norms.1.weight",
      "decode_head.pixel_decoder.encoder.layers.2.norms.1.bias",
      "decode_head.pixel_decoder.encoder.layers.3.attentions.0.sampling_offsets.weight",
      "decode_head.pixel_decoder.encoder.layers.3.attentions.0.sampling_offsets.bias",
      "decode_head.pixel_decoder.encoder.layers.3.attentions.0.attention_weights.bias",
      "decode_head.pixel_decoder.encoder.layers.3.attentions.0.value_proj.bias",
      "decode_head.pixel_decoder.encoder.layers.3.attentions.0.output_proj.bias",
      "decode_head.pixel_decoder.encoder.layers.3.ffns.0.layers.0.0.bias",
      "decode_head.pixel_decoder.encoder.layers.3.ffns.0.layers.1.bias",
      "decode_head.pixel_decoder.encoder.layers.3.norms.0.weight",
      "decode_head.pixel_decoder.encoder.layers.3.norms.0.bias",
      "decode_head.pixel_decoder.encoder.layers.3.norms.1.weight",
      "decode_head.pixel_decoder.encoder.layers.3.norms.1.bias",
      "decode_head.pixel_decoder.encoder.layers.4.attentions.0.sampling_offsets.weight",
      "decode_head.pixel_decoder.encoder.layers.4.attentions.0.sampling_offsets.bias",
      "decode_head.pixel_decoder.encoder.layers.4.attentions.0.attention_weights.bias",
      "decode_head.pixel_decoder.encoder.layers.4.attentions.0.value_proj.bias",
      "decode_head.pixel_decoder.encoder.layers.4.attentions.0.output_proj.bias",
      "decode_head.pixel_decoder.encoder.layers.4.ffns.0.layers.0.0.bias",
      "decode_head.pixel_decoder.encoder.layers.4.ffns.0.layers.1.bias",
      "decode_head.pixel_decoder.encoder.layers.4.norms.0.weight",
      "decode_head.pixel_decoder.encoder.layers.4.norms.0.bias",
      "decode_head.pixel_decoder.encoder.layers.4.norms.1.weight",
      "decode_head.pixel_decoder.encoder.layers.4.norms.1.bias",
      "decode_head.pixel_decoder.encoder.layers.5.attentions.0.sampling_offsets.weight",
      "decode_head.pixel_decoder.encoder.layers.5.attentions.0.sampling_offsets.bias",
      "decode_head.pixel_decoder.encoder.layers.5.attentions.0.attention_weights.bias",
      "decode_head.pixel_decoder.encoder.layers.5.attentions.0.value_proj.bias",
      "decode_head.pixel_decoder.encoder.layers.5.attentions.0.output_proj.bias",
      "decode_head.pixel_decoder.encoder.layers.5.ffns.0.layers.0.0.bias",
      "decode_head.pixel_decoder.encoder.layers.5.ffns.0.layers.1.bias",
      "decode_head.pixel_decoder.encoder.layers.5.norms.0.weight",
      "decode_head.pixel_decoder.encoder.layers.5.norms.0.bias",
      "decode_head.pixel_decoder.encoder.layers.5.norms.1.weight",
      "decode_head.pixel_decoder.encoder.layers.5.norms.1.bias",
      "decode_head.pixel_decoder.lateral_convs.0.gn.weight",
      "decode_head.pixel_decoder.lateral_convs.0.gn.bias",
      "decode_head.pixel_decoder.output_convs.0.gn.weight",
      "decode_head.pixel_decoder.output_convs.0.gn.bias",
      "decode_head.pixel_decoder.mask_feature.bias",
      "decode_head.transformer_decoder.layers.0.attentions.0.attn.in_proj_bias",
      "decode_head.transformer_decoder.layers.0.attentions.0.attn.out_proj.bias",
      "decode_head.transformer_decoder.layers.0.attentions.1.attn.in_proj_bias",
      "decode_head.transformer_decoder.layers.0.attentions.1.attn.out_proj.bias",
      "decode_head.transformer_decoder.layers.0.ffns.0.layers.0.0.bias",
      "decode_head.transformer_decoder.layers.0.ffns.0.layers.1.bias",
      "decode_head.transformer_decoder.layers.0.norms.0.weight",
      "decode_head.transformer_decoder.layers.0.norms.0.bias",
      "decode_head.transformer_decoder.layers.0.norms.1.weight",
      "decode_head.transformer_decoder.layers.0.norms.1.bias",
      "decode_head.transformer_decoder.layers.0.norms.2.weight",
      "decode_head.transformer_decoder.layers.0.norms.2.bias",
      "decode_head.transformer_decoder.layers.1.attentions.0.attn.in_proj_bias",
      "decode_head.transformer_decoder.layers.1.attentions.0.attn.out_proj.bias",
      "decode_head.transformer_decoder.layers.1.attentions.1.attn.in_proj_bias",
      "decode_head.transformer_decoder.layers.1.attentions.1.attn.out_proj.bias",
      "decode_head.transformer_decoder.layers.1.ffns.0.layers.0.0.bias",
      "decode_head.transformer_decoder.layers.1.ffns.0.layers.1.bias",
      "decode_head.transformer_decoder.layers.1.norms.0.weight",
      "decode_head.transformer_decoder.layers.1.norms.0.bias",
      "decode_head.transformer_decoder.layers.1.norms.1.weight",
      "decode_head.transformer_decoder.layers.1.norms.1.bias",
      "decode_head.transformer_decoder.layers.1.norms.2.weight",
      "decode_head.transformer_decoder.layers.1.norms.2.bias",
      "decode_head.transformer_decoder.layers.2.attentions.0.attn.in_proj_bias",
      "decode_head.transformer_decoder.layers.2.attentions.0.attn.out_proj.bias",
      "decode_head.transformer_decoder.layers.2.attentions.1.attn.in_proj_bias",
      "decode_head.transformer_decoder.layers.2.attentions.1.attn.out_proj.bias",
      "decode_head.transformer_decoder.layers.2.ffns.0.layers.0.0.bias",
      "decode_head.transformer_decoder.layers.2.ffns.0.layers.1.bias",
      "decode_head.transformer_decoder.layers.2.norms.0.weight",
      "decode_head.transformer_decoder.layers.2.norms.0.bias",
      "decode_head.transformer_decoder.layers.2.norms.1.weight",
      "decode_head.transformer_decoder.layers.2.norms.1.bias",
      "decode_head.transformer_decoder.layers.2.norms.2.weight",
      "decode_head.transformer_decoder.layers.2.norms.2.bias",
      "decode_head.transformer_decoder.layers.3.attentions.0.attn.in_proj_bias",
      "decode_head.transformer_decoder.layers.3.attentions.0.attn.out_proj.bias",
      "decode_head.transformer_decoder.layers.3.attentions.1.attn.in_proj_bias",
      "decode_head.transformer_decoder.layers.3.attentions.1.attn.out_proj.bias",
      "decode_head.transformer_decoder.layers.3.ffns.0.layers.0.0.bias",
      "decode_head.transformer_decoder.layers.3.ffns.0.layers.1.bias",
      "decode_head.transformer_decoder.layers.3.norms.0.weight",
      "decode_head.transformer_decoder.layers.3.norms.0.bias",
      "decode_head.transformer_decoder.layers.3.norms.1.weight",
      "decode_head.transformer_decoder.layers.3.norms.1.bias",
      "decode_head.transformer_decoder.layers.3.norms.2.weight",
      "decode_head.transformer_decoder.layers.3.norms.2.bias",
      "decode_head.transformer_decoder.layers.4.attentions.0.attn.in_proj_bias",
      "decode_head.transformer_decoder.layers.4.attentions.0.attn.out_proj.bias",
      "decode_head.transformer_decoder.layers.4.attentions.1.attn.in_proj_bias",
      "decode_head.transformer_decoder.layers.4.attentions.1.attn.out_proj.bias",
      "decode_head.transformer_decoder.layers.4.ffns.0.layers.0.0.bias",
      "decode_head.transformer_decoder.layers.4.ffns.0.layers.1.bias",
      "decode_head.transformer_decoder.layers.4.norms.0.weight",
      "decode_head.transformer_decoder.layers.4.norms.0.bias",
      "decode_head.transformer_decoder.layers.4.norms.1.weight",
      "decode_head.transformer_decoder.layers.4.norms.1.bias",
      "decode_head.transformer_decoder.layers.4.norms.2.weight",
      "decode_head.transformer_decoder.layers.4.norms.2.bias",
      "decode_head.transformer_decoder.layers.5.attentions.0.attn.in_proj_bias",
      "decode_head.transformer_decoder.layers.5.attentions.0.attn.out_proj.bias",
      "decode_head.transformer_decoder.layers.5.attentions.1.attn.in_proj_bias",
      "decode_head.transformer_decoder.layers.5.attentions.1.attn.out_proj.bias",
      "decode_head.transformer_decoder.layers.5.ffns.0.layers.0.0.bias",
      "decode_head.transformer_decoder.layers.5.ffns.0.layers.1.bias",
      "decode_head.transformer_decoder.layers.5.norms.0.weight",
      "decode_head.transformer_decoder.layers.5.norms.0.bias",
      "decode_head.transformer_decoder.layers.5.norms.1.weight",
      "decode_head.transformer_decoder.layers.5.norms.1.bias",
      "decode_head.transformer_decoder.layers.5.norms.2.weight",
      "decode_head.transformer_decoder.layers.5.norms.2.bias",
      "decode_head.transformer_decoder.layers.6.attentions.0.attn.in_proj_bias",
      "decode_head.transformer_decoder.layers.6.attentions.0.attn.out_proj.bias",
      "decode_head.transformer_decoder.layers.6.attentions.1.attn.in_proj_bias",
      "decode_head.transformer_decoder.layers.6.attentions.1.attn.out_proj.bias",
      "decode_head.transformer_decoder.layers.6.ffns.0.layers.0.0.bias",
      "decode_head.transformer_decoder.layers.6.ffns.0.layers.1.bias",
      "decode_head.transformer_decoder.layers.6.norms.0.weight",
      "decode_head.transformer_decoder.layers.6.norms.0.bias",
      "decode_head.transformer_decoder.layers.6.norms.1.weight",
      "decode_head.transformer_decoder.layers.6.norms.1.bias",
      "decode_head.transformer_decoder.layers.6.norms.2.weight",
      "decode_head.transformer_decoder.layers.6.norms.2.bias",
      "decode_head.transformer_decoder.layers.7.attentions.0.attn.in_proj_bias",
      "decode_head.transformer_decoder.layers.7.attentions.0.attn.out_proj.bias",
      "decode_head.transformer_decoder.layers.7.attentions.1.attn.in_proj_bias",
      "decode_head.transformer_decoder.layers.7.attentions.1.attn.out_proj.bias",
      "decode_head.transformer_decoder.layers.7.ffns.0.layers.0.0.bias",
      "decode_head.transformer_decoder.layers.7.ffns.0.layers.1.bias",
      "decode_head.transformer_decoder.layers.7.norms.0.weight",
      "decode_head.transformer_decoder.layers.7.norms.0.bias",
      "decode_head.transformer_decoder.layers.7.norms.1.weight",
      "decode_head.transformer_decoder.layers.7.norms.1.bias",
      "decode_head.transformer_decoder.layers.7.norms.2.weight",
      "decode_head.transformer_decoder.layers.7.norms.2.bias",
      "decode_head.transformer_decoder.layers.8.attentions.0.attn.in_proj_bias",
      "decode_head.transformer_decoder.layers.8.attentions.0.attn.out_proj.bias",
      "decode_head.transformer_decoder.layers.8.attentions.1.attn.in_proj_bias",
      "decode_head.transformer_decoder.layers.8.attentions.1.attn.out_proj.bias",
      "decode_head.transformer_decoder.layers.8.ffns.0.layers.0.0.bias",
      "decode_head.transformer_decoder.layers.8.ffns.0.layers.1.bias",
      "decode_head.transformer_decoder.layers.8.norms.0.weight",
      "decode_head.transformer_decoder.layers.8.norms.0.bias",
      "decode_head.transformer_decoder.layers.8.norms.1.weight",
      "decode_head.transformer_decoder.layers.8.norms.1.bias",
      "decode_head.transformer_decoder.layers.8.norms.2.weight",
      "decode_head.transformer_decoder.layers.8.norms.2.bias",
      "decode_head.transformer_decoder.post_norm.weight",
      "decode_head.transformer_decoder.post_norm.bias"
    ],
    "lr_scale": 1.0,
    "lr": 1e-05,
    "weight_decay": 0.0
  }
}
2026-03-02 15:32:31,660 - mmseg - INFO - Loaded 500 images
2026-03-02 15:32:31,664 - mmseg - INFO - load checkpoint from http path: https://huggingface.co/OpenGVLab/InternImage/resolve/main/mask2former_internimage_h_896x896_80k_mapillary.pth
2026-03-02 15:32:45,030 - mmseg - INFO - Start running, host: sagnihot@dws-13.informatik.uni-mannheim.de, work_dir: /ceph/sagnihot/projects/InternImage/segmentation/work_dirs/baseline
2026-03-02 15:32:45,326 - mmseg - INFO - Hooks will be executed in the following order:
before_run:
(VERY_HIGH   ) PolyLrUpdaterHook                  
(NORMAL      ) CheckpointHook                     
(LOW         ) DistEvalHook                       
(VERY_LOW    ) TextLoggerHook                     
 -------------------- 
before_train_epoch:
(VERY_HIGH   ) PolyLrUpdaterHook                  
(LOW         ) IterTimerHook                      
(LOW         ) DistEvalHook                       
(VERY_LOW    ) TextLoggerHook                     
 -------------------- 
before_train_iter:
(VERY_HIGH   ) PolyLrUpdaterHook                  
(LOW         ) IterTimerHook                      
(LOW         ) DistEvalHook                       
 -------------------- 
after_train_iter:
(ABOVE_NORMAL) OptimizerHook                      
(NORMAL      ) CheckpointHook                     
(LOW         ) IterTimerHook                      
(LOW         ) DistEvalHook                       
(VERY_LOW    ) TextLoggerHook                     
 -------------------- 
after_train_epoch:
(NORMAL      ) CheckpointHook                     
(LOW         ) DistEvalHook                       
(VERY_LOW    ) TextLoggerHook                     
 -------------------- 
before_val_epoch:
(LOW         ) IterTimerHook                      
(VERY_LOW    ) TextLoggerHook                     
 -------------------- 
before_val_iter:
(LOW         ) IterTimerHook                      
 -------------------- 
after_val_iter:
(LOW         ) IterTimerHook                      
 -------------------- 
after_val_epoch:
(VERY_LOW    ) TextLoggerHook                     
 -------------------- 
after_run:
(VERY_LOW    ) TextLoggerHook                     
 -------------------- 
2026-03-02 15:32:45,351 - mmseg - INFO - workflow: [('train', 1)], max: 80000 iters
2026-03-02 15:32:45,351 - mmseg - INFO - Checkpoints will be saved to /ceph/sagnihot/projects/InternImage/segmentation/work_dirs/baseline by HardDiskBackend.
/ceph/sagnihot/miniconda3/envs/internimage/lib/python3.9/site-packages/torch/utils/cpp_extension.py:28: UserWarning: pkg_resources is deprecated as an API. See https://setuptools.pypa.io/en/latest/pkg_resources.html. The pkg_resources package is slated for removal as early as 2025-11-30. Refrain from using this package or pin to Setuptools<81.
  from pkg_resources import packaging  # type: ignore[attr-defined]
/ceph/sagnihot/miniconda3/envs/internimage/lib/python3.9/site-packages/torch/utils/cpp_extension.py:28: UserWarning: pkg_resources is deprecated as an API. See https://setuptools.pypa.io/en/latest/pkg_resources.html. The pkg_resources package is slated for removal as early as 2025-11-30. Refrain from using this package or pin to Setuptools<81.
  from pkg_resources import packaging  # type: ignore[attr-defined]
/ceph/sagnihot/projects/InternImage/segmentation/ops_dcnv3/modules/dcnv3.py:21: UserWarning: Now, we support DCNv4 in InternImage.
  warnings.warn('Now, we support DCNv4 in InternImage.')
/ceph/sagnihot/projects/InternImage/segmentation/ops_dcnv3/modules/dcnv3.py:21: UserWarning: Now, we support DCNv4 in InternImage.
  warnings.warn('Now, we support DCNv4 in InternImage.')
/ceph/sagnihot/miniconda3/envs/internimage/lib/python3.9/site-packages/torch/utils/cpp_extension.py:28: UserWarning: pkg_resources is deprecated as an API. See https://setuptools.pypa.io/en/latest/pkg_resources.html. The pkg_resources package is slated for removal as early as 2025-11-30. Refrain from using this package or pin to Setuptools<81.
  from pkg_resources import packaging  # type: ignore[attr-defined]
/ceph/sagnihot/miniconda3/envs/internimage/lib/python3.9/site-packages/torch/utils/cpp_extension.py:28: UserWarning: pkg_resources is deprecated as an API. See https://setuptools.pypa.io/en/latest/pkg_resources.html. The pkg_resources package is slated for removal as early as 2025-11-30. Refrain from using this package or pin to Setuptools<81.
  from pkg_resources import packaging  # type: ignore[attr-defined]
/ceph/sagnihot/projects/InternImage/segmentation/ops_dcnv3/modules/dcnv3.py:21: UserWarning: Now, we support DCNv4 in InternImage.
  warnings.warn('Now, we support DCNv4 in InternImage.')
/ceph/sagnihot/projects/InternImage/segmentation/ops_dcnv3/modules/dcnv3.py:21: UserWarning: Now, we support DCNv4 in InternImage.
  warnings.warn('Now, we support DCNv4 in InternImage.')
/ceph/sagnihot/miniconda3/envs/internimage/lib/python3.9/site-packages/torch/utils/cpp_extension.py:28: UserWarning: pkg_resources is deprecated as an API. See https://setuptools.pypa.io/en/latest/pkg_resources.html. The pkg_resources package is slated for removal as early as 2025-11-30. Refrain from using this package or pin to Setuptools<81.
  from pkg_resources import packaging  # type: ignore[attr-defined]
/ceph/sagnihot/miniconda3/envs/internimage/lib/python3.9/site-packages/torch/utils/cpp_extension.py:28: UserWarning: pkg_resources is deprecated as an API. See https://setuptools.pypa.io/en/latest/pkg_resources.html. The pkg_resources package is slated for removal as early as 2025-11-30. Refrain from using this package or pin to Setuptools<81.
  from pkg_resources import packaging  # type: ignore[attr-defined]
/ceph/sagnihot/projects/InternImage/segmentation/ops_dcnv3/modules/dcnv3.py:21: UserWarning: Now, we support DCNv4 in InternImage.
  warnings.warn('Now, we support DCNv4 in InternImage.')
/ceph/sagnihot/projects/InternImage/segmentation/ops_dcnv3/modules/dcnv3.py:21: UserWarning: Now, we support DCNv4 in InternImage.
  warnings.warn('Now, we support DCNv4 in InternImage.')
/ceph/sagnihot/miniconda3/envs/internimage/lib/python3.9/site-packages/torch/utils/cpp_extension.py:28: UserWarning: pkg_resources is deprecated as an API. See https://setuptools.pypa.io/en/latest/pkg_resources.html. The pkg_resources package is slated for removal as early as 2025-11-30. Refrain from using this package or pin to Setuptools<81.
  from pkg_resources import packaging  # type: ignore[attr-defined]
/ceph/sagnihot/miniconda3/envs/internimage/lib/python3.9/site-packages/torch/utils/cpp_extension.py:28: UserWarning: pkg_resources is deprecated as an API. See https://setuptools.pypa.io/en/latest/pkg_resources.html. The pkg_resources package is slated for removal as early as 2025-11-30. Refrain from using this package or pin to Setuptools<81.
  from pkg_resources import packaging  # type: ignore[attr-defined]
/ceph/sagnihot/projects/InternImage/segmentation/ops_dcnv3/modules/dcnv3.py:21: UserWarning: Now, we support DCNv4 in InternImage.
  warnings.warn('Now, we support DCNv4 in InternImage.')
/ceph/sagnihot/projects/InternImage/segmentation/ops_dcnv3/modules/dcnv3.py:21: UserWarning: Now, we support DCNv4 in InternImage.
  warnings.warn('Now, we support DCNv4 in InternImage.')
/ceph/sagnihot/miniconda3/envs/internimage/lib/python3.9/site-packages/torch/utils/cpp_extension.py:28: UserWarning: pkg_resources is deprecated as an API. See https://setuptools.pypa.io/en/latest/pkg_resources.html. The pkg_resources package is slated for removal as early as 2025-11-30. Refrain from using this package or pin to Setuptools<81.
  from pkg_resources import packaging  # type: ignore[attr-defined]
/ceph/sagnihot/miniconda3/envs/internimage/lib/python3.9/site-packages/torch/utils/cpp_extension.py:28: UserWarning: pkg_resources is deprecated as an API. See https://setuptools.pypa.io/en/latest/pkg_resources.html. The pkg_resources package is slated for removal as early as 2025-11-30. Refrain from using this package or pin to Setuptools<81.
  from pkg_resources import packaging  # type: ignore[attr-defined]
/ceph/sagnihot/projects/InternImage/segmentation/ops_dcnv3/modules/dcnv3.py:21: UserWarning: Now, we support DCNv4 in InternImage.
  warnings.warn('Now, we support DCNv4 in InternImage.')
/ceph/sagnihot/projects/InternImage/segmentation/ops_dcnv3/modules/dcnv3.py:21: UserWarning: Now, we support DCNv4 in InternImage.
  warnings.warn('Now, we support DCNv4 in InternImage.')
/ceph/sagnihot/miniconda3/envs/internimage/lib/python3.9/site-packages/torch/utils/cpp_extension.py:28: UserWarning: pkg_resources is deprecated as an API. See https://setuptools.pypa.io/en/latest/pkg_resources.html. The pkg_resources package is slated for removal as early as 2025-11-30. Refrain from using this package or pin to Setuptools<81.
  from pkg_resources import packaging  # type: ignore[attr-defined]
/ceph/sagnihot/miniconda3/envs/internimage/lib/python3.9/site-packages/torch/utils/cpp_extension.py:28: UserWarning: pkg_resources is deprecated as an API. See https://setuptools.pypa.io/en/latest/pkg_resources.html. The pkg_resources package is slated for removal as early as 2025-11-30. Refrain from using this package or pin to Setuptools<81.
  from pkg_resources import packaging  # type: ignore[attr-defined]
/ceph/sagnihot/projects/InternImage/segmentation/ops_dcnv3/modules/dcnv3.py:21: UserWarning: Now, we support DCNv4 in InternImage.
  warnings.warn('Now, we support DCNv4 in InternImage.')
/ceph/sagnihot/projects/InternImage/segmentation/ops_dcnv3/modules/dcnv3.py:21: UserWarning: Now, we support DCNv4 in InternImage.
  warnings.warn('Now, we support DCNv4 in InternImage.')
/ceph/sagnihot/miniconda3/envs/internimage/lib/python3.9/site-packages/torch/utils/cpp_extension.py:28: UserWarning: pkg_resources is deprecated as an API. See https://setuptools.pypa.io/en/latest/pkg_resources.html. The pkg_resources package is slated for removal as early as 2025-11-30. Refrain from using this package or pin to Setuptools<81.
  from pkg_resources import packaging  # type: ignore[attr-defined]
/ceph/sagnihot/miniconda3/envs/internimage/lib/python3.9/site-packages/torch/utils/cpp_extension.py:28: UserWarning: pkg_resources is deprecated as an API. See https://setuptools.pypa.io/en/latest/pkg_resources.html. The pkg_resources package is slated for removal as early as 2025-11-30. Refrain from using this package or pin to Setuptools<81.
  from pkg_resources import packaging  # type: ignore[attr-defined]
/ceph/sagnihot/projects/InternImage/segmentation/ops_dcnv3/modules/dcnv3.py:21: UserWarning: Now, we support DCNv4 in InternImage.
  warnings.warn('Now, we support DCNv4 in InternImage.')
/ceph/sagnihot/projects/InternImage/segmentation/ops_dcnv3/modules/dcnv3.py:21: UserWarning: Now, we support DCNv4 in InternImage.
  warnings.warn('Now, we support DCNv4 in InternImage.')
/ceph/sagnihot/miniconda3/envs/internimage/lib/python3.9/site-packages/torch/utils/cpp_extension.py:28: UserWarning: pkg_resources is deprecated as an API. See https://setuptools.pypa.io/en/latest/pkg_resources.html. The pkg_resources package is slated for removal as early as 2025-11-30. Refrain from using this package or pin to Setuptools<81.
  from pkg_resources import packaging  # type: ignore[attr-defined]
/ceph/sagnihot/miniconda3/envs/internimage/lib/python3.9/site-packages/torch/utils/cpp_extension.py:28: UserWarning: pkg_resources is deprecated as an API. See https://setuptools.pypa.io/en/latest/pkg_resources.html. The pkg_resources package is slated for removal as early as 2025-11-30. Refrain from using this package or pin to Setuptools<81.
  from pkg_resources import packaging  # type: ignore[attr-defined]
/ceph/sagnihot/projects/InternImage/segmentation/ops_dcnv3/modules/dcnv3.py:21: UserWarning: Now, we support DCNv4 in InternImage.
  warnings.warn('Now, we support DCNv4 in InternImage.')
/ceph/sagnihot/projects/InternImage/segmentation/ops_dcnv3/modules/dcnv3.py:21: UserWarning: Now, we support DCNv4 in InternImage.
  warnings.warn('Now, we support DCNv4 in InternImage.')
/ceph/sagnihot/miniconda3/envs/internimage/lib/python3.9/site-packages/torch/utils/cpp_extension.py:28: UserWarning: pkg_resources is deprecated as an API. See https://setuptools.pypa.io/en/latest/pkg_resources.html. The pkg_resources package is slated for removal as early as 2025-11-30. Refrain from using this package or pin to Setuptools<81.
  from pkg_resources import packaging  # type: ignore[attr-defined]
/ceph/sagnihot/miniconda3/envs/internimage/lib/python3.9/site-packages/torch/utils/cpp_extension.py:28: UserWarning: pkg_resources is deprecated as an API. See https://setuptools.pypa.io/en/latest/pkg_resources.html. The pkg_resources package is slated for removal as early as 2025-11-30. Refrain from using this package or pin to Setuptools<81.
  from pkg_resources import packaging  # type: ignore[attr-defined]
/ceph/sagnihot/projects/InternImage/segmentation/ops_dcnv3/modules/dcnv3.py:21: UserWarning: Now, we support DCNv4 in InternImage.
  warnings.warn('Now, we support DCNv4 in InternImage.')
/ceph/sagnihot/projects/InternImage/segmentation/ops_dcnv3/modules/dcnv3.py:21: UserWarning: Now, we support DCNv4 in InternImage.
  warnings.warn('Now, we support DCNv4 in InternImage.')
/ceph/sagnihot/miniconda3/envs/internimage/lib/python3.9/site-packages/torch/utils/cpp_extension.py:28: UserWarning: pkg_resources is deprecated as an API. See https://setuptools.pypa.io/en/latest/pkg_resources.html. The pkg_resources package is slated for removal as early as 2025-11-30. Refrain from using this package or pin to Setuptools<81.
  from pkg_resources import packaging  # type: ignore[attr-defined]
/ceph/sagnihot/miniconda3/envs/internimage/lib/python3.9/site-packages/torch/utils/cpp_extension.py:28: UserWarning: pkg_resources is deprecated as an API. See https://setuptools.pypa.io/en/latest/pkg_resources.html. The pkg_resources package is slated for removal as early as 2025-11-30. Refrain from using this package or pin to Setuptools<81.
  from pkg_resources import packaging  # type: ignore[attr-defined]
/ceph/sagnihot/projects/InternImage/segmentation/ops_dcnv3/modules/dcnv3.py:21: UserWarning: Now, we support DCNv4 in InternImage.
  warnings.warn('Now, we support DCNv4 in InternImage.')
/ceph/sagnihot/projects/InternImage/segmentation/ops_dcnv3/modules/dcnv3.py:21: UserWarning: Now, we support DCNv4 in InternImage.
  warnings.warn('Now, we support DCNv4 in InternImage.')
[2026-03-02T15:33:11.389] error: *** JOB 173476 ON dws-13 CANCELLED AT 2026-03-02T15:33:11 DUE to SIGNAL Terminated ***
